ISO-10303-21;
HEADER;
FILE_DESCRIPTION((' Model'),'2;1');
FILE_NAME(' Shape Model','2026-09-15T19:42:03',(''),(
    ''),' ','','Unknown');
FILE_SCHEMA(('AUTOMOTIVE_DESIGN { 1 0 10303 214 1 1 1 1 }'));
ENDSEC;
DATA;
#1 = APPLICATION_PROTOCOL_DEFINITION('international standard',
  'automotive_design',2000,#2);
#2 = APPLICATION_CONTEXT(
  'core data for automotive mechanical design processes');
#3 = SHAPE_DEFINITION_REPRESENTATION(#4,#10);
#4 = PRODUCT_DEFINITION_SHAPE('','',#5);
#5 = PRODUCT_DEFINITION('design','',#6,#9);
#6 = PRODUCT_DEFINITION_FORMATION('','',#7);
#7 = PRODUCT(' STEP translator 7.5 1',
  ' STEP translator 7.5 1','',(#8));
#8 = PRODUCT_CONTEXT('',#2,'mechanical');
#9 = PRODUCT_DEFINITION_CONTEXT('part definition',#2,'design');
#10 = SHAPE_REPRESENTATION('',(#11,#15,#19,#23,#27,#31,#35,#39,#43,#47,
    #51,#55,#59,#63,#67,#71,#75),#79);
#11 = AXIS2_PLACEMENT_3D('',#12,#13,#14);
#12 = CARTESIAN_POINT('',(0.,0.,0.));
#13 = DIRECTION('',(0.,0.,1.));
#14 = DIRECTION('',(1.,0.,-0.));
#15 = AXIS2_PLACEMENT_3D('',#16,#17,#18);
#16 = CARTESIAN_POINT('',(0.,0.,0.));
#17 = DIRECTION('',(0.,0.,1.));
#18 = DIRECTION('',(1.,0.,-0.));
#19 = AXIS2_PLACEMENT_3D('',#20,#21,#22);
#20 = CARTESIAN_POINT('',(0.,0.,0.));
#21 = DIRECTION('',(0.,0.,1.));
#22 = DIRECTION('',(1.,0.,-0.));
#23 = AXIS2_PLACEMENT_3D('',#24,#25,#26);
#24 = CARTESIAN_POINT('',(0.,0.,0.));
#25 = DIRECTION('',(0.,0.,1.));
#26 = DIRECTION('',(1.,0.,-0.));
#27 = AXIS2_PLACEMENT_3D('',#28,#29,#30);
#28 = CARTESIAN_POINT('',(0.,0.,0.));
#29 = DIRECTION('',(0.,0.,1.));
#30 = DIRECTION('',(1.,0.,-0.));
#31 = AXIS2_PLACEMENT_3D('',#32,#33,#34);
#32 = CARTESIAN_POINT('',(0.,0.,0.));
#33 = DIRECTION('',(0.,0.,1.));
#34 = DIRECTION('',(1.,0.,-0.));
#35 = AXIS2_PLACEMENT_3D('',#36,#37,#38);
#36 = CARTESIAN_POINT('',(0.,0.,0.));
#37 = DIRECTION('',(0.,0.,1.));
#38 = DIRECTION('',(1.,0.,-0.));
#39 = AXIS2_PLACEMENT_3D('',#40,#41,#42);
#40 = CARTESIAN_POINT('',(0.,0.,0.));
#41 = DIRECTION('',(0.,0.,1.));
#42 = DIRECTION('',(1.,0.,-0.));
#43 = AXIS2_PLACEMENT_3D('',#44,#45,#46);
#44 = CARTESIAN_POINT('',(0.,0.,0.));
#45 = DIRECTION('',(0.,0.,1.));
#46 = DIRECTION('',(1.,0.,-0.));
#47 = AXIS2_PLACEMENT_3D('',#48,#49,#50);
#48 = CARTESIAN_POINT('',(0.,0.,0.));
#49 = DIRECTION('',(0.,0.,1.));
#50 = DIRECTION('',(1.,0.,-0.));
#51 = AXIS2_PLACEMENT_3D('',#52,#53,#54);
#52 = CARTESIAN_POINT('',(0.,0.,0.));
#53 = DIRECTION('',(0.,0.,1.));
#54 = DIRECTION('',(1.,0.,-0.));
#55 = AXIS2_PLACEMENT_3D('',#56,#57,#58);
#56 = CARTESIAN_POINT('',(0.,0.,0.));
#57 = DIRECTION('',(0.,0.,1.));
#58 = DIRECTION('',(1.,0.,-0.));
#59 = AXIS2_PLACEMENT_3D('',#60,#61,#62);
#60 = CARTESIAN_POINT('',(0.,0.,0.));
#61 = DIRECTION('',(0.,0.,1.));
#62 = DIRECTION('',(1.,0.,-0.));
#63 = AXIS2_PLACEMENT_3D('',#64,#65,#66);
#64 = CARTESIAN_POINT('',(0.,0.,0.));
#65 = DIRECTION('',(0.,0.,1.));
#66 = DIRECTION('',(1.,0.,-0.));
#67 = AXIS2_PLACEMENT_3D('',#68,#69,#70);
#68 = CARTESIAN_POINT('',(0.,0.,0.));
#69 = DIRECTION('',(0.,0.,1.));
#70 = DIRECTION('',(1.,0.,-0.));
#71 = AXIS2_PLACEMENT_3D('',#72,#73,#74);
#72 = CARTESIAN_POINT('',(0.,0.,0.));
#73 = DIRECTION('',(0.,0.,1.));
#74 = DIRECTION('',(1.,0.,-0.));
#75 = AXIS2_PLACEMENT_3D('',#76,#77,#78);
#76 = CARTESIAN_POINT('',(0.,0.,0.));
#77 = DIRECTION('',(0.,0.,1.));
#78 = DIRECTION('',(1.,0.,-0.));
#79 = ( GEOMETRIC_REPRESENTATION_CONTEXT(3) 
GLOBAL_UNCERTAINTY_ASSIGNED_CONTEXT((#83)) GLOBAL_UNIT_ASSIGNED_CONTEXT(
(#80,#81,#82)) REPRESENTATION_CONTEXT('Context #1',
  '3D Context with UNIT and UNCERTAINTY') );
#80 = ( LENGTH_UNIT() NAMED_UNIT(*) SI_UNIT(.MILLI.,.METRE.) );
#81 = ( NAMED_UNIT(*) PLANE_ANGLE_UNIT() SI_UNIT($,.RADIAN.) );
#82 = ( NAMED_UNIT(*) SI_UNIT($,.STERADIAN.) SOLID_ANGLE_UNIT() );
#83 = UNCERTAINTY_MEASURE_WITH_UNIT(LENGTH_MEASURE(1.E-07),#80,
  'distance_accuracy_value','confusion accuracy');
#84 = PRODUCT_RELATED_PRODUCT_CATEGORY('part',$,(#7));
#85 = MANIFOLD_SURFACE_SHAPE_REPRESENTATION('',(#11,#86),#5762);
#86 = SHELL_BASED_SURFACE_MODEL('',(#87));
#87 = CLOSED_SHELL('',(#88,#177,#233,#284,#340,#396,#452,#508,#564,#620,
    #676,#732,#788,#844,#900,#956,#1012,#1068,#1124,#1180,#1236,#1292,
    #1348,#1404,#1460,#1516,#1572,#1661,#1717,#1773,#1829,#1885,#1941,
    #1997,#2053,#2135,#2165,#2221,#2277,#2333,#2389,#2445,#2501,#2557,
    #2613,#2669,#2725,#2781,#2837,#2893,#2949,#3005,#3061,#3117,#3173,
    #3229,#3285,#3341,#3397,#3453,#3509,#3558,#3588,#3639,#3695,#3751,
    #3802,#3853,#3909,#3965,#4021,#4070,#4100,#4144,#4169,#4194,#4200,
    #4225,#4250,#4275,#4300,#4325,#4350,#4375,#4400,#4425,#4450,#4475,
    #4500,#4525,#4550,#4575,#4600,#4625,#4650,#4675,#4700,#4725,#4750,
    #4775,#4800,#4825,#4850,#4875,#4900,#4925,#4931,#4975,#5000,#5025,
    #5050,#5075,#5100,#5125,#5150,#5175,#5200,#5225,#5250,#5275,#5300,
    #5325,#5350,#5375,#5400,#5425,#5450,#5475,#5500,#5525,#5550,#5575,
    #5600,#5625,#5650,#5675,#5700,#5706,#5731,#5756));
#88 = ADVANCED_FACE('',(#89),#103,.T.);
#89 = FACE_BOUND('',#90,.T.);
#90 = EDGE_LOOP('',(#91,#125,#152));
#91 = ORIENTED_EDGE('',*,*,#92,.T.);
#92 = EDGE_CURVE('',#93,#95,#97,.T.);
#93 = VERTEX_POINT('',#94);
#94 = CARTESIAN_POINT('',(-1.281633377075,0.79961669445,0.864000022411)
  );
#95 = VERTEX_POINT('',#96);
#96 = CARTESIAN_POINT('',(-1.281633377075,0.79961669445,0.865999996662)
  );
#97 = SURFACE_CURVE('',#98,(#102,#114),.PCURVE_S1.);
#98 = LINE('',#99,#100);
#99 = CARTESIAN_POINT('',(-1.281633377075,0.79961669445,0.864000022411)
  );
#100 = VECTOR('',#101,1.);
#101 = DIRECTION('',(0.,0.,1.));
#102 = PCURVE('',#103,#108);
#103 = PLANE('',#104);
#104 = AXIS2_PLACEMENT_3D('',#105,#106,#107);
#105 = CARTESIAN_POINT('',(-1.277382764448,0.802592988961,0.864543959111
    ));
#106 = DIRECTION('',(-0.573574303614,0.819153537644,3.630093139067E-16)
  );
#107 = DIRECTION('',(0.819153537644,0.573574303614,-2.465190328816E-32)
  );
#108 = DEFINITIONAL_REPRESENTATION('',(#109),#113);
#109 = LINE('',#110,#111);
#110 = CARTESIAN_POINT('',(-5.189030421983E-03,5.439367001174E-04));
#111 = VECTOR('',#112,1.);
#112 = DIRECTION('',(0.,-1.));
#113 = ( GEOMETRIC_REPRESENTATION_CONTEXT(2) 
PARAMETRIC_REPRESENTATION_CONTEXT() REPRESENTATION_CONTEXT('2D SPACE',''
  ) );
#114 = PCURVE('',#115,#120);
#115 = PLANE('',#116);
#116 = AXIS2_PLACEMENT_3D('',#117,#118,#119);
#117 = CARTESIAN_POINT('',(-1.285302564271,0.795947507255,0.865456059837
    ));
#118 = DIRECTION('',(-0.707106781187,0.707106781187,-0.));
#119 = DIRECTION('',(-0.707106781187,-0.707106781187,0.));
#120 = DEFINITIONAL_REPRESENTATION('',(#121),#124);
#121 = B_SPLINE_CURVE_WITH_KNOTS('',1,(#122,#123),.UNSPECIFIED.,.F.,.F.,
  (2,2),(0.,1.999974250793E-03),.PIECEWISE_BEZIER_KNOTS.);
#122 = CARTESIAN_POINT('',(-5.18901429514E-03,-1.456037426109E-03));
#123 = CARTESIAN_POINT('',(-5.18901429514E-03,5.439368246848E-04));
#124 = ( GEOMETRIC_REPRESENTATION_CONTEXT(2) 
PARAMETRIC_REPRESENTATION_CONTEXT() REPRESENTATION_CONTEXT('2D SPACE',''
  ) );
#125 = ORIENTED_EDGE('',*,*,#126,.T.);
#126 = EDGE_CURVE('',#95,#127,#129,.T.);
#127 = VERTEX_POINT('',#128);
#128 = CARTESIAN_POINT('',(-1.272385001183,0.806092441082,0.864000022411
    ));
#129 = SURFACE_CURVE('',#130,(#134,#141),.PCURVE_S1.);
#130 = LINE('',#131,#132);
#131 = CARTESIAN_POINT('',(-1.281633377075,0.79961669445,0.865999996662)
  );
#132 = VECTOR('',#133,1.);
#133 = DIRECTION('',(0.806595929792,0.564781420659,-0.174427500472));
#134 = PCURVE('',#103,#135);
#135 = DEFINITIONAL_REPRESENTATION('',(#136),#140);
#136 = LINE('',#137,#138);
#137 = CARTESIAN_POINT('',(-5.189030421983E-03,-1.456037550676E-03));
#138 = VECTOR('',#139,1.);
#139 = DIRECTION('',(0.984670019387,0.174427500472));
#140 = ( GEOMETRIC_REPRESENTATION_CONTEXT(2) 
PARAMETRIC_REPRESENTATION_CONTEXT() REPRESENTATION_CONTEXT('2D SPACE',''
  ) );
#141 = PCURVE('',#142,#147);
#142 = PLANE('',#143);
#143 = AXIS2_PLACEMENT_3D('',#144,#145,#146);
#144 = CARTESIAN_POINT('',(-1.27663561381,0.803116146571,0.865456059962)
  );
#145 = DIRECTION('',(-0.573574303614,0.819153537644,-2.17805588344E-15)
  );
#146 = DIRECTION('',(0.819153537644,0.573574303614,1.972152263053E-31));
#147 = DEFINITIONAL_REPRESENTATION('',(#148),#151);
#148 = B_SPLINE_CURVE_WITH_KNOTS('',1,(#149,#150),.UNSPECIFIED.,.F.,.F.,
  (2,2),(0.,1.14659342442E-02),.PIECEWISE_BEZIER_KNOTS.);
#149 = CARTESIAN_POINT('',(-6.101131272542E-03,-5.439367001174E-04));
#150 = CARTESIAN_POINT('',(5.189030421983E-03,1.456037550676E-03));
#151 = ( GEOMETRIC_REPRESENTATION_CONTEXT(2) 
PARAMETRIC_REPRESENTATION_CONTEXT() REPRESENTATION_CONTEXT('2D SPACE',''
  ) );
#152 = ORIENTED_EDGE('',*,*,#153,.T.);
#153 = EDGE_CURVE('',#127,#93,#154,.T.);
#154 = SURFACE_CURVE('',#155,(#159,#166),.PCURVE_S1.);
#155 = LINE('',#156,#157);
#156 = CARTESIAN_POINT('',(-1.272385001183,0.806092441082,0.864000022411
    ));
#157 = VECTOR('',#158,1.);
#158 = DIRECTION('',(-0.819153537644,-0.573574303614,0.));
#159 = PCURVE('',#103,#160);
#160 = DEFINITIONAL_REPRESENTATION('',(#161),#165);
#161 = LINE('',#162,#163);
#162 = CARTESIAN_POINT('',(6.101131272542E-03,5.439367001174E-04));
#163 = VECTOR('',#164,1.);
#164 = DIRECTION('',(-1.,8.510509805604E-32));
#165 = ( GEOMETRIC_REPRESENTATION_CONTEXT(2) 
PARAMETRIC_REPRESENTATION_CONTEXT() REPRESENTATION_CONTEXT('2D SPACE',''
  ) );
#166 = PCURVE('',#167,#172);
#167 = PLANE('',#168);
#168 = AXIS2_PLACEMENT_3D('',#169,#170,#171);
#169 = CARTESIAN_POINT('',(-1.272016254272,0.805453743105,0.864000022411
    ));
#170 = DIRECTION('',(-2.214515022739E-26,3.799142010798E-26,-1.));
#171 = DIRECTION('',(0.,-1.,-3.799142010798E-26));
#172 = DEFINITIONAL_REPRESENTATION('',(#173),#176);
#173 = B_SPLINE_CURVE_WITH_KNOTS('',1,(#174,#175),.UNSPECIFIED.,.F.,.F.,
  (2,2),(0.,1.129016169452E-02),.PIECEWISE_BEZIER_KNOTS.);
#174 = CARTESIAN_POINT('',(-6.386979773443E-04,3.68746910512E-04));
#175 = CARTESIAN_POINT('',(5.837048654278E-03,9.617122803151E-03));
#176 = ( GEOMETRIC_REPRESENTATION_CONTEXT(2) 
PARAMETRIC_REPRESENTATION_CONTEXT() REPRESENTATION_CONTEXT('2D SPACE',''
  ) );
#177 = ADVANCED_FACE('',(#178),#142,.T.);
#178 = FACE_BOUND('',#179,.T.);
#179 = EDGE_LOOP('',(#180,#181,#208));
#180 = ORIENTED_EDGE('',*,*,#126,.F.);
#181 = ORIENTED_EDGE('',*,*,#182,.T.);
#182 = EDGE_CURVE('',#95,#183,#185,.T.);
#183 = VERTEX_POINT('',#184);
#184 = CARTESIAN_POINT('',(-1.272385001183,0.806092441082,0.865999996662
    ));
#185 = SURFACE_CURVE('',#186,(#190,#197),.PCURVE_S1.);
#186 = LINE('',#187,#188);
#187 = CARTESIAN_POINT('',(-1.281633377075,0.79961669445,0.865999996662)
  );
#188 = VECTOR('',#189,1.);
#189 = DIRECTION('',(0.819153537644,0.573574303614,0.));
#190 = PCURVE('',#142,#191);
#191 = DEFINITIONAL_REPRESENTATION('',(#192),#196);
#192 = LINE('',#193,#194);
#193 = CARTESIAN_POINT('',(-6.101131272542E-03,-5.439367001174E-04));
#194 = VECTOR('',#195,1.);
#195 = DIRECTION('',(1.,1.043559953056E-30));
#196 = ( GEOMETRIC_REPRESENTATION_CONTEXT(2) 
PARAMETRIC_REPRESENTATION_CONTEXT() REPRESENTATION_CONTEXT('2D SPACE',''
  ) );
#197 = PCURVE('',#198,#203);
#198 = PLANE('',#199);
#199 = AXIS2_PLACEMENT_3D('',#200,#201,#202);
#200 = CARTESIAN_POINT('',(-1.281159282052,0.799051713696,0.865999996662
    ));
#201 = DIRECTION('',(9.153368542775E-26,-1.089577152662E-25,1.));
#202 = DIRECTION('',(0.,1.,1.089577152662E-25));
#203 = DEFINITIONAL_REPRESENTATION('',(#204),#207);
#204 = B_SPLINE_CURVE_WITH_KNOTS('',1,(#205,#206),.UNSPECIFIED.,.F.,.F.,
  (2,2),(0.,1.129016169452E-02),.PIECEWISE_BEZIER_KNOTS.);
#205 = CARTESIAN_POINT('',(5.64980754436E-04,4.740950232884E-04));
#206 = CARTESIAN_POINT('',(7.040727386058E-03,-8.774280869351E-03));
#207 = ( GEOMETRIC_REPRESENTATION_CONTEXT(2) 
PARAMETRIC_REPRESENTATION_CONTEXT() REPRESENTATION_CONTEXT('2D SPACE',''
  ) );
#208 = ORIENTED_EDGE('',*,*,#209,.F.);
#209 = EDGE_CURVE('',#127,#183,#210,.T.);
#210 = SURFACE_CURVE('',#211,(#215,#221),.PCURVE_S1.);
#211 = LINE('',#212,#213);
#212 = CARTESIAN_POINT('',(-1.272385001183,0.806092441082,0.864000022411
    ));
#213 = VECTOR('',#214,1.);
#214 = DIRECTION('',(0.,0.,1.));
#215 = PCURVE('',#142,#216);
#216 = DEFINITIONAL_REPRESENTATION('',(#217),#220);
#217 = B_SPLINE_CURVE_WITH_KNOTS('',1,(#218,#219),.UNSPECIFIED.,.F.,.F.,
  (2,2),(0.,1.999974250793E-03),.PIECEWISE_BEZIER_KNOTS.);
#218 = CARTESIAN_POINT('',(5.189030421983E-03,1.456037550676E-03));
#219 = CARTESIAN_POINT('',(5.189030421983E-03,-5.439367001174E-04));
#220 = ( GEOMETRIC_REPRESENTATION_CONTEXT(2) 
PARAMETRIC_REPRESENTATION_CONTEXT() REPRESENTATION_CONTEXT('2D SPACE',''
  ) );
#221 = PCURVE('',#222,#227);
#222 = PLANE('',#223);
#223 = AXIS2_PLACEMENT_3D('',#224,#225,#226);
#224 = CARTESIAN_POINT('',(-1.267682157622,0.808285439467,0.864543959154
    ));
#225 = DIRECTION('',(-0.422622443457,0.906305837059,7.260185334721E-16)
  );
#226 = DIRECTION('',(0.906305837059,0.422622443457,0.));
#227 = DEFINITIONAL_REPRESENTATION('',(#228),#232);
#228 = LINE('',#229,#230);
#229 = CARTESIAN_POINT('',(-5.189024905492E-03,5.43936742728E-04));
#230 = VECTOR('',#231,1.);
#231 = DIRECTION('',(0.,-1.));
#232 = ( GEOMETRIC_REPRESENTATION_CONTEXT(2) 
PARAMETRIC_REPRESENTATION_CONTEXT() REPRESENTATION_CONTEXT('2D SPACE',''
  ) );
#233 = ADVANCED_FACE('',(#234),#222,.T.);
#234 = FACE_BOUND('',#235,.T.);
#235 = EDGE_LOOP('',(#236,#237,#264));
#236 = ORIENTED_EDGE('',*,*,#209,.T.);
#237 = ORIENTED_EDGE('',*,*,#238,.T.);
#238 = EDGE_CURVE('',#183,#239,#241,.T.);
#239 = VERTEX_POINT('',#240);
#240 = CARTESIAN_POINT('',(-1.262152671814,0.810863912106,0.864000022411
    ));
#241 = SURFACE_CURVE('',#242,(#246,#253),.PCURVE_S1.);
#242 = LINE('',#243,#244);
#243 = CARTESIAN_POINT('',(-1.272385001183,0.806092441082,0.865999996662
    ));
#244 = VECTOR('',#245,1.);
#245 = DIRECTION('',(0.892412159409,0.416143637124,-0.174427667017));
#246 = PCURVE('',#222,#247);
#247 = DEFINITIONAL_REPRESENTATION('',(#248),#252);
#248 = LINE('',#249,#250);
#249 = CARTESIAN_POINT('',(-5.189024905492E-03,-1.456037508065E-03));
#250 = VECTOR('',#251,1.);
#251 = DIRECTION('',(0.984669989884,0.174427667017));
#252 = ( GEOMETRIC_REPRESENTATION_CONTEXT(2) 
PARAMETRIC_REPRESENTATION_CONTEXT() REPRESENTATION_CONTEXT('2D SPACE',''
  ) );
#253 = PCURVE('',#254,#259);
#254 = PLANE('',#255);
#255 = AXIS2_PLACEMENT_3D('',#256,#257,#258);
#256 = CARTESIAN_POINT('',(-1.266855515374,0.808670913721,0.865456059919
    ));
#257 = DIRECTION('',(-0.422622443457,0.906305837059,0.));
#258 = DIRECTION('',(0.906305837059,0.422622443457,0.));
#259 = DEFINITIONAL_REPRESENTATION('',(#260),#263);
#260 = B_SPLINE_CURVE_WITH_KNOTS('',1,(#261,#262),.UNSPECIFIED.,.F.,.F.,
  (2,2),(0.,1.146592329644E-02),.PIECEWISE_BEZIER_KNOTS.);
#261 = CARTESIAN_POINT('',(-6.101125670829E-03,-5.439367427281E-04));
#262 = CARTESIAN_POINT('',(5.189024905492E-03,1.456037508065E-03));
#263 = ( GEOMETRIC_REPRESENTATION_CONTEXT(2) 
PARAMETRIC_REPRESENTATION_CONTEXT() REPRESENTATION_CONTEXT('2D SPACE',''
  ) );
#264 = ORIENTED_EDGE('',*,*,#265,.T.);
#265 = EDGE_CURVE('',#239,#127,#266,.T.);
#266 = SURFACE_CURVE('',#267,(#271,#278),.PCURVE_S1.);
#267 = LINE('',#268,#269);
#268 = CARTESIAN_POINT('',(-1.262152671814,0.810863912106,0.864000022411
    ));
#269 = VECTOR('',#270,1.);
#270 = DIRECTION('',(-0.906305837059,-0.422622443457,0.));
#271 = PCURVE('',#222,#272);
#272 = DEFINITIONAL_REPRESENTATION('',(#273),#277);
#273 = LINE('',#274,#275);
#274 = CARTESIAN_POINT('',(6.10112567083E-03,5.43936742728E-04));
#275 = VECTOR('',#276,1.);
#276 = DIRECTION('',(-1.,-7.160256724848E-32));
#277 = ( GEOMETRIC_REPRESENTATION_CONTEXT(2) 
PARAMETRIC_REPRESENTATION_CONTEXT() REPRESENTATION_CONTEXT('2D SPACE',''
  ) );
#278 = PCURVE('',#167,#279);
#279 = DEFINITIONAL_REPRESENTATION('',(#280),#283);
#280 = B_SPLINE_CURVE_WITH_KNOTS('',1,(#281,#282),.UNSPECIFIED.,.F.,.F.,
  (2,2),(0.,1.129015057632E-02),.PIECEWISE_BEZIER_KNOTS.);
#281 = CARTESIAN_POINT('',(-5.410169000904E-03,-9.863582458079E-03));
#282 = CARTESIAN_POINT('',(-6.386979773443E-04,3.68746910512E-04));
#283 = ( GEOMETRIC_REPRESENTATION_CONTEXT(2) 
PARAMETRIC_REPRESENTATION_CONTEXT() REPRESENTATION_CONTEXT('2D SPACE',''
  ) );
#284 = ADVANCED_FACE('',(#285),#254,.T.);
#285 = FACE_BOUND('',#286,.T.);
#286 = EDGE_LOOP('',(#287,#288,#315));
#287 = ORIENTED_EDGE('',*,*,#238,.F.);
#288 = ORIENTED_EDGE('',*,*,#289,.T.);
#289 = EDGE_CURVE('',#183,#290,#292,.T.);
#290 = VERTEX_POINT('',#291);
#291 = CARTESIAN_POINT('',(-1.262152671814,0.810863912106,0.865999996662
    ));
#292 = SURFACE_CURVE('',#293,(#297,#304),.PCURVE_S1.);
#293 = LINE('',#294,#295);
#294 = CARTESIAN_POINT('',(-1.272385001183,0.806092441082,0.865999996662
    ));
#295 = VECTOR('',#296,1.);
#296 = DIRECTION('',(0.906305837059,0.422622443457,0.));
#297 = PCURVE('',#254,#298);
#298 = DEFINITIONAL_REPRESENTATION('',(#299),#303);
#299 = LINE('',#300,#301);
#300 = CARTESIAN_POINT('',(-6.101125670829E-03,-5.439367427281E-04));
#301 = VECTOR('',#302,1.);
#302 = DIRECTION('',(1.,0.));
#303 = ( GEOMETRIC_REPRESENTATION_CONTEXT(2) 
PARAMETRIC_REPRESENTATION_CONTEXT() REPRESENTATION_CONTEXT('2D SPACE',''
  ) );
#304 = PCURVE('',#305,#310);
#305 = PLANE('',#306);
#306 = AXIS2_PLACEMENT_3D('',#307,#308,#309);
#307 = CARTESIAN_POINT('',(-1.276149286037,0.801663974241,0.865999996662
    ));
#308 = DIRECTION('',(0.,0.,1.));
#309 = DIRECTION('',(1.,0.,-0.));
#310 = DEFINITIONAL_REPRESENTATION('',(#311),#314);
#311 = B_SPLINE_CURVE_WITH_KNOTS('',1,(#312,#313),.UNSPECIFIED.,.F.,.F.,
  (2,2),(0.,1.129015057632E-02),.PIECEWISE_BEZIER_KNOTS.);
#312 = CARTESIAN_POINT('',(3.764284854844E-03,4.428466841022E-03));
#313 = CARTESIAN_POINT('',(1.399661422344E-02,9.199937864582E-03));
#314 = ( GEOMETRIC_REPRESENTATION_CONTEXT(2) 
PARAMETRIC_REPRESENTATION_CONTEXT() REPRESENTATION_CONTEXT('2D SPACE',''
  ) );
#315 = ORIENTED_EDGE('',*,*,#316,.F.);
#316 = EDGE_CURVE('',#239,#290,#317,.T.);
#317 = SURFACE_CURVE('',#318,(#322,#328),.PCURVE_S1.);
#318 = LINE('',#319,#320);
#319 = CARTESIAN_POINT('',(-1.262152671814,0.810863912106,0.864000022411
    ));
#320 = VECTOR('',#321,1.);
#321 = DIRECTION('',(0.,0.,1.));
#322 = PCURVE('',#254,#323);
#323 = DEFINITIONAL_REPRESENTATION('',(#324),#327);
#324 = B_SPLINE_CURVE_WITH_KNOTS('',1,(#325,#326),.UNSPECIFIED.,.F.,.F.,
  (2,2),(0.,1.999974250793E-03),.PIECEWISE_BEZIER_KNOTS.);
#325 = CARTESIAN_POINT('',(5.189024905492E-03,1.456037508065E-03));
#326 = CARTESIAN_POINT('',(5.189024905492E-03,-5.439367427281E-04));
#327 = ( GEOMETRIC_REPRESENTATION_CONTEXT(2) 
PARAMETRIC_REPRESENTATION_CONTEXT() REPRESENTATION_CONTEXT('2D SPACE',''
  ) );
#328 = PCURVE('',#329,#334);
#329 = PLANE('',#330);
#330 = AXIS2_PLACEMENT_3D('',#331,#332,#333);
#331 = CARTESIAN_POINT('',(-1.257140431334,0.812206908964,0.864543958994
    ));
#332 = DIRECTION('',(-0.258813843363,0.965927220076,3.630094444759E-16)
  );
#333 = DIRECTION('',(0.965927220076,0.258813843363,0.));
#334 = DEFINITIONAL_REPRESENTATION('',(#335),#339);
#335 = LINE('',#336,#337);
#336 = CARTESIAN_POINT('',(-5.189045691781E-03,5.43936582171E-04));
#337 = VECTOR('',#338,1.);
#338 = DIRECTION('',(0.,-1.));
#339 = ( GEOMETRIC_REPRESENTATION_CONTEXT(2) 
PARAMETRIC_REPRESENTATION_CONTEXT() REPRESENTATION_CONTEXT('2D SPACE',''
  ) );
#340 = ADVANCED_FACE('',(#341),#329,.T.);
#341 = FACE_BOUND('',#342,.T.);
#342 = EDGE_LOOP('',(#343,#344,#371));
#343 = ORIENTED_EDGE('',*,*,#316,.T.);
#344 = ORIENTED_EDGE('',*,*,#345,.T.);
#345 = EDGE_CURVE('',#290,#346,#348,.T.);
#346 = VERTEX_POINT('',#347);
#347 = CARTESIAN_POINT('',(-1.251247167587,0.813785970211,0.864000022411
    ));
#348 = SURFACE_CURVE('',#349,(#353,#360),.PCURVE_S1.);
#349 = LINE('',#350,#351);
#350 = CARTESIAN_POINT('',(-1.262152671814,0.810863912106,0.865999996662
    ));
#351 = VECTOR('',#352,1.);
#352 = DIRECTION('',(0.951119653399,0.254846253297,-0.174427039473));
#353 = PCURVE('',#329,#354);
#354 = DEFINITIONAL_REPRESENTATION('',(#355),#359);
#355 = LINE('',#356,#357);
#356 = CARTESIAN_POINT('',(-5.189045691781E-03,-1.456037668622E-03));
#357 = VECTOR('',#358,1.);
#358 = DIRECTION('',(0.984670101049,0.174427039473));
#359 = ( GEOMETRIC_REPRESENTATION_CONTEXT(2) 
PARAMETRIC_REPRESENTATION_CONTEXT() REPRESENTATION_CONTEXT('2D SPACE',''
  ) );
#360 = PCURVE('',#361,#366);
#361 = PLANE('',#362);
#362 = AXIS2_PLACEMENT_3D('',#363,#364,#365);
#363 = CARTESIAN_POINT('',(-1.256259408067,0.812442973352,0.86545606008)
  );
#364 = DIRECTION('',(-0.258813843363,0.965927220076,-1.815047222379E-16)
  );
#365 = DIRECTION('',(0.965927220076,0.258813843363,0.));
#366 = DEFINITIONAL_REPRESENTATION('',(#367),#370);
#367 = B_SPLINE_CURVE_WITH_KNOTS('',1,(#368,#369),.UNSPECIFIED.,.F.,.F.,
  (2,2),(0.,1.14659645479E-02),.PIECEWISE_BEZIER_KNOTS.);
#368 = CARTESIAN_POINT('',(-6.101146778233E-03,-5.439365821709E-04));
#369 = CARTESIAN_POINT('',(5.189045691781E-03,1.456037668623E-03));
#370 = ( GEOMETRIC_REPRESENTATION_CONTEXT(2) 
PARAMETRIC_REPRESENTATION_CONTEXT() REPRESENTATION_CONTEXT('2D SPACE',''
  ) );
#371 = ORIENTED_EDGE('',*,*,#372,.T.);
#372 = EDGE_CURVE('',#346,#239,#373,.T.);
#373 = SURFACE_CURVE('',#374,(#378,#385),.PCURVE_S1.);
#374 = LINE('',#375,#376);
#375 = CARTESIAN_POINT('',(-1.251247167587,0.813785970211,0.864000022411
    ));
#376 = VECTOR('',#377,1.);
#377 = DIRECTION('',(-0.965927220076,-0.258813843363,0.));
#378 = PCURVE('',#329,#379);
#379 = DEFINITIONAL_REPRESENTATION('',(#380),#384);
#380 = LINE('',#381,#382);
#381 = CARTESIAN_POINT('',(6.101146778233E-03,5.43936582171E-04));
#382 = VECTOR('',#383,1.);
#383 = DIRECTION('',(-1.,-2.015107217068E-32));
#384 = ( GEOMETRIC_REPRESENTATION_CONTEXT(2) 
PARAMETRIC_REPRESENTATION_CONTEXT() REPRESENTATION_CONTEXT('2D SPACE',''
  ) );
#385 = PCURVE('',#386,#391);
#386 = PLANE('',#387);
#387 = AXIS2_PLACEMENT_3D('',#388,#389,#390);
#388 = CARTESIAN_POINT('',(-1.266628736402,0.807156327637,0.864000022411
    ));
#389 = DIRECTION('',(-0.,-0.,-1.));
#390 = DIRECTION('',(-1.,0.,0.));
#391 = DEFINITIONAL_REPRESENTATION('',(#392),#395);
#392 = B_SPLINE_CURVE_WITH_KNOTS('',1,(#393,#394),.UNSPECIFIED.,.F.,.F.,
  (2,2),(0.,1.129019247001E-02),.PIECEWISE_BEZIER_KNOTS.);
#393 = CARTESIAN_POINT('',(-1.538156881462E-02,6.629642574266E-03));
#394 = CARTESIAN_POINT('',(-4.476064587934E-03,3.707584468798E-03));
#395 = ( GEOMETRIC_REPRESENTATION_CONTEXT(2) 
PARAMETRIC_REPRESENTATION_CONTEXT() REPRESENTATION_CONTEXT('2D SPACE',''
  ) );
#396 = ADVANCED_FACE('',(#397),#361,.T.);
#397 = FACE_BOUND('',#398,.T.);
#398 = EDGE_LOOP('',(#399,#400,#427));
#399 = ORIENTED_EDGE('',*,*,#345,.F.);
#400 = ORIENTED_EDGE('',*,*,#401,.T.);
#401 = EDGE_CURVE('',#290,#402,#404,.T.);
#402 = VERTEX_POINT('',#403);
#403 = CARTESIAN_POINT('',(-1.251247167587,0.813785970211,0.865999996662
    ));
#404 = SURFACE_CURVE('',#405,(#409,#416),.PCURVE_S1.);
#405 = LINE('',#406,#407);
#406 = CARTESIAN_POINT('',(-1.262152671814,0.810863912106,0.865999996662
    ));
#407 = VECTOR('',#408,1.);
#408 = DIRECTION('',(0.965927220076,0.258813843363,0.));
#409 = PCURVE('',#361,#410);
#410 = DEFINITIONAL_REPRESENTATION('',(#411),#415);
#411 = LINE('',#412,#413);
#412 = CARTESIAN_POINT('',(-6.101146778233E-03,-5.439365821709E-04));
#413 = VECTOR('',#414,1.);
#414 = DIRECTION('',(1.,0.));
#415 = ( GEOMETRIC_REPRESENTATION_CONTEXT(2) 
PARAMETRIC_REPRESENTATION_CONTEXT() REPRESENTATION_CONTEXT('2D SPACE',''
  ) );
#416 = PCURVE('',#417,#422);
#417 = PLANE('',#418);
#418 = AXIS2_PLACEMENT_3D('',#419,#420,#421);
#419 = CARTESIAN_POINT('',(-1.27074363489,0.803378113984,0.865999996662)
  );
#420 = DIRECTION('',(6.563637804899E-27,-1.074865676678E-26,1.));
#421 = DIRECTION('',(0.,1.,1.074865676678E-26));
#422 = DEFINITIONAL_REPRESENTATION('',(#423),#426);
#423 = B_SPLINE_CURVE_WITH_KNOTS('',1,(#424,#425),.UNSPECIFIED.,.F.,.F.,
  (2,2),(0.,1.129019247001E-02),.PIECEWISE_BEZIER_KNOTS.);
#424 = CARTESIAN_POINT('',(7.485798121997E-03,-8.590963076101E-03));
#425 = CARTESIAN_POINT('',(1.040785622747E-02,-1.949646730279E-02));
#426 = ( GEOMETRIC_REPRESENTATION_CONTEXT(2) 
PARAMETRIC_REPRESENTATION_CONTEXT() REPRESENTATION_CONTEXT('2D SPACE',''
  ) );
#427 = ORIENTED_EDGE('',*,*,#428,.F.);
#428 = EDGE_CURVE('',#346,#402,#429,.T.);
#429 = SURFACE_CURVE('',#430,(#434,#440),.PCURVE_S1.);
#430 = LINE('',#431,#432);
#431 = CARTESIAN_POINT('',(-1.251247167587,0.813785970211,0.864000022411
    ));
#432 = VECTOR('',#433,1.);
#433 = DIRECTION('',(0.,0.,1.));
#434 = PCURVE('',#361,#435);
#435 = DEFINITIONAL_REPRESENTATION('',(#436),#439);
#436 = B_SPLINE_CURVE_WITH_KNOTS('',1,(#437,#438),.UNSPECIFIED.,.F.,.F.,
  (2,2),(0.,1.999974250793E-03),.PIECEWISE_BEZIER_KNOTS.);
#437 = CARTESIAN_POINT('',(5.189045691781E-03,1.456037668623E-03));
#438 = CARTESIAN_POINT('',(5.189045691781E-03,-5.439365821709E-04));
#439 = ( GEOMETRIC_REPRESENTATION_CONTEXT(2) 
PARAMETRIC_REPRESENTATION_CONTEXT() REPRESENTATION_CONTEXT('2D SPACE',''
  ) );
#440 = PCURVE('',#441,#446);
#441 = PLANE('',#442);
#442 = AXIS2_PLACEMENT_3D('',#443,#444,#445);
#443 = CARTESIAN_POINT('',(-1.246077903375,0.81423822878,0.864543959265)
  );
#444 = DIRECTION('',(-8.715699570249E-02,0.996194588472,
    9.075228595988E-17));
#445 = DIRECTION('',(0.996194588472,8.715699570249E-02,1.54074395551E-33
    ));
#446 = DEFINITIONAL_REPRESENTATION('',(#447),#451);
#447 = LINE('',#448,#449);
#448 = CARTESIAN_POINT('',(-5.18901053308E-03,5.43936853744E-04));
#449 = VECTOR('',#450,1.);
#450 = DIRECTION('',(0.,-1.));
#451 = ( GEOMETRIC_REPRESENTATION_CONTEXT(2) 
PARAMETRIC_REPRESENTATION_CONTEXT() REPRESENTATION_CONTEXT('2D SPACE',''
  ) );
#452 = ADVANCED_FACE('',(#453),#441,.T.);
#453 = FACE_BOUND('',#454,.T.);
#454 = EDGE_LOOP('',(#455,#456,#483));
#455 = ORIENTED_EDGE('',*,*,#428,.T.);
#456 = ORIENTED_EDGE('',*,*,#457,.T.);
#457 = EDGE_CURVE('',#402,#458,#460,.T.);
#458 = VERTEX_POINT('',#459);
#459 = CARTESIAN_POINT('',(-1.240000009537,0.814769983292,0.864000022411
    ));
#460 = SURFACE_CURVE('',#461,(#465,#472),.PCURVE_S1.);
#461 = LINE('',#462,#463);
#462 = CARTESIAN_POINT('',(-1.251247167587,0.813785970211,0.865999996662
    ));
#463 = VECTOR('',#464,1.);
#464 = DIRECTION('',(0.980922838781,8.582087137747E-02,-0.174428100927)
  );
#465 = PCURVE('',#441,#466);
#466 = DEFINITIONAL_REPRESENTATION('',(#467),#471);
#467 = LINE('',#468,#469);
#468 = CARTESIAN_POINT('',(-5.18901053308E-03,-1.456037397049E-03));
#469 = VECTOR('',#470,1.);
#470 = DIRECTION('',(0.98466991302,0.174428100927));
#471 = ( GEOMETRIC_REPRESENTATION_CONTEXT(2) 
PARAMETRIC_REPRESENTATION_CONTEXT() REPRESENTATION_CONTEXT('2D SPACE',''
  ) );
#472 = PCURVE('',#473,#478);
#473 = PLANE('',#474);
#474 = AXIS2_PLACEMENT_3D('',#475,#476,#477);
#475 = CARTESIAN_POINT('',(-1.245169273749,0.814317724723,0.865456059808
    ));
#476 = DIRECTION('',(-8.715699570249E-02,0.996194588472,
    9.075228595988E-17));
#477 = DIRECTION('',(0.996194588472,8.715699570249E-02,1.54074395551E-33
    ));
#478 = DEFINITIONAL_REPRESENTATION('',(#479),#482);
#479 = B_SPLINE_CURVE_WITH_KNOTS('',1,(#480,#481),.UNSPECIFIED.,.F.,.F.,
  (2,2),(0.,1.146589477365E-02),.PIECEWISE_BEZIER_KNOTS.);
#480 = CARTESIAN_POINT('',(-6.101111076386E-03,-5.439368537438E-04));
#481 = CARTESIAN_POINT('',(5.189010533081E-03,1.45603739705E-03));
#482 = ( GEOMETRIC_REPRESENTATION_CONTEXT(2) 
PARAMETRIC_REPRESENTATION_CONTEXT() REPRESENTATION_CONTEXT('2D SPACE',''
  ) );
#483 = ORIENTED_EDGE('',*,*,#484,.T.);
#484 = EDGE_CURVE('',#458,#346,#485,.T.);
#485 = SURFACE_CURVE('',#486,(#490,#497),.PCURVE_S1.);
#486 = LINE('',#487,#488);
#487 = CARTESIAN_POINT('',(-1.240000009537,0.814769983292,0.864000022411
    ));
#488 = VECTOR('',#489,1.);
#489 = DIRECTION('',(-0.996194588472,-8.715699570249E-02,0.));
#490 = PCURVE('',#441,#491);
#491 = DEFINITIONAL_REPRESENTATION('',(#492),#496);
#492 = LINE('',#493,#494);
#493 = CARTESIAN_POINT('',(6.101111076386E-03,5.43936853744E-04));
#494 = VECTOR('',#495,1.);
#495 = DIRECTION('',(-1.,-4.340928878645E-33));
#496 = ( GEOMETRIC_REPRESENTATION_CONTEXT(2) 
PARAMETRIC_REPRESENTATION_CONTEXT() REPRESENTATION_CONTEXT('2D SPACE',''
  ) );
#497 = PCURVE('',#498,#503);
#498 = PLANE('',#499);
#499 = AXIS2_PLACEMENT_3D('',#500,#501,#502);
#500 = CARTESIAN_POINT('',(-1.261007578996,0.807905733962,0.864000022411
    ));
#501 = DIRECTION('',(-0.,-0.,-1.));
#502 = DIRECTION('',(-1.,0.,0.));
#503 = DEFINITIONAL_REPRESENTATION('',(#504),#507);
#504 = B_SPLINE_CURVE_WITH_KNOTS('',1,(#505,#506),.UNSPECIFIED.,.F.,.F.,
  (2,2),(0.,1.129012160947E-02),.PIECEWISE_BEZIER_KNOTS.);
#505 = CARTESIAN_POINT('',(-2.100756945952E-02,6.864249329962E-03));
#506 = CARTESIAN_POINT('',(-9.76041140898E-03,5.880236249365E-03));
#507 = ( GEOMETRIC_REPRESENTATION_CONTEXT(2) 
PARAMETRIC_REPRESENTATION_CONTEXT() REPRESENTATION_CONTEXT('2D SPACE',''
  ) );
#508 = ADVANCED_FACE('',(#509),#473,.T.);
#509 = FACE_BOUND('',#510,.T.);
#510 = EDGE_LOOP('',(#511,#512,#539));
#511 = ORIENTED_EDGE('',*,*,#457,.F.);
#512 = ORIENTED_EDGE('',*,*,#513,.T.);
#513 = EDGE_CURVE('',#402,#514,#516,.T.);
#514 = VERTEX_POINT('',#515);
#515 = CARTESIAN_POINT('',(-1.240000009537,0.814769983292,0.865999996662
    ));
#516 = SURFACE_CURVE('',#517,(#521,#528),.PCURVE_S1.);
#517 = LINE('',#518,#519);
#518 = CARTESIAN_POINT('',(-1.251247167587,0.813785970211,0.865999996662
    ));
#519 = VECTOR('',#520,1.);
#520 = DIRECTION('',(0.996194588472,8.715699570249E-02,0.));
#521 = PCURVE('',#473,#522);
#522 = DEFINITIONAL_REPRESENTATION('',(#523),#527);
#523 = LINE('',#524,#525);
#524 = CARTESIAN_POINT('',(-6.101111076386E-03,-5.439368537438E-04));
#525 = VECTOR('',#526,1.);
#526 = DIRECTION('',(1.,1.822046943394E-33));
#527 = ( GEOMETRIC_REPRESENTATION_CONTEXT(2) 
PARAMETRIC_REPRESENTATION_CONTEXT() REPRESENTATION_CONTEXT('2D SPACE',''
  ) );
#528 = PCURVE('',#529,#534);
#529 = PLANE('',#530);
#530 = AXIS2_PLACEMENT_3D('',#531,#532,#533);
#531 = CARTESIAN_POINT('',(-1.265103404391,0.804137446787,0.865999996662
    ));
#532 = DIRECTION('',(1.798130033445E-27,-3.580837053658E-27,1.));
#533 = DIRECTION('',(0.,1.,3.580837053658E-27));
#534 = DEFINITIONAL_REPRESENTATION('',(#535),#538);
#535 = B_SPLINE_CURVE_WITH_KNOTS('',1,(#536,#537),.UNSPECIFIED.,.F.,.F.,
  (2,2),(0.,1.129012160947E-02),.PIECEWISE_BEZIER_KNOTS.);
#536 = CARTESIAN_POINT('',(9.648523423716E-03,-1.385623680375E-02));
#537 = CARTESIAN_POINT('',(1.063253650431E-02,-2.510339485429E-02));
#538 = ( GEOMETRIC_REPRESENTATION_CONTEXT(2) 
PARAMETRIC_REPRESENTATION_CONTEXT() REPRESENTATION_CONTEXT('2D SPACE',''
  ) );
#539 = ORIENTED_EDGE('',*,*,#540,.F.);
#540 = EDGE_CURVE('',#458,#514,#541,.T.);
#541 = SURFACE_CURVE('',#542,(#546,#552),.PCURVE_S1.);
#542 = LINE('',#543,#544);
#543 = CARTESIAN_POINT('',(-1.240000009537,0.814769983292,0.864000022411
    ));
#544 = VECTOR('',#545,1.);
#545 = DIRECTION('',(0.,0.,1.));
#546 = PCURVE('',#473,#547);
#547 = DEFINITIONAL_REPRESENTATION('',(#548),#551);
#548 = B_SPLINE_CURVE_WITH_KNOTS('',1,(#549,#550),.UNSPECIFIED.,.F.,.F.,
  (2,2),(0.,1.999974250793E-03),.PIECEWISE_BEZIER_KNOTS.);
#549 = CARTESIAN_POINT('',(5.189010533081E-03,1.45603739705E-03));
#550 = CARTESIAN_POINT('',(5.189010533081E-03,-5.439368537438E-04));
#551 = ( GEOMETRIC_REPRESENTATION_CONTEXT(2) 
PARAMETRIC_REPRESENTATION_CONTEXT() REPRESENTATION_CONTEXT('2D SPACE',''
  ) );
#552 = PCURVE('',#553,#558);
#553 = PLANE('',#554);
#554 = AXIS2_PLACEMENT_3D('',#555,#556,#557);
#555 = CARTESIAN_POINT('',(-1.234830745324,0.814317724723,0.864543959265
    ));
#556 = DIRECTION('',(8.715699570249E-02,0.996194588472,
    -9.075228595988E-17));
#557 = DIRECTION('',(0.996194588472,-8.715699570249E-02,
    1.54074395551E-33));
#558 = DEFINITIONAL_REPRESENTATION('',(#559),#563);
#559 = LINE('',#560,#561);
#560 = CARTESIAN_POINT('',(-5.18901053308E-03,5.43936853744E-04));
#561 = VECTOR('',#562,1.);
#562 = DIRECTION('',(0.,-1.));
#563 = ( GEOMETRIC_REPRESENTATION_CONTEXT(2) 
PARAMETRIC_REPRESENTATION_CONTEXT() REPRESENTATION_CONTEXT('2D SPACE',''
  ) );
#564 = ADVANCED_FACE('',(#565),#553,.T.);
#565 = FACE_BOUND('',#566,.T.);
#566 = EDGE_LOOP('',(#567,#568,#595));
#567 = ORIENTED_EDGE('',*,*,#540,.T.);
#568 = ORIENTED_EDGE('',*,*,#569,.T.);
#569 = EDGE_CURVE('',#514,#570,#572,.T.);
#570 = VERTEX_POINT('',#571);
#571 = CARTESIAN_POINT('',(-1.228752851486,0.813785970211,0.864000022411
    ));
#572 = SURFACE_CURVE('',#573,(#577,#584),.PCURVE_S1.);
#573 = LINE('',#574,#575);
#574 = CARTESIAN_POINT('',(-1.240000009537,0.814769983292,0.865999996662
    ));
#575 = VECTOR('',#576,1.);
#576 = DIRECTION('',(0.980922838781,-8.582087137747E-02,-0.174428100927)
  );
#577 = PCURVE('',#553,#578);
#578 = DEFINITIONAL_REPRESENTATION('',(#579),#583);
#579 = LINE('',#580,#581);
#580 = CARTESIAN_POINT('',(-5.18901053308E-03,-1.456037397049E-03));
#581 = VECTOR('',#582,1.);
#582 = DIRECTION('',(0.98466991302,0.174428100927));
#583 = ( GEOMETRIC_REPRESENTATION_CONTEXT(2) 
PARAMETRIC_REPRESENTATION_CONTEXT() REPRESENTATION_CONTEXT('2D SPACE',''
  ) );
#584 = PCURVE('',#585,#590);
#585 = PLANE('',#586);
#586 = AXIS2_PLACEMENT_3D('',#587,#588,#589);
#587 = CARTESIAN_POINT('',(-1.233922115699,0.81423822878,0.865456059808)
  );
#588 = DIRECTION('',(8.715699570249E-02,0.996194588472,
    -9.075228595988E-17));
#589 = DIRECTION('',(0.996194588472,-8.715699570249E-02,
    1.54074395551E-33));
#590 = DEFINITIONAL_REPRESENTATION('',(#591),#594);
#591 = B_SPLINE_CURVE_WITH_KNOTS('',1,(#592,#593),.UNSPECIFIED.,.F.,.F.,
  (2,2),(0.,1.146589477365E-02),.PIECEWISE_BEZIER_KNOTS.);
#592 = CARTESIAN_POINT('',(-6.101111076386E-03,-5.439368537438E-04));
#593 = CARTESIAN_POINT('',(5.189010533081E-03,1.45603739705E-03));
#594 = ( GEOMETRIC_REPRESENTATION_CONTEXT(2) 
PARAMETRIC_REPRESENTATION_CONTEXT() REPRESENTATION_CONTEXT('2D SPACE',''
  ) );
#595 = ORIENTED_EDGE('',*,*,#596,.T.);
#596 = EDGE_CURVE('',#570,#458,#597,.T.);
#597 = SURFACE_CURVE('',#598,(#602,#609),.PCURVE_S1.);
#598 = LINE('',#599,#600);
#599 = CARTESIAN_POINT('',(-1.228752851486,0.813785970211,0.864000022411
    ));
#600 = VECTOR('',#601,1.);
#601 = DIRECTION('',(-0.996194588472,8.715699570249E-02,0.));
#602 = PCURVE('',#553,#603);
#603 = DEFINITIONAL_REPRESENTATION('',(#604),#608);
#604 = LINE('',#605,#606);
#605 = CARTESIAN_POINT('',(6.101111076386E-03,5.43936853744E-04));
#606 = VECTOR('',#607,1.);
#607 = DIRECTION('',(-1.,-4.340928878645E-33));
#608 = ( GEOMETRIC_REPRESENTATION_CONTEXT(2) 
PARAMETRIC_REPRESENTATION_CONTEXT() REPRESENTATION_CONTEXT('2D SPACE',''
  ) );
#609 = PCURVE('',#610,#615);
#610 = PLANE('',#611);
#611 = AXIS2_PLACEMENT_3D('',#612,#613,#614);
#612 = CARTESIAN_POINT('',(-1.25532118461,0.807674129203,0.864000022411)
  );
#613 = DIRECTION('',(-1.425428515134E-27,4.710454625103E-27,-1.));
#614 = DIRECTION('',(0.,-1.,-4.710454625103E-27));
#615 = DEFINITIONAL_REPRESENTATION('',(#616),#619);
#616 = B_SPLINE_CURVE_WITH_KNOTS('',1,(#617,#618),.UNSPECIFIED.,.F.,.F.,
  (2,2),(0.,1.129012160947E-02),.PIECEWISE_BEZIER_KNOTS.);
#617 = CARTESIAN_POINT('',(-6.111841008502E-03,-2.656833312424E-02));
#618 = CARTESIAN_POINT('',(-7.095854089099E-03,-1.53211750737E-02));
#619 = ( GEOMETRIC_REPRESENTATION_CONTEXT(2) 
PARAMETRIC_REPRESENTATION_CONTEXT() REPRESENTATION_CONTEXT('2D SPACE',''
  ) );
#620 = ADVANCED_FACE('',(#621),#585,.T.);
#621 = FACE_BOUND('',#622,.T.);
#622 = EDGE_LOOP('',(#623,#624,#651));
#623 = ORIENTED_EDGE('',*,*,#569,.F.);
#624 = ORIENTED_EDGE('',*,*,#625,.T.);
#625 = EDGE_CURVE('',#514,#626,#628,.T.);
#626 = VERTEX_POINT('',#627);
#627 = CARTESIAN_POINT('',(-1.228752851486,0.813785970211,0.865999996662
    ));
#628 = SURFACE_CURVE('',#629,(#633,#640),.PCURVE_S1.);
#629 = LINE('',#630,#631);
#630 = CARTESIAN_POINT('',(-1.240000009537,0.814769983292,0.865999996662
    ));
#631 = VECTOR('',#632,1.);
#632 = DIRECTION('',(0.996194588472,-8.715699570249E-02,0.));
#633 = PCURVE('',#585,#634);
#634 = DEFINITIONAL_REPRESENTATION('',(#635),#639);
#635 = LINE('',#636,#637);
#636 = CARTESIAN_POINT('',(-6.101111076386E-03,-5.439368537438E-04));
#637 = VECTOR('',#638,1.);
#638 = DIRECTION('',(1.,4.340928878645E-33));
#639 = ( GEOMETRIC_REPRESENTATION_CONTEXT(2) 
PARAMETRIC_REPRESENTATION_CONTEXT() REPRESENTATION_CONTEXT('2D SPACE',''
  ) );
#640 = PCURVE('',#641,#646);
#641 = PLANE('',#642);
#642 = AXIS2_PLACEMENT_3D('',#643,#644,#645);
#643 = CARTESIAN_POINT('',(-1.259397145137,0.803914070361,0.865999996662
    ));
#644 = DIRECTION('',(3.107053244216E-27,-7.758412939023E-27,1.));
#645 = DIRECTION('',(0.,1.,7.758412939023E-27));
#646 = DEFINITIONAL_REPRESENTATION('',(#647),#650);
#647 = B_SPLINE_CURVE_WITH_KNOTS('',1,(#648,#649),.UNSPECIFIED.,.F.,.F.,
  (2,2),(0.,1.129012160947E-02),.PIECEWISE_BEZIER_KNOTS.);
#648 = CARTESIAN_POINT('',(1.085591293048E-02,-1.939713560015E-02));
#649 = CARTESIAN_POINT('',(9.871899849878E-03,-3.064429365069E-02));
#650 = ( GEOMETRIC_REPRESENTATION_CONTEXT(2) 
PARAMETRIC_REPRESENTATION_CONTEXT() REPRESENTATION_CONTEXT('2D SPACE',''
  ) );
#651 = ORIENTED_EDGE('',*,*,#652,.F.);
#652 = EDGE_CURVE('',#570,#626,#653,.T.);
#653 = SURFACE_CURVE('',#654,(#658,#664),.PCURVE_S1.);
#654 = LINE('',#655,#656);
#655 = CARTESIAN_POINT('',(-1.228752851486,0.813785970211,0.864000022411
    ));
#656 = VECTOR('',#657,1.);
#657 = DIRECTION('',(0.,0.,1.));
#658 = PCURVE('',#585,#659);
#659 = DEFINITIONAL_REPRESENTATION('',(#660),#663);
#660 = B_SPLINE_CURVE_WITH_KNOTS('',1,(#661,#662),.UNSPECIFIED.,.F.,.F.,
  (2,2),(0.,1.999974250793E-03),.PIECEWISE_BEZIER_KNOTS.);
#661 = CARTESIAN_POINT('',(5.189010533081E-03,1.45603739705E-03));
#662 = CARTESIAN_POINT('',(5.189010533081E-03,-5.439368537438E-04));
#663 = ( GEOMETRIC_REPRESENTATION_CONTEXT(2) 
PARAMETRIC_REPRESENTATION_CONTEXT() REPRESENTATION_CONTEXT('2D SPACE',''
  ) );
#664 = PCURVE('',#665,#670);
#665 = PLANE('',#666);
#666 = AXIS2_PLACEMENT_3D('',#667,#668,#669);
#667 = CARTESIAN_POINT('',(-1.223740611006,0.812442973352,0.864543958994
    ));
#668 = DIRECTION('',(0.258813843363,0.965927220076,-3.630094444759E-16)
  );
#669 = DIRECTION('',(0.965927220076,-0.258813843363,0.));
#670 = DEFINITIONAL_REPRESENTATION('',(#671),#675);
#671 = LINE('',#672,#673);
#672 = CARTESIAN_POINT('',(-5.189045691781E-03,5.43936582171E-04));
#673 = VECTOR('',#674,1.);
#674 = DIRECTION('',(0.,-1.));
#675 = ( GEOMETRIC_REPRESENTATION_CONTEXT(2) 
PARAMETRIC_REPRESENTATION_CONTEXT() REPRESENTATION_CONTEXT('2D SPACE',''
  ) );
#676 = ADVANCED_FACE('',(#677),#665,.T.);
#677 = FACE_BOUND('',#678,.T.);
#678 = EDGE_LOOP('',(#679,#680,#707));
#679 = ORIENTED_EDGE('',*,*,#652,.T.);
#680 = ORIENTED_EDGE('',*,*,#681,.T.);
#681 = EDGE_CURVE('',#626,#682,#684,.T.);
#682 = VERTEX_POINT('',#683);
#683 = CARTESIAN_POINT('',(-1.21784734726,0.810863912106,0.864000022411)
  );
#684 = SURFACE_CURVE('',#685,(#689,#696),.PCURVE_S1.);
#685 = LINE('',#686,#687);
#686 = CARTESIAN_POINT('',(-1.228752851486,0.813785970211,0.865999996662
    ));
#687 = VECTOR('',#688,1.);
#688 = DIRECTION('',(0.951119653399,-0.254846253297,-0.174427039473));
#689 = PCURVE('',#665,#690);
#690 = DEFINITIONAL_REPRESENTATION('',(#691),#695);
#691 = LINE('',#692,#693);
#692 = CARTESIAN_POINT('',(-5.189045691781E-03,-1.456037668622E-03));
#693 = VECTOR('',#694,1.);
#694 = DIRECTION('',(0.984670101049,0.174427039473));
#695 = ( GEOMETRIC_REPRESENTATION_CONTEXT(2) 
PARAMETRIC_REPRESENTATION_CONTEXT() REPRESENTATION_CONTEXT('2D SPACE',''
  ) );
#696 = PCURVE('',#697,#702);
#697 = PLANE('',#698);
#698 = AXIS2_PLACEMENT_3D('',#699,#700,#701);
#699 = CARTESIAN_POINT('',(-1.222859587739,0.812206908964,0.86545606008)
  );
#700 = DIRECTION('',(0.258813843363,0.965927220076,-1.815047222379E-16)
  );
#701 = DIRECTION('',(0.965927220076,-0.258813843363,0.));
#702 = DEFINITIONAL_REPRESENTATION('',(#703),#706);
#703 = B_SPLINE_CURVE_WITH_KNOTS('',1,(#704,#705),.UNSPECIFIED.,.F.,.F.,
  (2,2),(0.,1.14659645479E-02),.PIECEWISE_BEZIER_KNOTS.);
#704 = CARTESIAN_POINT('',(-6.101146778233E-03,-5.439365821709E-04));
#705 = CARTESIAN_POINT('',(5.189045691782E-03,1.456037668623E-03));
#706 = ( GEOMETRIC_REPRESENTATION_CONTEXT(2) 
PARAMETRIC_REPRESENTATION_CONTEXT() REPRESENTATION_CONTEXT('2D SPACE',''
  ) );
#707 = ORIENTED_EDGE('',*,*,#708,.T.);
#708 = EDGE_CURVE('',#682,#570,#709,.T.);
#709 = SURFACE_CURVE('',#710,(#714,#721),.PCURVE_S1.);
#710 = LINE('',#711,#712);
#711 = CARTESIAN_POINT('',(-1.21784734726,0.810863912106,0.864000022411)
  );
#712 = VECTOR('',#713,1.);
#713 = DIRECTION('',(-0.965927220076,0.258813843363,0.));
#714 = PCURVE('',#665,#715);
#715 = DEFINITIONAL_REPRESENTATION('',(#716),#720);
#716 = LINE('',#717,#718);
#717 = CARTESIAN_POINT('',(6.101146778233E-03,5.43936582171E-04));
#718 = VECTOR('',#719,1.);
#719 = DIRECTION('',(-1.,-2.015107217068E-32));
#720 = ( GEOMETRIC_REPRESENTATION_CONTEXT(2) 
PARAMETRIC_REPRESENTATION_CONTEXT() REPRESENTATION_CONTEXT('2D SPACE',''
  ) );
#721 = PCURVE('',#722,#727);
#722 = PLANE('',#723);
#723 = AXIS2_PLACEMENT_3D('',#724,#725,#726);
#724 = CARTESIAN_POINT('',(-1.249740365262,0.806463275692,0.864000022411
    ));
#725 = DIRECTION('',(-3.640877316969E-29,1.833147942756E-28,-1.));
#726 = DIRECTION('',(0.,-1.,-1.833147942756E-28));
#727 = DEFINITIONAL_REPRESENTATION('',(#728),#731);
#728 = B_SPLINE_CURVE_WITH_KNOTS('',1,(#729,#730),.UNSPECIFIED.,.F.,.F.,
  (2,2),(0.,1.129019247001E-02),.PIECEWISE_BEZIER_KNOTS.);
#729 = CARTESIAN_POINT('',(-4.400636413992E-03,-3.189301800268E-02));
#730 = CARTESIAN_POINT('',(-7.32269451946E-03,-2.0987513776E-02));
#731 = ( GEOMETRIC_REPRESENTATION_CONTEXT(2) 
PARAMETRIC_REPRESENTATION_CONTEXT() REPRESENTATION_CONTEXT('2D SPACE',''
  ) );
#732 = ADVANCED_FACE('',(#733),#697,.T.);
#733 = FACE_BOUND('',#734,.T.);
#734 = EDGE_LOOP('',(#735,#736,#763));
#735 = ORIENTED_EDGE('',*,*,#681,.F.);
#736 = ORIENTED_EDGE('',*,*,#737,.T.);
#737 = EDGE_CURVE('',#626,#738,#740,.T.);
#738 = VERTEX_POINT('',#739);
#739 = CARTESIAN_POINT('',(-1.21784734726,0.810863912106,0.865999996662)
  );
#740 = SURFACE_CURVE('',#741,(#745,#752),.PCURVE_S1.);
#741 = LINE('',#742,#743);
#742 = CARTESIAN_POINT('',(-1.228752851486,0.813785970211,0.865999996662
    ));
#743 = VECTOR('',#744,1.);
#744 = DIRECTION('',(0.965927220076,-0.258813843363,0.));
#745 = PCURVE('',#697,#746);
#746 = DEFINITIONAL_REPRESENTATION('',(#747),#751);
#747 = LINE('',#748,#749);
#748 = CARTESIAN_POINT('',(-6.101146778233E-03,-5.439365821709E-04));
#749 = VECTOR('',#750,1.);
#750 = DIRECTION('',(1.,0.));
#751 = ( GEOMETRIC_REPRESENTATION_CONTEXT(2) 
PARAMETRIC_REPRESENTATION_CONTEXT() REPRESENTATION_CONTEXT('2D SPACE',''
  ) );
#752 = PCURVE('',#753,#758);
#753 = PLANE('',#754);
#754 = AXIS2_PLACEMENT_3D('',#755,#756,#757);
#755 = CARTESIAN_POINT('',(-1.253795819813,0.802709683504,0.865999996662
    ));
#756 = DIRECTION('',(1.460958287246E-27,-4.793353720761E-27,1.));
#757 = DIRECTION('',(0.,1.,4.793353720761E-27));
#758 = DEFINITIONAL_REPRESENTATION('',(#759),#762);
#759 = B_SPLINE_CURVE_WITH_KNOTS('',1,(#760,#761),.UNSPECIFIED.,.F.,.F.,
  (2,2),(0.,1.129019247001E-02),.PIECEWISE_BEZIER_KNOTS.);
#760 = CARTESIAN_POINT('',(1.107628670712E-02,-2.504296832631E-02));
#761 = CARTESIAN_POINT('',(8.154228601652E-03,-3.5948472553E-02));
#762 = ( GEOMETRIC_REPRESENTATION_CONTEXT(2) 
PARAMETRIC_REPRESENTATION_CONTEXT() REPRESENTATION_CONTEXT('2D SPACE',''
  ) );
#763 = ORIENTED_EDGE('',*,*,#764,.F.);
#764 = EDGE_CURVE('',#682,#738,#765,.T.);
#765 = SURFACE_CURVE('',#766,(#770,#776),.PCURVE_S1.);
#766 = LINE('',#767,#768);
#767 = CARTESIAN_POINT('',(-1.21784734726,0.810863912106,0.864000022411)
  );
#768 = VECTOR('',#769,1.);
#769 = DIRECTION('',(0.,0.,1.));
#770 = PCURVE('',#697,#771);
#771 = DEFINITIONAL_REPRESENTATION('',(#772),#775);
#772 = B_SPLINE_CURVE_WITH_KNOTS('',1,(#773,#774),.UNSPECIFIED.,.F.,.F.,
  (2,2),(0.,1.999974250793E-03),.PIECEWISE_BEZIER_KNOTS.);
#773 = CARTESIAN_POINT('',(5.189045691782E-03,1.456037668623E-03));
#774 = CARTESIAN_POINT('',(5.189045691782E-03,-5.439365821709E-04));
#775 = ( GEOMETRIC_REPRESENTATION_CONTEXT(2) 
PARAMETRIC_REPRESENTATION_CONTEXT() REPRESENTATION_CONTEXT('2D SPACE',''
  ) );
#776 = PCURVE('',#777,#782);
#777 = PLANE('',#778);
#778 = AXIS2_PLACEMENT_3D('',#779,#780,#781);
#779 = CARTESIAN_POINT('',(-1.213144503699,0.808670913721,0.864543959154
    ));
#780 = DIRECTION('',(0.422622443457,0.906305837059,3.63009266736E-16));
#781 = DIRECTION('',(0.906305837059,-0.422622443457,0.));
#782 = DEFINITIONAL_REPRESENTATION('',(#783),#787);
#783 = LINE('',#784,#785);
#784 = CARTESIAN_POINT('',(-5.189024905492E-03,5.43936742728E-04));
#785 = VECTOR('',#786,1.);
#786 = DIRECTION('',(0.,-1.));
#787 = ( GEOMETRIC_REPRESENTATION_CONTEXT(2) 
PARAMETRIC_REPRESENTATION_CONTEXT() REPRESENTATION_CONTEXT('2D SPACE',''
  ) );
#788 = ADVANCED_FACE('',(#789),#777,.T.);
#789 = FACE_BOUND('',#790,.T.);
#790 = EDGE_LOOP('',(#791,#792,#819));
#791 = ORIENTED_EDGE('',*,*,#764,.T.);
#792 = ORIENTED_EDGE('',*,*,#793,.T.);
#793 = EDGE_CURVE('',#738,#794,#796,.T.);
#794 = VERTEX_POINT('',#795);
#795 = CARTESIAN_POINT('',(-1.207615017891,0.806092441082,0.864000022411
    ));
#796 = SURFACE_CURVE('',#797,(#801,#808),.PCURVE_S1.);
#797 = LINE('',#798,#799);
#798 = CARTESIAN_POINT('',(-1.21784734726,0.810863912106,0.865999996662)
  );
#799 = VECTOR('',#800,1.);
#800 = DIRECTION('',(0.892412159409,-0.416143637124,-0.174427667017));
#801 = PCURVE('',#777,#802);
#802 = DEFINITIONAL_REPRESENTATION('',(#803),#807);
#803 = LINE('',#804,#805);
#804 = CARTESIAN_POINT('',(-5.189024905492E-03,-1.456037508065E-03));
#805 = VECTOR('',#806,1.);
#806 = DIRECTION('',(0.984669989884,0.174427667017));
#807 = ( GEOMETRIC_REPRESENTATION_CONTEXT(2) 
PARAMETRIC_REPRESENTATION_CONTEXT() REPRESENTATION_CONTEXT('2D SPACE',''
  ) );
#808 = PCURVE('',#809,#814);
#809 = PLANE('',#810);
#810 = AXIS2_PLACEMENT_3D('',#811,#812,#813);
#811 = CARTESIAN_POINT('',(-1.212317861451,0.808285439467,0.865456059919
    ));
#812 = DIRECTION('',(0.422622443457,0.906305837059,0.));
#813 = DIRECTION('',(0.906305837059,-0.422622443457,0.));
#814 = DEFINITIONAL_REPRESENTATION('',(#815),#818);
#815 = B_SPLINE_CURVE_WITH_KNOTS('',1,(#816,#817),.UNSPECIFIED.,.F.,.F.,
  (2,2),(0.,1.146592329644E-02),.PIECEWISE_BEZIER_KNOTS.);
#816 = CARTESIAN_POINT('',(-6.101125670829E-03,-5.439367427281E-04));
#817 = CARTESIAN_POINT('',(5.189024905492E-03,1.456037508065E-03));
#818 = ( GEOMETRIC_REPRESENTATION_CONTEXT(2) 
PARAMETRIC_REPRESENTATION_CONTEXT() REPRESENTATION_CONTEXT('2D SPACE',''
  ) );
#819 = ORIENTED_EDGE('',*,*,#820,.T.);
#820 = EDGE_CURVE('',#794,#682,#821,.T.);
#821 = SURFACE_CURVE('',#822,(#826,#833),.PCURVE_S1.);
#822 = LINE('',#823,#824);
#823 = CARTESIAN_POINT('',(-1.207615017891,0.806092441082,0.864000022411
    ));
#824 = VECTOR('',#825,1.);
#825 = DIRECTION('',(-0.906305837059,0.422622443457,0.));
#826 = PCURVE('',#777,#827);
#827 = DEFINITIONAL_REPRESENTATION('',(#828),#832);
#828 = LINE('',#829,#830);
#829 = CARTESIAN_POINT('',(6.101125670829E-03,5.43936742728E-04));
#830 = VECTOR('',#831,1.);
#831 = DIRECTION('',(-1.,-2.015106230413E-32));
#832 = ( GEOMETRIC_REPRESENTATION_CONTEXT(2) 
PARAMETRIC_REPRESENTATION_CONTEXT() REPRESENTATION_CONTEXT('2D SPACE',''
  ) );
#833 = PCURVE('',#834,#839);
#834 = PLANE('',#835);
#835 = AXIS2_PLACEMENT_3D('',#836,#837,#838);
#836 = CARTESIAN_POINT('',(-1.24443330544,0.804304512606,0.864000022411)
  );
#837 = DIRECTION('',(2.04597561824E-28,-1.659849963769E-27,-1.));
#838 = DIRECTION('',(0.,-1.,1.659849963769E-27));
#839 = DEFINITIONAL_REPRESENTATION('',(#840),#843);
#840 = B_SPLINE_CURVE_WITH_KNOTS('',1,(#841,#842),.UNSPECIFIED.,.F.,.F.,
  (2,2),(0.,1.129015057632E-02),.PIECEWISE_BEZIER_KNOTS.);
#841 = CARTESIAN_POINT('',(-1.78792847621E-03,-3.681828754949E-02));
#842 = CARTESIAN_POINT('',(-6.55939949977E-03,-2.65859581809E-02));
#843 = ( GEOMETRIC_REPRESENTATION_CONTEXT(2) 
PARAMETRIC_REPRESENTATION_CONTEXT() REPRESENTATION_CONTEXT('2D SPACE',''
  ) );
#844 = ADVANCED_FACE('',(#845),#809,.T.);
#845 = FACE_BOUND('',#846,.T.);
#846 = EDGE_LOOP('',(#847,#848,#875));
#847 = ORIENTED_EDGE('',*,*,#793,.F.);
#848 = ORIENTED_EDGE('',*,*,#849,.T.);
#849 = EDGE_CURVE('',#738,#850,#852,.T.);
#850 = VERTEX_POINT('',#851);
#851 = CARTESIAN_POINT('',(-1.207615017891,0.806092441082,0.865999996662
    ));
#852 = SURFACE_CURVE('',#853,(#857,#864),.PCURVE_S1.);
#853 = LINE('',#854,#855);
#854 = CARTESIAN_POINT('',(-1.21784734726,0.810863912106,0.865999996662)
  );
#855 = VECTOR('',#856,1.);
#856 = DIRECTION('',(0.906305837059,-0.422622443457,0.));
#857 = PCURVE('',#809,#858);
#858 = DEFINITIONAL_REPRESENTATION('',(#859),#863);
#859 = LINE('',#860,#861);
#860 = CARTESIAN_POINT('',(-6.101125670829E-03,-5.439367427281E-04));
#861 = VECTOR('',#862,1.);
#862 = DIRECTION('',(1.,0.));
#863 = ( GEOMETRIC_REPRESENTATION_CONTEXT(2) 
PARAMETRIC_REPRESENTATION_CONTEXT() REPRESENTATION_CONTEXT('2D SPACE',''
  ) );
#864 = PCURVE('',#865,#870);
#865 = PLANE('',#866);
#866 = AXIS2_PLACEMENT_3D('',#867,#868,#869);
#867 = CARTESIAN_POINT('',(-1.248467767667,0.800555573613,0.865999996662
    ));
#868 = DIRECTION('',(1.127565720038E-27,-5.241048258114E-27,1.));
#869 = DIRECTION('',(0.,1.,5.241048258114E-27));
#870 = DEFINITIONAL_REPRESENTATION('',(#871),#874);
#871 = B_SPLINE_CURVE_WITH_KNOTS('',1,(#872,#873),.UNSPECIFIED.,.F.,.F.,
  (2,2),(0.,1.129015057632E-02),.PIECEWISE_BEZIER_KNOTS.);
#872 = CARTESIAN_POINT('',(1.030833849248E-02,-3.06204204071E-02));
#873 = CARTESIAN_POINT('',(5.536867468918E-03,-4.085274977569E-02));
#874 = ( GEOMETRIC_REPRESENTATION_CONTEXT(2) 
PARAMETRIC_REPRESENTATION_CONTEXT() REPRESENTATION_CONTEXT('2D SPACE',''
  ) );
#875 = ORIENTED_EDGE('',*,*,#876,.F.);
#876 = EDGE_CURVE('',#794,#850,#877,.T.);
#877 = SURFACE_CURVE('',#878,(#882,#888),.PCURVE_S1.);
#878 = LINE('',#879,#880);
#879 = CARTESIAN_POINT('',(-1.207615017891,0.806092441082,0.864000022411
    ));
#880 = VECTOR('',#881,1.);
#881 = DIRECTION('',(0.,0.,1.));
#882 = PCURVE('',#809,#883);
#883 = DEFINITIONAL_REPRESENTATION('',(#884),#887);
#884 = B_SPLINE_CURVE_WITH_KNOTS('',1,(#885,#886),.UNSPECIFIED.,.F.,.F.,
  (2,2),(0.,1.999974250793E-03),.PIECEWISE_BEZIER_KNOTS.);
#885 = CARTESIAN_POINT('',(5.189024905492E-03,1.456037508065E-03));
#886 = CARTESIAN_POINT('',(5.189024905492E-03,-5.439367427281E-04));
#887 = ( GEOMETRIC_REPRESENTATION_CONTEXT(2) 
PARAMETRIC_REPRESENTATION_CONTEXT() REPRESENTATION_CONTEXT('2D SPACE',''
  ) );
#888 = PCURVE('',#889,#894);
#889 = PLANE('',#890);
#890 = AXIS2_PLACEMENT_3D('',#891,#892,#893);
#891 = CARTESIAN_POINT('',(-1.203364405264,0.803116146571,0.864543959111
    ));
#892 = DIRECTION('',(0.573574303614,0.819153537644,0.));
#893 = DIRECTION('',(0.819153537644,-0.573574303614,0.));
#894 = DEFINITIONAL_REPRESENTATION('',(#895),#899);
#895 = LINE('',#896,#897);
#896 = CARTESIAN_POINT('',(-5.189030421983E-03,5.439367001174E-04));
#897 = VECTOR('',#898,1.);
#898 = DIRECTION('',(0.,-1.));
#899 = ( GEOMETRIC_REPRESENTATION_CONTEXT(2) 
PARAMETRIC_REPRESENTATION_CONTEXT() REPRESENTATION_CONTEXT('2D SPACE',''
  ) );
#900 = ADVANCED_FACE('',(#901),#889,.T.);
#901 = FACE_BOUND('',#902,.T.);
#902 = EDGE_LOOP('',(#903,#904,#931));
#903 = ORIENTED_EDGE('',*,*,#876,.T.);
#904 = ORIENTED_EDGE('',*,*,#905,.T.);
#905 = EDGE_CURVE('',#850,#906,#908,.T.);
#906 = VERTEX_POINT('',#907);
#907 = CARTESIAN_POINT('',(-1.198366641998,0.79961669445,0.864000022411)
  );
#908 = SURFACE_CURVE('',#909,(#913,#920),.PCURVE_S1.);
#909 = LINE('',#910,#911);
#910 = CARTESIAN_POINT('',(-1.207615017891,0.806092441082,0.865999996662
    ));
#911 = VECTOR('',#912,1.);
#912 = DIRECTION('',(0.806595929792,-0.564781420659,-0.174427500472));
#913 = PCURVE('',#889,#914);
#914 = DEFINITIONAL_REPRESENTATION('',(#915),#919);
#915 = LINE('',#916,#917);
#916 = CARTESIAN_POINT('',(-5.189030421983E-03,-1.456037550676E-03));
#917 = VECTOR('',#918,1.);
#918 = DIRECTION('',(0.984670019387,0.174427500472));
#919 = ( GEOMETRIC_REPRESENTATION_CONTEXT(2) 
PARAMETRIC_REPRESENTATION_CONTEXT() REPRESENTATION_CONTEXT('2D SPACE',''
  ) );
#920 = PCURVE('',#921,#926);
#921 = PLANE('',#922);
#922 = AXIS2_PLACEMENT_3D('',#923,#924,#925);
#923 = CARTESIAN_POINT('',(-1.202617254625,0.802592988961,0.865456059962
    ));
#924 = DIRECTION('',(0.573574303614,0.819153537644,3.630093139067E-16));
#925 = DIRECTION('',(0.819153537644,-0.573574303614,-2.465190328816E-32)
  );
#926 = DEFINITIONAL_REPRESENTATION('',(#927),#930);
#927 = B_SPLINE_CURVE_WITH_KNOTS('',1,(#928,#929),.UNSPECIFIED.,.F.,.F.,
  (2,2),(0.,1.14659342442E-02),.PIECEWISE_BEZIER_KNOTS.);
#928 = CARTESIAN_POINT('',(-6.101131272542E-03,-5.439367001174E-04));
#929 = CARTESIAN_POINT('',(5.189030421983E-03,1.456037550676E-03));
#930 = ( GEOMETRIC_REPRESENTATION_CONTEXT(2) 
PARAMETRIC_REPRESENTATION_CONTEXT() REPRESENTATION_CONTEXT('2D SPACE',''
  ) );
#931 = ORIENTED_EDGE('',*,*,#932,.T.);
#932 = EDGE_CURVE('',#906,#794,#933,.T.);
#933 = SURFACE_CURVE('',#934,(#938,#945),.PCURVE_S1.);
#934 = LINE('',#935,#936);
#935 = CARTESIAN_POINT('',(-1.198366641998,0.79961669445,0.864000022411)
  );
#936 = VECTOR('',#937,1.);
#937 = DIRECTION('',(-0.819153537644,0.573574303614,0.));
#938 = PCURVE('',#889,#939);
#939 = DEFINITIONAL_REPRESENTATION('',(#940),#944);
#940 = LINE('',#941,#942);
#941 = CARTESIAN_POINT('',(6.101131272542E-03,5.439367001174E-04));
#942 = VECTOR('',#943,1.);
#943 = DIRECTION('',(-1.,0.));
#944 = ( GEOMETRIC_REPRESENTATION_CONTEXT(2) 
PARAMETRIC_REPRESENTATION_CONTEXT() REPRESENTATION_CONTEXT('2D SPACE',''
  ) );
#945 = PCURVE('',#946,#951);
#946 = PLANE('',#947);
#947 = AXIS2_PLACEMENT_3D('',#948,#949,#950);
#948 = CARTESIAN_POINT('',(-1.239560247162,0.801257917611,0.864000022411
    ));
#949 = DIRECTION('',(-6.624152241828E-29,5.648800543688E-28,-1.));
#950 = DIRECTION('',(0.,-1.,-5.648800543688E-28));
#951 = DEFINITIONAL_REPRESENTATION('',(#952),#955);
#952 = B_SPLINE_CURVE_WITH_KNOTS('',1,(#953,#954),.UNSPECIFIED.,.F.,.F.,
  (2,2),(0.,1.129016169452E-02),.PIECEWISE_BEZIER_KNOTS.);
#953 = CARTESIAN_POINT('',(1.641223160304E-03,-4.1193605164E-02));
#954 = CARTESIAN_POINT('',(-4.834523471319E-03,-3.194522927136E-02));
#955 = ( GEOMETRIC_REPRESENTATION_CONTEXT(2) 
PARAMETRIC_REPRESENTATION_CONTEXT() REPRESENTATION_CONTEXT('2D SPACE',''
  ) );
#956 = ADVANCED_FACE('',(#957),#921,.T.);
#957 = FACE_BOUND('',#958,.T.);
#958 = EDGE_LOOP('',(#959,#960,#987));
#959 = ORIENTED_EDGE('',*,*,#905,.F.);
#960 = ORIENTED_EDGE('',*,*,#961,.T.);
#961 = EDGE_CURVE('',#850,#962,#964,.T.);
#962 = VERTEX_POINT('',#963);
#963 = CARTESIAN_POINT('',(-1.198366641998,0.79961669445,0.865999996662)
  );
#964 = SURFACE_CURVE('',#965,(#969,#976),.PCURVE_S1.);
#965 = LINE('',#966,#967);
#966 = CARTESIAN_POINT('',(-1.207615017891,0.806092441082,0.865999996662
    ));
#967 = VECTOR('',#968,1.);
#968 = DIRECTION('',(0.819153537644,-0.573574303614,0.));
#969 = PCURVE('',#921,#970);
#970 = DEFINITIONAL_REPRESENTATION('',(#971),#975);
#971 = LINE('',#972,#973);
#972 = CARTESIAN_POINT('',(-6.101131272542E-03,-5.439367001174E-04));
#973 = VECTOR('',#974,1.);
#974 = DIRECTION('',(1.,3.580129147973E-32));
#975 = ( GEOMETRIC_REPRESENTATION_CONTEXT(2) 
PARAMETRIC_REPRESENTATION_CONTEXT() REPRESENTATION_CONTEXT('2D SPACE',''
  ) );
#976 = PCURVE('',#977,#982);
#977 = PLANE('',#978);
#978 = AXIS2_PLACEMENT_3D('',#979,#980,#981);
#979 = CARTESIAN_POINT('',(-1.243573391798,0.797511785251,0.865999996662
    ));
#980 = DIRECTION('',(2.776552624158E-28,-2.154549903957E-27,1.));
#981 = DIRECTION('',(0.,1.,2.154549903957E-27));
#982 = DEFINITIONAL_REPRESENTATION('',(#983),#986);
#983 = B_SPLINE_CURVE_WITH_KNOTS('',1,(#984,#985),.UNSPECIFIED.,.F.,.F.,
  (2,2),(0.,1.129016169452E-02),.PIECEWISE_BEZIER_KNOTS.);
#984 = CARTESIAN_POINT('',(8.580655830623E-03,-3.595837390667E-02));
#985 = CARTESIAN_POINT('',(2.104909199001E-03,-4.520674979931E-02));
#986 = ( GEOMETRIC_REPRESENTATION_CONTEXT(2) 
PARAMETRIC_REPRESENTATION_CONTEXT() REPRESENTATION_CONTEXT('2D SPACE',''
  ) );
#987 = ORIENTED_EDGE('',*,*,#988,.F.);
#988 = EDGE_CURVE('',#906,#962,#989,.T.);
#989 = SURFACE_CURVE('',#990,(#994,#1000),.PCURVE_S1.);
#990 = LINE('',#991,#992);
#991 = CARTESIAN_POINT('',(-1.198366641998,0.79961669445,0.864000022411)
  );
#992 = VECTOR('',#993,1.);
#993 = DIRECTION('',(0.,0.,1.));
#994 = PCURVE('',#921,#995);
#995 = DEFINITIONAL_REPRESENTATION('',(#996),#999);
#996 = B_SPLINE_CURVE_WITH_KNOTS('',1,(#997,#998),.UNSPECIFIED.,.F.,.F.,
  (2,2),(0.,1.999974250793E-03),.PIECEWISE_BEZIER_KNOTS.);
#997 = CARTESIAN_POINT('',(5.189030421983E-03,1.456037550676E-03));
#998 = CARTESIAN_POINT('',(5.189030421983E-03,-5.439367001174E-04));
#999 = ( GEOMETRIC_REPRESENTATION_CONTEXT(2) 
PARAMETRIC_REPRESENTATION_CONTEXT() REPRESENTATION_CONTEXT('2D SPACE',''
  ) );
#1000 = PCURVE('',#1001,#1006);
#1001 = PLANE('',#1002);
#1002 = AXIS2_PLACEMENT_3D('',#1003,#1004,#1005);
#1003 = CARTESIAN_POINT('',(-1.194697454803,0.795947507255,
    0.864543959236));
#1004 = DIRECTION('',(0.707106781187,0.707106781187,-7.260183520168E-16)
  );
#1005 = DIRECTION('',(0.707106781187,-0.707106781187,-9.860761315263E-32
    ));
#1006 = DEFINITIONAL_REPRESENTATION('',(#1007),#1011);
#1007 = LINE('',#1008,#1009);
#1008 = CARTESIAN_POINT('',(-5.18901429514E-03,5.439368246849E-04));
#1009 = VECTOR('',#1010,1.);
#1010 = DIRECTION('',(0.,-1.));
#1011 = ( GEOMETRIC_REPRESENTATION_CONTEXT(2) 
PARAMETRIC_REPRESENTATION_CONTEXT() REPRESENTATION_CONTEXT('2D SPACE',''
  ) );
#1012 = ADVANCED_FACE('',(#1013),#1001,.T.);
#1013 = FACE_BOUND('',#1014,.T.);
#1014 = EDGE_LOOP('',(#1015,#1016,#1043));
#1015 = ORIENTED_EDGE('',*,*,#988,.T.);
#1016 = ORIENTED_EDGE('',*,*,#1017,.T.);
#1017 = EDGE_CURVE('',#962,#1018,#1020,.T.);
#1018 = VERTEX_POINT('',#1019);
#1019 = CARTESIAN_POINT('',(-1.190383315086,0.791633367538,
    0.864000022411));
#1020 = SURFACE_CURVE('',#1021,(#1025,#1032),.PCURVE_S1.);
#1021 = LINE('',#1022,#1023);
#1022 = CARTESIAN_POINT('',(-1.198366641998,0.79961669445,0.865999996662
    ));
#1023 = VECTOR('',#1024,1.);
#1024 = DIRECTION('',(0.696266786954,-0.696266786954,-0.174427987348));
#1025 = PCURVE('',#1001,#1026);
#1026 = DEFINITIONAL_REPRESENTATION('',(#1027),#1031);
#1027 = LINE('',#1028,#1029);
#1028 = CARTESIAN_POINT('',(-5.18901429514E-03,-1.456037426109E-03));
#1029 = VECTOR('',#1030,1.);
#1030 = DIRECTION('',(0.98466993314,0.174427987348));
#1031 = ( GEOMETRIC_REPRESENTATION_CONTEXT(2) 
PARAMETRIC_REPRESENTATION_CONTEXT() REPRESENTATION_CONTEXT('2D SPACE',''
  ) );
#1032 = PCURVE('',#1033,#1038);
#1033 = PLANE('',#1034);
#1034 = AXIS2_PLACEMENT_3D('',#1035,#1036,#1037);
#1035 = CARTESIAN_POINT('',(-1.194052502282,0.795302554734,
    0.865456059837));
#1036 = DIRECTION('',(0.707106781187,0.707106781187,0.));
#1037 = DIRECTION('',(0.707106781187,-0.707106781187,0.));
#1038 = DEFINITIONAL_REPRESENTATION('',(#1039),#1042);
#1039 = B_SPLINE_CURVE_WITH_KNOTS('',1,(#1040,#1041),.UNSPECIFIED.,.F.,
  .F.,(2,2),(0.,1.146590223965E-02),.PIECEWISE_BEZIER_KNOTS.);
#1040 = CARTESIAN_POINT('',(-6.101114896564E-03,-5.439368246848E-04));
#1041 = CARTESIAN_POINT('',(5.18901429514E-03,1.456037426109E-03));
#1042 = ( GEOMETRIC_REPRESENTATION_CONTEXT(2) 
PARAMETRIC_REPRESENTATION_CONTEXT() REPRESENTATION_CONTEXT('2D SPACE',''
  ) );
#1043 = ORIENTED_EDGE('',*,*,#1044,.T.);
#1044 = EDGE_CURVE('',#1018,#906,#1045,.T.);
#1045 = SURFACE_CURVE('',#1046,(#1050,#1057),.PCURVE_S1.);
#1046 = LINE('',#1047,#1048);
#1047 = CARTESIAN_POINT('',(-1.190383315086,0.791633367538,
    0.864000022411));
#1048 = VECTOR('',#1049,1.);
#1049 = DIRECTION('',(-0.707106781187,0.707106781187,0.));
#1050 = PCURVE('',#1001,#1051);
#1051 = DEFINITIONAL_REPRESENTATION('',(#1052),#1056);
#1052 = LINE('',#1053,#1054);
#1053 = CARTESIAN_POINT('',(6.101114896564E-03,5.439368246849E-04));
#1054 = VECTOR('',#1055,1.);
#1055 = DIRECTION('',(-1.,1.659148038106E-31));
#1056 = ( GEOMETRIC_REPRESENTATION_CONTEXT(2) 
PARAMETRIC_REPRESENTATION_CONTEXT() REPRESENTATION_CONTEXT('2D SPACE',''
  ) );
#1057 = PCURVE('',#1058,#1063);
#1058 = PLANE('',#1059);
#1059 = AXIS2_PLACEMENT_3D('',#1060,#1061,#1062);
#1060 = CARTESIAN_POINT('',(-1.235268785199,0.797410488906,
    0.864000022411));
#1061 = DIRECTION('',(-3.187216323691E-29,-6.951411354519E-28,-1.));
#1062 = DIRECTION('',(0.,-1.,6.951411354519E-28));
#1063 = DEFINITIONAL_REPRESENTATION('',(#1064),#1067);
#1064 = B_SPLINE_CURVE_WITH_KNOTS('',1,(#1065,#1066),.UNSPECIFIED.,.F.,
  .F.,(2,2),(0.,1.12901291917E-02),.PIECEWISE_BEZIER_KNOTS.);
#1065 = CARTESIAN_POINT('',(5.777121367599E-03,-4.488547011237E-02));
#1066 = CARTESIAN_POINT('',(-2.206205544327E-03,-3.690214320044E-02));
#1067 = ( GEOMETRIC_REPRESENTATION_CONTEXT(2) 
PARAMETRIC_REPRESENTATION_CONTEXT() REPRESENTATION_CONTEXT('2D SPACE',''
  ) );
#1068 = ADVANCED_FACE('',(#1069),#1033,.T.);
#1069 = FACE_BOUND('',#1070,.T.);
#1070 = EDGE_LOOP('',(#1071,#1072,#1099));
#1071 = ORIENTED_EDGE('',*,*,#1017,.F.);
#1072 = ORIENTED_EDGE('',*,*,#1073,.T.);
#1073 = EDGE_CURVE('',#962,#1074,#1076,.T.);
#1074 = VERTEX_POINT('',#1075);
#1075 = CARTESIAN_POINT('',(-1.190383315086,0.791633367538,
    0.865999996662));
#1076 = SURFACE_CURVE('',#1077,(#1081,#1088),.PCURVE_S1.);
#1077 = LINE('',#1078,#1079);
#1078 = CARTESIAN_POINT('',(-1.198366641998,0.79961669445,0.865999996662
    ));
#1079 = VECTOR('',#1080,1.);
#1080 = DIRECTION('',(0.707106781187,-0.707106781187,0.));
#1081 = PCURVE('',#1033,#1082);
#1082 = DEFINITIONAL_REPRESENTATION('',(#1083),#1087);
#1083 = LINE('',#1084,#1085);
#1084 = CARTESIAN_POINT('',(-6.101114896564E-03,-5.439368246848E-04));
#1085 = VECTOR('',#1086,1.);
#1086 = DIRECTION('',(1.,0.));
#1087 = ( GEOMETRIC_REPRESENTATION_CONTEXT(2) 
PARAMETRIC_REPRESENTATION_CONTEXT() REPRESENTATION_CONTEXT('2D SPACE',''
  ) );
#1088 = PCURVE('',#1089,#1094);
#1089 = PLANE('',#1090);
#1090 = AXIS2_PLACEMENT_3D('',#1091,#1092,#1093);
#1091 = CARTESIAN_POINT('',(-1.239260448655,0.793665293707,
    0.865999996662));
#1092 = DIRECTION('',(0.,0.,1.));
#1093 = DIRECTION('',(1.,0.,-0.));
#1094 = DEFINITIONAL_REPRESENTATION('',(#1095),#1098);
#1095 = B_SPLINE_CURVE_WITH_KNOTS('',1,(#1096,#1097),.UNSPECIFIED.,.F.,
  .F.,(2,2),(0.,1.12901291917E-02),.PIECEWISE_BEZIER_KNOTS.);
#1096 = CARTESIAN_POINT('',(4.089380665641E-02,5.951400743396E-03));
#1097 = CARTESIAN_POINT('',(4.887713356833E-02,-2.03192616853E-03));
#1098 = ( GEOMETRIC_REPRESENTATION_CONTEXT(2) 
PARAMETRIC_REPRESENTATION_CONTEXT() REPRESENTATION_CONTEXT('2D SPACE',''
  ) );
#1099 = ORIENTED_EDGE('',*,*,#1100,.F.);
#1100 = EDGE_CURVE('',#1018,#1074,#1101,.T.);
#1101 = SURFACE_CURVE('',#1102,(#1106,#1112),.PCURVE_S1.);
#1102 = LINE('',#1103,#1104);
#1103 = CARTESIAN_POINT('',(-1.190383315086,0.791633367538,
    0.864000022411));
#1104 = VECTOR('',#1105,1.);
#1105 = DIRECTION('',(0.,0.,1.));
#1106 = PCURVE('',#1033,#1107);
#1107 = DEFINITIONAL_REPRESENTATION('',(#1108),#1111);
#1108 = B_SPLINE_CURVE_WITH_KNOTS('',1,(#1109,#1110),.UNSPECIFIED.,.F.,
  .F.,(2,2),(0.,1.999974250793E-03),.PIECEWISE_BEZIER_KNOTS.);
#1109 = CARTESIAN_POINT('',(5.18901429514E-03,1.456037426109E-03));
#1110 = CARTESIAN_POINT('',(5.18901429514E-03,-5.439368246848E-04));
#1111 = ( GEOMETRIC_REPRESENTATION_CONTEXT(2) 
PARAMETRIC_REPRESENTATION_CONTEXT() REPRESENTATION_CONTEXT('2D SPACE',''
  ) );
#1112 = PCURVE('',#1113,#1118);
#1113 = PLANE('',#1114);
#1114 = AXIS2_PLACEMENT_3D('',#1115,#1116,#1117);
#1115 = CARTESIAN_POINT('',(-1.187406992464,0.787382753887,0.86454395898
    ));
#1116 = DIRECTION('',(0.819151057168,0.573577846103,0.));
#1117 = DIRECTION('',(-0.573577846103,0.819151057168,0.));
#1118 = DEFINITIONAL_REPRESENTATION('',(#1119),#1123);
#1119 = LINE('',#1120,#1121);
#1120 = CARTESIAN_POINT('',(5.189047384858E-03,-5.439365690932E-04));
#1121 = VECTOR('',#1122,1.);
#1122 = DIRECTION('',(0.,1.));
#1123 = ( GEOMETRIC_REPRESENTATION_CONTEXT(2) 
PARAMETRIC_REPRESENTATION_CONTEXT() REPRESENTATION_CONTEXT('2D SPACE',''
  ) );
#1124 = ADVANCED_FACE('',(#1125),#1113,.T.);
#1125 = FACE_BOUND('',#1126,.T.);
#1126 = EDGE_LOOP('',(#1127,#1128,#1155));
#1127 = ORIENTED_EDGE('',*,*,#1100,.T.);
#1128 = ORIENTED_EDGE('',*,*,#1129,.T.);
#1129 = EDGE_CURVE('',#1074,#1130,#1132,.T.);
#1130 = VERTEX_POINT('',#1131);
#1131 = CARTESIAN_POINT('',(-1.18390750885,0.782384991646,0.864000022411
    ));
#1132 = SURFACE_CURVE('',#1133,(#1137,#1144),.PCURVE_S1.);
#1133 = LINE('',#1134,#1135);
#1134 = CARTESIAN_POINT('',(-1.190383315086,0.791633367538,
    0.865999996662));
#1135 = VECTOR('',#1136,1.);
#1136 = DIRECTION('',(0.564784960876,-0.806593561653,-0.174426988359));
#1137 = PCURVE('',#1113,#1138);
#1138 = DEFINITIONAL_REPRESENTATION('',(#1139),#1143);
#1139 = LINE('',#1140,#1141);
#1140 = CARTESIAN_POINT('',(5.189047384858E-03,1.4560376817E-03));
#1141 = VECTOR('',#1142,1.);
#1142 = DIRECTION('',(-0.984670110104,-0.174426988359));
#1143 = ( GEOMETRIC_REPRESENTATION_CONTEXT(2) 
PARAMETRIC_REPRESENTATION_CONTEXT() REPRESENTATION_CONTEXT('2D SPACE',''
  ) );
#1144 = PCURVE('',#1145,#1150);
#1145 = PLANE('',#1146);
#1146 = AXIS2_PLACEMENT_3D('',#1147,#1148,#1149);
#1147 = CARTESIAN_POINT('',(-1.186883831472,0.786635605297,
    0.865456060093));
#1148 = DIRECTION('',(0.819151057168,0.573577846103,-3.63009458953E-16)
  );
#1149 = DIRECTION('',(-0.573577846103,0.819151057168,0.));
#1150 = DEFINITIONAL_REPRESENTATION('',(#1151),#1154);
#1151 = B_SPLINE_CURVE_WITH_KNOTS('',1,(#1152,#1153),.UNSPECIFIED.,.F.,
  .F.,(2,2),(0.,1.14659679079E-02),.PIECEWISE_BEZIER_KNOTS.);
#1152 = CARTESIAN_POINT('',(6.101148497465E-03,5.439365690934E-04));
#1153 = CARTESIAN_POINT('',(-5.189047384858E-03,-1.4560376817E-03));
#1154 = ( GEOMETRIC_REPRESENTATION_CONTEXT(2) 
PARAMETRIC_REPRESENTATION_CONTEXT() REPRESENTATION_CONTEXT('2D SPACE',''
  ) );
#1155 = ORIENTED_EDGE('',*,*,#1156,.T.);
#1156 = EDGE_CURVE('',#1130,#1018,#1157,.T.);
#1157 = SURFACE_CURVE('',#1158,(#1162,#1169),.PCURVE_S1.);
#1158 = LINE('',#1159,#1160);
#1159 = CARTESIAN_POINT('',(-1.18390750885,0.782384991646,0.864000022411
    ));
#1160 = VECTOR('',#1161,1.);
#1161 = DIRECTION('',(-0.573577846103,0.819151057168,0.));
#1162 = PCURVE('',#1113,#1163);
#1163 = DEFINITIONAL_REPRESENTATION('',(#1164),#1168);
#1164 = LINE('',#1165,#1166);
#1165 = CARTESIAN_POINT('',(-6.101148497465E-03,-5.439365690932E-04));
#1166 = VECTOR('',#1167,1.);
#1167 = DIRECTION('',(1.,0.));
#1168 = ( GEOMETRIC_REPRESENTATION_CONTEXT(2) 
PARAMETRIC_REPRESENTATION_CONTEXT() REPRESENTATION_CONTEXT('2D SPACE',''
  ) );
#1169 = PCURVE('',#1170,#1175);
#1170 = PLANE('',#1171);
#1171 = AXIS2_PLACEMENT_3D('',#1172,#1173,#1174);
#1172 = CARTESIAN_POINT('',(-1.231689275188,0.792873484734,
    0.864000022411));
#1173 = DIRECTION('',(-2.368252016679E-28,-1.739499850572E-27,-1.));
#1174 = DIRECTION('',(0.,-1.,1.739499850572E-27));
#1175 = DEFINITIONAL_REPRESENTATION('',(#1176),#1179);
#1176 = B_SPLINE_CURVE_WITH_KNOTS('',1,(#1177,#1178),.UNSPECIFIED.,.F.,
  .F.,(2,2),(0.,1.129019588232E-02),.PIECEWISE_BEZIER_KNOTS.);
#1177 = CARTESIAN_POINT('',(1.04884930885E-02,-4.778176633821E-02));
#1178 = CARTESIAN_POINT('',(1.240117195858E-03,-4.130596010194E-02));
#1179 = ( GEOMETRIC_REPRESENTATION_CONTEXT(2) 
PARAMETRIC_REPRESENTATION_CONTEXT() REPRESENTATION_CONTEXT('2D SPACE',''
  ) );
#1180 = ADVANCED_FACE('',(#1181),#1145,.T.);
#1181 = FACE_BOUND('',#1182,.T.);
#1182 = EDGE_LOOP('',(#1183,#1184,#1211));
#1183 = ORIENTED_EDGE('',*,*,#1129,.F.);
#1184 = ORIENTED_EDGE('',*,*,#1185,.T.);
#1185 = EDGE_CURVE('',#1074,#1186,#1188,.T.);
#1186 = VERTEX_POINT('',#1187);
#1187 = CARTESIAN_POINT('',(-1.18390750885,0.782384991646,0.865999996662
    ));
#1188 = SURFACE_CURVE('',#1189,(#1193,#1200),.PCURVE_S1.);
#1189 = LINE('',#1190,#1191);
#1190 = CARTESIAN_POINT('',(-1.190383315086,0.791633367538,
    0.865999996662));
#1191 = VECTOR('',#1192,1.);
#1192 = DIRECTION('',(0.573577846103,-0.819151057168,0.));
#1193 = PCURVE('',#1145,#1194);
#1194 = DEFINITIONAL_REPRESENTATION('',(#1195),#1199);
#1195 = LINE('',#1196,#1197);
#1196 = CARTESIAN_POINT('',(6.101148497465E-03,5.439365690934E-04));
#1197 = VECTOR('',#1198,1.);
#1198 = DIRECTION('',(-1.,0.));
#1199 = ( GEOMETRIC_REPRESENTATION_CONTEXT(2) 
PARAMETRIC_REPRESENTATION_CONTEXT() REPRESENTATION_CONTEXT('2D SPACE',''
  ) );
#1200 = PCURVE('',#1201,#1206);
#1201 = PLANE('',#1202);
#1202 = AXIS2_PLACEMENT_3D('',#1203,#1204,#1205);
#1203 = CARTESIAN_POINT('',(-1.235659457424,0.789127353053,
    0.865999996662));
#1204 = DIRECTION('',(-2.344754983106E-29,-5.777765783444E-28,1.));
#1205 = DIRECTION('',(0.,1.,5.777765783444E-28));
#1206 = DEFINITIONAL_REPRESENTATION('',(#1207),#1210);
#1207 = B_SPLINE_CURVE_WITH_KNOTS('',1,(#1208,#1209),.UNSPECIFIED.,.F.,
  .F.,(2,2),(0.,1.129019588232E-02),.PIECEWISE_BEZIER_KNOTS.);
#1208 = CARTESIAN_POINT('',(2.506014485455E-03,-4.527614233777E-02));
#1209 = CARTESIAN_POINT('',(-6.742361407184E-03,-5.175194857404E-02));
#1210 = ( GEOMETRIC_REPRESENTATION_CONTEXT(2) 
PARAMETRIC_REPRESENTATION_CONTEXT() REPRESENTATION_CONTEXT('2D SPACE',''
  ) );
#1211 = ORIENTED_EDGE('',*,*,#1212,.F.);
#1212 = EDGE_CURVE('',#1130,#1186,#1213,.T.);
#1213 = SURFACE_CURVE('',#1214,(#1218,#1224),.PCURVE_S1.);
#1214 = LINE('',#1215,#1216);
#1215 = CARTESIAN_POINT('',(-1.18390750885,0.782384991646,0.864000022411
    ));
#1216 = VECTOR('',#1217,1.);
#1217 = DIRECTION('',(0.,0.,1.));
#1218 = PCURVE('',#1145,#1219);
#1219 = DEFINITIONAL_REPRESENTATION('',(#1220),#1223);
#1220 = B_SPLINE_CURVE_WITH_KNOTS('',1,(#1221,#1222),.UNSPECIFIED.,.F.,
  .F.,(2,2),(0.,1.999974250793E-03),.PIECEWISE_BEZIER_KNOTS.);
#1221 = CARTESIAN_POINT('',(-5.189047384858E-03,-1.4560376817E-03));
#1222 = CARTESIAN_POINT('',(-5.189047384858E-03,5.439365690934E-04));
#1223 = ( GEOMETRIC_REPRESENTATION_CONTEXT(2) 
PARAMETRIC_REPRESENTATION_CONTEXT() REPRESENTATION_CONTEXT('2D SPACE',''
  ) );
#1224 = PCURVE('',#1225,#1230);
#1225 = PLANE('',#1226);
#1226 = AXIS2_PLACEMENT_3D('',#1227,#1228,#1229);
#1227 = CARTESIAN_POINT('',(-1.181714566033,0.777682149755,
    0.864543959347));
#1228 = DIRECTION('',(0.906309881282,0.422613770587,3.630090529905E-16)
  );
#1229 = DIRECTION('',(-0.422613770587,0.906309881282,0.));
#1230 = DEFINITIONAL_REPRESENTATION('',(#1231),#1235);
#1231 = LINE('',#1232,#1233);
#1232 = CARTESIAN_POINT('',(5.188999908572E-03,-5.439369358102E-04));
#1233 = VECTOR('',#1234,1.);
#1234 = DIRECTION('',(0.,1.));
#1235 = ( GEOMETRIC_REPRESENTATION_CONTEXT(2) 
PARAMETRIC_REPRESENTATION_CONTEXT() REPRESENTATION_CONTEXT('2D SPACE',''
  ) );
#1236 = ADVANCED_FACE('',(#1237),#1225,.T.);
#1237 = FACE_BOUND('',#1238,.T.);
#1238 = EDGE_LOOP('',(#1239,#1240,#1267));
#1239 = ORIENTED_EDGE('',*,*,#1212,.T.);
#1240 = ORIENTED_EDGE('',*,*,#1241,.T.);
#1241 = EDGE_CURVE('',#1186,#1242,#1244,.T.);
#1242 = VERTEX_POINT('',#1243);
#1243 = CARTESIAN_POINT('',(-1.179136157036,0.772152662277,
    0.864000022411));
#1244 = SURFACE_CURVE('',#1245,(#1249,#1256),.PCURVE_S1.);
#1245 = LINE('',#1246,#1247);
#1246 = CARTESIAN_POINT('',(-1.18390750885,0.782384991646,0.865999996662
    ));
#1247 = VECTOR('',#1248,1.);
#1248 = DIRECTION('',(0.416135040712,-0.892416020475,-0.174428421687));
#1249 = PCURVE('',#1225,#1250);
#1250 = DEFINITIONAL_REPRESENTATION('',(#1251),#1255);
#1251 = LINE('',#1252,#1253);
#1252 = CARTESIAN_POINT('',(5.188999908572E-03,1.456037314983E-03));
#1253 = VECTOR('',#1254,1.);
#1254 = DIRECTION('',(-0.984669856199,-0.174428421687));
#1255 = ( GEOMETRIC_REPRESENTATION_CONTEXT(2) 
PARAMETRIC_REPRESENTATION_CONTEXT() REPRESENTATION_CONTEXT('2D SPACE',''
  ) );
#1256 = PCURVE('',#1257,#1262);
#1257 = PLANE('',#1258);
#1258 = AXIS2_PLACEMENT_3D('',#1259,#1260,#1261);
#1259 = CARTESIAN_POINT('',(-1.181329099853,0.776855504168,
    0.865456059726));
#1260 = DIRECTION('',(0.906309881282,0.422613770587,3.630090529905E-16)
  );
#1261 = DIRECTION('',(-0.422613770587,0.906309881282,0.));
#1262 = DEFINITIONAL_REPRESENTATION('',(#1263),#1266);
#1263 = B_SPLINE_CURVE_WITH_KNOTS('',1,(#1264,#1265),.UNSPECIFIED.,.F.,
  .F.,(2,2),(0.,1.146587368876E-02),.PIECEWISE_BEZIER_KNOTS.);
#1264 = CARTESIAN_POINT('',(6.101100287745E-03,5.439369358103E-04));
#1265 = CARTESIAN_POINT('',(-5.188999908572E-03,-1.456037314983E-03));
#1266 = ( GEOMETRIC_REPRESENTATION_CONTEXT(2) 
PARAMETRIC_REPRESENTATION_CONTEXT() REPRESENTATION_CONTEXT('2D SPACE',''
  ) );
#1267 = ORIENTED_EDGE('',*,*,#1268,.T.);
#1268 = EDGE_CURVE('',#1242,#1130,#1269,.T.);
#1269 = SURFACE_CURVE('',#1270,(#1274,#1281),.PCURVE_S1.);
#1270 = LINE('',#1271,#1272);
#1271 = CARTESIAN_POINT('',(-1.179136157036,0.772152662277,
    0.864000022411));
#1272 = VECTOR('',#1273,1.);
#1273 = DIRECTION('',(-0.422613770587,0.906309881282,0.));
#1274 = PCURVE('',#1225,#1275);
#1275 = DEFINITIONAL_REPRESENTATION('',(#1276),#1280);
#1276 = LINE('',#1277,#1278);
#1277 = CARTESIAN_POINT('',(-6.101100287745E-03,-5.439369358102E-04));
#1278 = VECTOR('',#1279,1.);
#1279 = DIRECTION('',(1.,2.015105043887E-32));
#1280 = ( GEOMETRIC_REPRESENTATION_CONTEXT(2) 
PARAMETRIC_REPRESENTATION_CONTEXT() REPRESENTATION_CONTEXT('2D SPACE',''
  ) );
#1281 = PCURVE('',#1282,#1287);
#1282 = PLANE('',#1283);
#1283 = AXIS2_PLACEMENT_3D('',#1284,#1285,#1286);
#1284 = CARTESIAN_POINT('',(-1.228931047952,0.787779192352,
    0.864000022411));
#1285 = DIRECTION('',(-0.,-0.,-1.));
#1286 = DIRECTION('',(-1.,0.,0.));
#1287 = DEFINITIONAL_REPRESENTATION('',(#1288),#1291);
#1288 = B_SPLINE_CURVE_WITH_KNOTS('',1,(#1289,#1290),.UNSPECIFIED.,.F.,
  .F.,(2,2),(0.,1.129010019632E-02),.PIECEWISE_BEZIER_KNOTS.);
#1289 = CARTESIAN_POINT('',(-4.979489091662E-02,-1.562653007448E-02));
#1290 = CARTESIAN_POINT('',(-4.502353910235E-02,-5.39420070589E-03));
#1291 = ( GEOMETRIC_REPRESENTATION_CONTEXT(2) 
PARAMETRIC_REPRESENTATION_CONTEXT() REPRESENTATION_CONTEXT('2D SPACE',''
  ) );
#1292 = ADVANCED_FACE('',(#1293),#1257,.T.);
#1293 = FACE_BOUND('',#1294,.T.);
#1294 = EDGE_LOOP('',(#1295,#1296,#1323));
#1295 = ORIENTED_EDGE('',*,*,#1241,.F.);
#1296 = ORIENTED_EDGE('',*,*,#1297,.T.);
#1297 = EDGE_CURVE('',#1186,#1298,#1300,.T.);
#1298 = VERTEX_POINT('',#1299);
#1299 = CARTESIAN_POINT('',(-1.179136157036,0.772152662277,
    0.865999996662));
#1300 = SURFACE_CURVE('',#1301,(#1305,#1312),.PCURVE_S1.);
#1301 = LINE('',#1302,#1303);
#1302 = CARTESIAN_POINT('',(-1.18390750885,0.782384991646,0.865999996662
    ));
#1303 = VECTOR('',#1304,1.);
#1304 = DIRECTION('',(0.422613770587,-0.906309881282,0.));
#1305 = PCURVE('',#1257,#1306);
#1306 = DEFINITIONAL_REPRESENTATION('',(#1307),#1311);
#1307 = LINE('',#1308,#1309);
#1308 = CARTESIAN_POINT('',(6.101100287745E-03,5.439369358103E-04));
#1309 = VECTOR('',#1310,1.);
#1310 = DIRECTION('',(-1.,-2.015105043887E-32));
#1311 = ( GEOMETRIC_REPRESENTATION_CONTEXT(2) 
PARAMETRIC_REPRESENTATION_CONTEXT() REPRESENTATION_CONTEXT('2D SPACE',''
  ) );
#1312 = PCURVE('',#1313,#1318);
#1313 = PLANE('',#1314);
#1314 = AXIS2_PLACEMENT_3D('',#1315,#1316,#1317);
#1315 = CARTESIAN_POINT('',(-1.232879912681,0.784030252174,
    0.865999996662));
#1316 = DIRECTION('',(0.,0.,1.));
#1317 = DIRECTION('',(1.,0.,-0.));
#1318 = DEFINITIONAL_REPRESENTATION('',(#1319),#1322);
#1319 = B_SPLINE_CURVE_WITH_KNOTS('',1,(#1320,#1321),.UNSPECIFIED.,.F.,
  .F.,(2,2),(0.,1.129010019632E-02),.PIECEWISE_BEZIER_KNOTS.);
#1320 = CARTESIAN_POINT('',(4.89724038306E-02,-1.64526052806E-03));
#1321 = CARTESIAN_POINT('',(5.374375564487E-02,-1.187758989665E-02));
#1322 = ( GEOMETRIC_REPRESENTATION_CONTEXT(2) 
PARAMETRIC_REPRESENTATION_CONTEXT() REPRESENTATION_CONTEXT('2D SPACE',''
  ) );
#1323 = ORIENTED_EDGE('',*,*,#1324,.F.);
#1324 = EDGE_CURVE('',#1242,#1298,#1325,.T.);
#1325 = SURFACE_CURVE('',#1326,(#1330,#1336),.PCURVE_S1.);
#1326 = LINE('',#1327,#1328);
#1327 = CARTESIAN_POINT('',(-1.179136157036,0.772152662277,
    0.864000022411));
#1328 = VECTOR('',#1329,1.);
#1329 = DIRECTION('',(0.,0.,1.));
#1330 = PCURVE('',#1257,#1331);
#1331 = DEFINITIONAL_REPRESENTATION('',(#1332),#1335);
#1332 = B_SPLINE_CURVE_WITH_KNOTS('',1,(#1333,#1334),.UNSPECIFIED.,.F.,
  .F.,(2,2),(0.,1.999974250793E-03),.PIECEWISE_BEZIER_KNOTS.);
#1333 = CARTESIAN_POINT('',(-5.188999908572E-03,-1.456037314983E-03));
#1334 = CARTESIAN_POINT('',(-5.188999908572E-03,5.439369358103E-04));
#1335 = ( GEOMETRIC_REPRESENTATION_CONTEXT(2) 
PARAMETRIC_REPRESENTATION_CONTEXT() REPRESENTATION_CONTEXT('2D SPACE',''
  ) );
#1336 = PCURVE('',#1337,#1342);
#1337 = PLANE('',#1338);
#1338 = AXIS2_PLACEMENT_3D('',#1339,#1340,#1341);
#1339 = CARTESIAN_POINT('',(-1.17779310564,0.767140450136,0.864543959096
    ));
#1340 = DIRECTION('',(0.965924226755,0.258825014571,1.815046655564E-16)
  );
#1341 = DIRECTION('',(-0.258825014571,0.965924226755,0.));
#1342 = DEFINITIONAL_REPRESENTATION('',(#1343),#1347);
#1343 = LINE('',#1344,#1345);
#1344 = CARTESIAN_POINT('',(5.189032434196E-03,-5.439366845748E-04));
#1345 = VECTOR('',#1346,1.);
#1346 = DIRECTION('',(0.,1.));
#1347 = ( GEOMETRIC_REPRESENTATION_CONTEXT(2) 
PARAMETRIC_REPRESENTATION_CONTEXT() REPRESENTATION_CONTEXT('2D SPACE',''
  ) );
#1348 = ADVANCED_FACE('',(#1349),#1337,.T.);
#1349 = FACE_BOUND('',#1350,.T.);
#1350 = EDGE_LOOP('',(#1351,#1352,#1379));
#1351 = ORIENTED_EDGE('',*,*,#1324,.T.);
#1352 = ORIENTED_EDGE('',*,*,#1353,.T.);
#1353 = EDGE_CURVE('',#1298,#1354,#1356,.T.);
#1354 = VERTEX_POINT('',#1355);
#1355 = CARTESIAN_POINT('',(-1.176213979721,0.761247217655,
    0.864000022411));
#1356 = SURFACE_CURVE('',#1357,(#1361,#1368),.PCURVE_S1.);
#1357 = LINE('',#1358,#1359);
#1358 = CARTESIAN_POINT('',(-1.179136157036,0.772152662277,
    0.865999996662));
#1359 = VECTOR('',#1360,1.);
#1360 = DIRECTION('',(0.2548572349,-0.95111663748,-0.174427439723));
#1361 = PCURVE('',#1337,#1362);
#1362 = DEFINITIONAL_REPRESENTATION('',(#1363),#1367);
#1363 = LINE('',#1364,#1365);
#1364 = CARTESIAN_POINT('',(5.189032434196E-03,1.456037566219E-03));
#1365 = VECTOR('',#1366,1.);
#1366 = DIRECTION('',(-0.984670030148,-0.174427439723));
#1367 = ( GEOMETRIC_REPRESENTATION_CONTEXT(2) 
PARAMETRIC_REPRESENTATION_CONTEXT() REPRESENTATION_CONTEXT('2D SPACE',''
  ) );
#1368 = PCURVE('',#1369,#1374);
#1369 = PLANE('',#1370);
#1370 = AXIS2_PLACEMENT_3D('',#1371,#1372,#1373);
#1371 = CARTESIAN_POINT('',(-1.177557031116,0.766259429797,
    0.865456059978));
#1372 = DIRECTION('',(0.965924226755,0.258825014571,0.));
#1373 = DIRECTION('',(-0.258825014571,0.965924226755,0.));
#1374 = DEFINITIONAL_REPRESENTATION('',(#1375),#1378);
#1375 = B_SPLINE_CURVE_WITH_KNOTS('',1,(#1376,#1377),.UNSPECIFIED.,.F.,
  .F.,(2,2),(0.,1.146593823754E-02),.PIECEWISE_BEZIER_KNOTS.);
#1376 = CARTESIAN_POINT('',(6.101133315839E-03,5.439366845748E-04));
#1377 = CARTESIAN_POINT('',(-5.189032434196E-03,-1.456037566219E-03));
#1378 = ( GEOMETRIC_REPRESENTATION_CONTEXT(2) 
PARAMETRIC_REPRESENTATION_CONTEXT() REPRESENTATION_CONTEXT('2D SPACE',''
  ) );
#1379 = ORIENTED_EDGE('',*,*,#1380,.T.);
#1380 = EDGE_CURVE('',#1354,#1242,#1381,.T.);
#1381 = SURFACE_CURVE('',#1382,(#1386,#1393),.PCURVE_S1.);
#1382 = LINE('',#1383,#1384);
#1383 = CARTESIAN_POINT('',(-1.176213979721,0.761247217655,
    0.864000022411));
#1384 = VECTOR('',#1385,1.);
#1385 = DIRECTION('',(-0.258825014571,0.965924226755,0.));
#1386 = PCURVE('',#1337,#1387);
#1387 = DEFINITIONAL_REPRESENTATION('',(#1388),#1392);
#1388 = LINE('',#1389,#1390);
#1389 = CARTESIAN_POINT('',(-6.101133315839E-03,-5.439366845748E-04));
#1390 = VECTOR('',#1391,1.);
#1391 = DIRECTION('',(1.,0.));
#1392 = ( GEOMETRIC_REPRESENTATION_CONTEXT(2) 
PARAMETRIC_REPRESENTATION_CONTEXT() REPRESENTATION_CONTEXT('2D SPACE',''
  ) );
#1393 = PCURVE('',#1394,#1399);
#1394 = PLANE('',#1395);
#1395 = AXIS2_PLACEMENT_3D('',#1396,#1397,#1398);
#1396 = CARTESIAN_POINT('',(-1.227078787529,0.782276858578,
    0.864000022411));
#1397 = DIRECTION('',(-8.921133184404E-30,-2.398317939242E-29,-1.));
#1398 = DIRECTION('',(0.,-1.,2.398317939242E-29));
#1399 = DEFINITIONAL_REPRESENTATION('',(#1400),#1403);
#1400 = B_SPLINE_CURVE_WITH_KNOTS('',1,(#1401,#1402),.UNSPECIFIED.,.F.,
  .F.,(2,2),(0.,1.129016575004E-02),.PIECEWISE_BEZIER_KNOTS.);
#1401 = CARTESIAN_POINT('',(2.102964092288E-02,-5.086480780798E-02));
#1402 = CARTESIAN_POINT('',(1.012419630085E-02,-4.794263049322E-02));
#1403 = ( GEOMETRIC_REPRESENTATION_CONTEXT(2) 
PARAMETRIC_REPRESENTATION_CONTEXT() REPRESENTATION_CONTEXT('2D SPACE',''
  ) );
#1404 = ADVANCED_FACE('',(#1405),#1369,.T.);
#1405 = FACE_BOUND('',#1406,.T.);
#1406 = EDGE_LOOP('',(#1407,#1408,#1435));
#1407 = ORIENTED_EDGE('',*,*,#1353,.F.);
#1408 = ORIENTED_EDGE('',*,*,#1409,.T.);
#1409 = EDGE_CURVE('',#1298,#1410,#1412,.T.);
#1410 = VERTEX_POINT('',#1411);
#1411 = CARTESIAN_POINT('',(-1.176213979721,0.761247217655,
    0.865999996662));
#1412 = SURFACE_CURVE('',#1413,(#1417,#1424),.PCURVE_S1.);
#1413 = LINE('',#1414,#1415);
#1414 = CARTESIAN_POINT('',(-1.179136157036,0.772152662277,
    0.865999996662));
#1415 = VECTOR('',#1416,1.);
#1416 = DIRECTION('',(0.258825014571,-0.965924226755,0.));
#1417 = PCURVE('',#1369,#1418);
#1418 = DEFINITIONAL_REPRESENTATION('',(#1419),#1423);
#1419 = LINE('',#1420,#1421);
#1420 = CARTESIAN_POINT('',(6.101133315839E-03,5.439366845748E-04));
#1421 = VECTOR('',#1422,1.);
#1422 = DIRECTION('',(-1.,0.));
#1423 = ( GEOMETRIC_REPRESENTATION_CONTEXT(2) 
PARAMETRIC_REPRESENTATION_CONTEXT() REPRESENTATION_CONTEXT('2D SPACE',''
  ) );
#1424 = PCURVE('',#1425,#1430);
#1425 = PLANE('',#1426);
#1426 = AXIS2_PLACEMENT_3D('',#1427,#1428,#1429);
#1427 = CARTESIAN_POINT('',(-1.231006660212,0.778523265947,
    0.865999996662));
#1428 = DIRECTION('',(-2.14925175468E-28,-9.459244448191E-28,1.));
#1429 = DIRECTION('',(0.,1.,9.459244448191E-28));
#1430 = DEFINITIONAL_REPRESENTATION('',(#1431),#1434);
#1431 = B_SPLINE_CURVE_WITH_KNOTS('',1,(#1432,#1433),.UNSPECIFIED.,.F.,
  .F.,(2,2),(0.,1.129016575004E-02),.PIECEWISE_BEZIER_KNOTS.);
#1432 = CARTESIAN_POINT('',(-6.370603669812E-03,-5.187050317656E-02));
#1433 = CARTESIAN_POINT('',(-1.727604829185E-02,-5.479268049131E-02));
#1434 = ( GEOMETRIC_REPRESENTATION_CONTEXT(2) 
PARAMETRIC_REPRESENTATION_CONTEXT() REPRESENTATION_CONTEXT('2D SPACE',''
  ) );
#1435 = ORIENTED_EDGE('',*,*,#1436,.F.);
#1436 = EDGE_CURVE('',#1354,#1410,#1437,.T.);
#1437 = SURFACE_CURVE('',#1438,(#1442,#1448),.PCURVE_S1.);
#1438 = LINE('',#1439,#1440);
#1439 = CARTESIAN_POINT('',(-1.176213979721,0.761247217655,
    0.864000022411));
#1440 = VECTOR('',#1441,1.);
#1441 = DIRECTION('',(0.,0.,1.));
#1442 = PCURVE('',#1369,#1443);
#1443 = DEFINITIONAL_REPRESENTATION('',(#1444),#1447);
#1444 = B_SPLINE_CURVE_WITH_KNOTS('',1,(#1445,#1446),.UNSPECIFIED.,.F.,
  .F.,(2,2),(0.,1.999974250793E-03),.PIECEWISE_BEZIER_KNOTS.);
#1445 = CARTESIAN_POINT('',(-5.189032434196E-03,-1.456037566219E-03));
#1446 = CARTESIAN_POINT('',(-5.189032434196E-03,5.439366845748E-04));
#1447 = ( GEOMETRIC_REPRESENTATION_CONTEXT(2) 
PARAMETRIC_REPRESENTATION_CONTEXT() REPRESENTATION_CONTEXT('2D SPACE',''
  ) );
#1448 = PCURVE('',#1449,#1454);
#1449 = PLANE('',#1450);
#1450 = AXIS2_PLACEMENT_3D('',#1451,#1452,#1453);
#1451 = CARTESIAN_POINT('',(-1.175761748374,0.756077924074,
    0.864543959057));
#1452 = DIRECTION('',(0.996195086939,8.715129808736E-02,
    -9.075234342985E-17));
#1453 = DIRECTION('',(-8.715129808736E-02,0.996195086939,0.));
#1454 = DEFINITIONAL_REPRESENTATION('',(#1455),#1459);
#1455 = LINE('',#1456,#1457);
#1456 = CARTESIAN_POINT('',(5.189037416947E-03,-5.439366460872E-04));
#1457 = VECTOR('',#1458,1.);
#1458 = DIRECTION('',(0.,1.));
#1459 = ( GEOMETRIC_REPRESENTATION_CONTEXT(2) 
PARAMETRIC_REPRESENTATION_CONTEXT() REPRESENTATION_CONTEXT('2D SPACE',''
  ) );
#1460 = ADVANCED_FACE('',(#1461),#1449,.T.);
#1461 = FACE_BOUND('',#1462,.T.);
#1462 = EDGE_LOOP('',(#1463,#1464,#1491));
#1463 = ORIENTED_EDGE('',*,*,#1436,.T.);
#1464 = ORIENTED_EDGE('',*,*,#1465,.T.);
#1465 = EDGE_CURVE('',#1410,#1466,#1468,.T.);
#1466 = VERTEX_POINT('',#1467);
#1467 = CARTESIAN_POINT('',(-1.175230026245,0.75,0.864000022411));
#1468 = SURFACE_CURVE('',#1469,(#1473,#1480),.PCURVE_S1.);
#1469 = LINE('',#1470,#1471);
#1470 = CARTESIAN_POINT('',(-1.176213979721,0.761247217655,
    0.865999996662));
#1471 = VECTOR('',#1472,1.);
#1472 = DIRECTION('',(8.581527363751E-02,-0.980923472836,-0.174427289292
    ));
#1473 = PCURVE('',#1449,#1474);
#1474 = DEFINITIONAL_REPRESENTATION('',(#1475),#1479);
#1475 = LINE('',#1476,#1477);
#1476 = CARTESIAN_POINT('',(5.189037416947E-03,1.456037604706E-03));
#1477 = VECTOR('',#1478,1.);
#1478 = DIRECTION('',(-0.984670056796,-0.174427289292));
#1479 = ( GEOMETRIC_REPRESENTATION_CONTEXT(2) 
PARAMETRIC_REPRESENTATION_CONTEXT() REPRESENTATION_CONTEXT('2D SPACE',''
  ) );
#1480 = PCURVE('',#1481,#1486);
#1481 = PLANE('',#1482);
#1482 = AXIS2_PLACEMENT_3D('',#1483,#1484,#1485);
#1483 = CARTESIAN_POINT('',(-1.175682257592,0.755169293581,
    0.865456060016));
#1484 = DIRECTION('',(0.996195086939,8.715129808736E-02,
    9.075234342985E-17));
#1485 = DIRECTION('',(-8.715129808736E-02,0.996195086939,0.));
#1486 = DEFINITIONAL_REPRESENTATION('',(#1487),#1490);
#1487 = B_SPLINE_CURVE_WITH_KNOTS('',1,(#1488,#1489),.UNSPECIFIED.,.F.,
  .F.,(2,2),(0.,1.146594812607E-02),.PIECEWISE_BEZIER_KNOTS.);
#1488 = CARTESIAN_POINT('',(6.101138375567E-03,5.439366460871E-04));
#1489 = CARTESIAN_POINT('',(-5.189037416948E-03,-1.456037604706E-03));
#1490 = ( GEOMETRIC_REPRESENTATION_CONTEXT(2) 
PARAMETRIC_REPRESENTATION_CONTEXT() REPRESENTATION_CONTEXT('2D SPACE',''
  ) );
#1491 = ORIENTED_EDGE('',*,*,#1492,.T.);
#1492 = EDGE_CURVE('',#1466,#1354,#1493,.T.);
#1493 = SURFACE_CURVE('',#1494,(#1498,#1505),.PCURVE_S1.);
#1494 = LINE('',#1495,#1496);
#1495 = CARTESIAN_POINT('',(-1.175230026245,0.75,0.864000022411));
#1496 = VECTOR('',#1497,1.);
#1497 = DIRECTION('',(-8.715129808736E-02,0.996195086939,0.));
#1498 = PCURVE('',#1449,#1499);
#1499 = DEFINITIONAL_REPRESENTATION('',(#1500),#1504);
#1500 = LINE('',#1501,#1502);
#1501 = CARTESIAN_POINT('',(-6.101138375567E-03,-5.439366460872E-04));
#1502 = VECTOR('',#1503,1.);
#1503 = DIRECTION('',(1.,2.518883530363E-33));
#1504 = ( GEOMETRIC_REPRESENTATION_CONTEXT(2) 
PARAMETRIC_REPRESENTATION_CONTEXT() REPRESENTATION_CONTEXT('2D SPACE',''
  ) );
#1505 = PCURVE('',#1506,#1511);
#1506 = PLANE('',#1507);
#1507 = AXIS2_PLACEMENT_3D('',#1508,#1509,#1510);
#1508 = CARTESIAN_POINT('',(-1.22619028144,0.776528242193,0.864000022411
    ));
#1509 = DIRECTION('',(-0.,-0.,-1.));
#1510 = DIRECTION('',(-1.,0.,0.));
#1511 = DEFINITIONAL_REPRESENTATION('',(#1512),#1515);
#1512 = B_SPLINE_CURVE_WITH_KNOTS('',1,(#1513,#1514),.UNSPECIFIED.,.F.,
  .F.,(2,2),(0.,1.129017579251E-02),.PIECEWISE_BEZIER_KNOTS.);
#1513 = CARTESIAN_POINT('',(-5.096025519449E-02,-2.652824219297E-02));
#1514 = CARTESIAN_POINT('',(-4.997630171854E-02,-1.528102453778E-02));
#1515 = ( GEOMETRIC_REPRESENTATION_CONTEXT(2) 
PARAMETRIC_REPRESENTATION_CONTEXT() REPRESENTATION_CONTEXT('2D SPACE',''
  ) );
#1516 = ADVANCED_FACE('',(#1517),#1481,.T.);
#1517 = FACE_BOUND('',#1518,.T.);
#1518 = EDGE_LOOP('',(#1519,#1520,#1547));
#1519 = ORIENTED_EDGE('',*,*,#1465,.F.);
#1520 = ORIENTED_EDGE('',*,*,#1521,.T.);
#1521 = EDGE_CURVE('',#1410,#1522,#1524,.T.);
#1522 = VERTEX_POINT('',#1523);
#1523 = CARTESIAN_POINT('',(-1.175230026245,0.75,0.865999996662));
#1524 = SURFACE_CURVE('',#1525,(#1529,#1536),.PCURVE_S1.);
#1525 = LINE('',#1526,#1527);
#1526 = CARTESIAN_POINT('',(-1.176213979721,0.761247217655,
    0.865999996662));
#1527 = VECTOR('',#1528,1.);
#1528 = DIRECTION('',(8.715129808736E-02,-0.996195086939,0.));
#1529 = PCURVE('',#1481,#1530);
#1530 = DEFINITIONAL_REPRESENTATION('',(#1531),#1535);
#1531 = LINE('',#1532,#1533);
#1532 = CARTESIAN_POINT('',(6.101138375567E-03,5.439366460871E-04));
#1533 = VECTOR('',#1534,1.);
#1534 = DIRECTION('',(-1.,-2.518883530363E-33));
#1535 = ( GEOMETRIC_REPRESENTATION_CONTEXT(2) 
PARAMETRIC_REPRESENTATION_CONTEXT() REPRESENTATION_CONTEXT('2D SPACE',''
  ) );
#1536 = PCURVE('',#1537,#1542);
#1537 = PLANE('',#1538);
#1538 = AXIS2_PLACEMENT_3D('',#1539,#1540,#1541);
#1539 = CARTESIAN_POINT('',(-1.230097647406,0.772768184102,
    0.865999996662));
#1540 = DIRECTION('',(-2.135558844805E-28,-6.611998327721E-28,1.));
#1541 = DIRECTION('',(0.,1.,6.611998327721E-28));
#1542 = DEFINITIONAL_REPRESENTATION('',(#1543),#1546);
#1543 = B_SPLINE_CURVE_WITH_KNOTS('',1,(#1544,#1545),.UNSPECIFIED.,.F.,
  .F.,(2,2),(0.,1.129017579251E-02),.PIECEWISE_BEZIER_KNOTS.);
#1544 = CARTESIAN_POINT('',(-1.152096644726E-02,-5.388366768494E-02));
#1545 = CARTESIAN_POINT('',(-2.276818410244E-02,-5.48676211609E-02));
#1546 = ( GEOMETRIC_REPRESENTATION_CONTEXT(2) 
PARAMETRIC_REPRESENTATION_CONTEXT() REPRESENTATION_CONTEXT('2D SPACE',''
  ) );
#1547 = ORIENTED_EDGE('',*,*,#1548,.F.);
#1548 = EDGE_CURVE('',#1466,#1522,#1549,.T.);
#1549 = SURFACE_CURVE('',#1550,(#1554,#1560),.PCURVE_S1.);
#1550 = LINE('',#1551,#1552);
#1551 = CARTESIAN_POINT('',(-1.175230026245,0.75,0.864000022411));
#1552 = VECTOR('',#1553,1.);
#1553 = DIRECTION('',(0.,0.,1.));
#1554 = PCURVE('',#1481,#1555);
#1555 = DEFINITIONAL_REPRESENTATION('',(#1556),#1559);
#1556 = B_SPLINE_CURVE_WITH_KNOTS('',1,(#1557,#1558),.UNSPECIFIED.,.F.,
  .F.,(2,2),(0.,1.999974250793E-03),.PIECEWISE_BEZIER_KNOTS.);
#1557 = CARTESIAN_POINT('',(-5.189037416948E-03,-1.456037604706E-03));
#1558 = CARTESIAN_POINT('',(-5.189037416948E-03,5.439366460871E-04));
#1559 = ( GEOMETRIC_REPRESENTATION_CONTEXT(2) 
PARAMETRIC_REPRESENTATION_CONTEXT() REPRESENTATION_CONTEXT('2D SPACE',''
  ) );
#1560 = PCURVE('',#1561,#1566);
#1561 = PLANE('',#1562);
#1562 = AXIS2_PLACEMENT_3D('',#1563,#1564,#1565);
#1563 = CARTESIAN_POINT('',(-1.175682257592,0.744830706419,
    0.864543959057));
#1564 = DIRECTION('',(0.996195086939,-8.715129808736E-02,
    1.815046868597E-16));
#1565 = DIRECTION('',(8.715129808736E-02,0.996195086939,0.));
#1566 = DEFINITIONAL_REPRESENTATION('',(#1567),#1571);
#1567 = LINE('',#1568,#1569);
#1568 = CARTESIAN_POINT('',(5.189037416947E-03,-5.439366460872E-04));
#1569 = VECTOR('',#1570,1.);
#1570 = DIRECTION('',(0.,1.));
#1571 = ( GEOMETRIC_REPRESENTATION_CONTEXT(2) 
PARAMETRIC_REPRESENTATION_CONTEXT() REPRESENTATION_CONTEXT('2D SPACE',''
  ) );
#1572 = ADVANCED_FACE('',(#1573),#1587,.T.);
#1573 = FACE_BOUND('',#1574,.T.);
#1574 = EDGE_LOOP('',(#1575,#1609,#1636));
#1575 = ORIENTED_EDGE('',*,*,#1576,.T.);
#1576 = EDGE_CURVE('',#1577,#1579,#1581,.T.);
#1577 = VERTEX_POINT('',#1578);
#1578 = CARTESIAN_POINT('',(-1.281633377075,0.70038330555,0.864000022411
    ));
#1579 = VERTEX_POINT('',#1580);
#1580 = CARTESIAN_POINT('',(-1.281633377075,0.70038330555,0.865999996662
    ));
#1581 = SURFACE_CURVE('',#1582,(#1586,#1598),.PCURVE_S1.);
#1582 = LINE('',#1583,#1584);
#1583 = CARTESIAN_POINT('',(-1.281633377075,0.70038330555,0.864000022411
    ));
#1584 = VECTOR('',#1585,1.);
#1585 = DIRECTION('',(0.,0.,1.));
#1586 = PCURVE('',#1587,#1592);
#1587 = PLANE('',#1588);
#1588 = AXIS2_PLACEMENT_3D('',#1589,#1590,#1591);
#1589 = CARTESIAN_POINT('',(-1.285302564271,0.704052492745,
    0.864543959236));
#1590 = DIRECTION('',(-0.707106781187,-0.707106781187,
    -7.260183520168E-16));
#1591 = DIRECTION('',(-0.707106781187,0.707106781187,-9.860761315263E-32
    ));
#1592 = DEFINITIONAL_REPRESENTATION('',(#1593),#1597);
#1593 = LINE('',#1594,#1595);
#1594 = CARTESIAN_POINT('',(-5.18901429514E-03,5.439368246849E-04));
#1595 = VECTOR('',#1596,1.);
#1596 = DIRECTION('',(0.,-1.));
#1597 = ( GEOMETRIC_REPRESENTATION_CONTEXT(2) 
PARAMETRIC_REPRESENTATION_CONTEXT() REPRESENTATION_CONTEXT('2D SPACE',''
  ) );
#1598 = PCURVE('',#1599,#1604);
#1599 = PLANE('',#1600);
#1600 = AXIS2_PLACEMENT_3D('',#1601,#1602,#1603);
#1601 = CARTESIAN_POINT('',(-1.277382764448,0.697407011039,
    0.865456059962));
#1602 = DIRECTION('',(-0.573574303614,-0.819153537644,2.17805588344E-15)
  );
#1603 = DIRECTION('',(-0.819153537644,0.573574303614,1.972152263053E-31)
  );
#1604 = DEFINITIONAL_REPRESENTATION('',(#1605),#1608);
#1605 = B_SPLINE_CURVE_WITH_KNOTS('',1,(#1606,#1607),.UNSPECIFIED.,.F.,
  .F.,(2,2),(0.,1.999974250793E-03),.PIECEWISE_BEZIER_KNOTS.);
#1606 = CARTESIAN_POINT('',(5.189030421983E-03,1.456037550676E-03));
#1607 = CARTESIAN_POINT('',(5.189030421983E-03,-5.439367001174E-04));
#1608 = ( GEOMETRIC_REPRESENTATION_CONTEXT(2) 
PARAMETRIC_REPRESENTATION_CONTEXT() REPRESENTATION_CONTEXT('2D SPACE',''
  ) );
#1609 = ORIENTED_EDGE('',*,*,#1610,.T.);
#1610 = EDGE_CURVE('',#1579,#1611,#1613,.T.);
#1611 = VERTEX_POINT('',#1612);
#1612 = CARTESIAN_POINT('',(-1.289616703987,0.708366632462,
    0.864000022411));
#1613 = SURFACE_CURVE('',#1614,(#1618,#1625),.PCURVE_S1.);
#1614 = LINE('',#1615,#1616);
#1615 = CARTESIAN_POINT('',(-1.281633377075,0.70038330555,0.865999996662
    ));
#1616 = VECTOR('',#1617,1.);
#1617 = DIRECTION('',(-0.696266786954,0.696266786954,-0.174427987348));
#1618 = PCURVE('',#1587,#1619);
#1619 = DEFINITIONAL_REPRESENTATION('',(#1620),#1624);
#1620 = LINE('',#1621,#1622);
#1621 = CARTESIAN_POINT('',(-5.18901429514E-03,-1.456037426109E-03));
#1622 = VECTOR('',#1623,1.);
#1623 = DIRECTION('',(0.98466993314,0.174427987348));
#1624 = ( GEOMETRIC_REPRESENTATION_CONTEXT(2) 
PARAMETRIC_REPRESENTATION_CONTEXT() REPRESENTATION_CONTEXT('2D SPACE',''
  ) );
#1625 = PCURVE('',#1626,#1631);
#1626 = PLANE('',#1627);
#1627 = AXIS2_PLACEMENT_3D('',#1628,#1629,#1630);
#1628 = CARTESIAN_POINT('',(-1.285947516791,0.704697445266,
    0.865456059837));
#1629 = DIRECTION('',(-0.707106781187,-0.707106781187,
    -7.260183520168E-16));
#1630 = DIRECTION('',(-0.707106781187,0.707106781187,0.));
#1631 = DEFINITIONAL_REPRESENTATION('',(#1632),#1635);
#1632 = B_SPLINE_CURVE_WITH_KNOTS('',1,(#1633,#1634),.UNSPECIFIED.,.F.,
  .F.,(2,2),(0.,1.146590223965E-02),.PIECEWISE_BEZIER_KNOTS.);
#1633 = CARTESIAN_POINT('',(-6.101114896564E-03,-5.439368246848E-04));
#1634 = CARTESIAN_POINT('',(5.18901429514E-03,1.456037426109E-03));
#1635 = ( GEOMETRIC_REPRESENTATION_CONTEXT(2) 
PARAMETRIC_REPRESENTATION_CONTEXT() REPRESENTATION_CONTEXT('2D SPACE',''
  ) );
#1636 = ORIENTED_EDGE('',*,*,#1637,.T.);
#1637 = EDGE_CURVE('',#1611,#1577,#1638,.T.);
#1638 = SURFACE_CURVE('',#1639,(#1643,#1650),.PCURVE_S1.);
#1639 = LINE('',#1640,#1641);
#1640 = CARTESIAN_POINT('',(-1.289616703987,0.708366632462,
    0.864000022411));
#1641 = VECTOR('',#1642,1.);
#1642 = DIRECTION('',(0.707106781187,-0.707106781187,0.));
#1643 = PCURVE('',#1587,#1644);
#1644 = DEFINITIONAL_REPRESENTATION('',(#1645),#1649);
#1645 = LINE('',#1646,#1647);
#1646 = CARTESIAN_POINT('',(6.101114896564E-03,5.439368246849E-04));
#1647 = VECTOR('',#1648,1.);
#1648 = DIRECTION('',(-1.,1.659148038106E-31));
#1649 = ( GEOMETRIC_REPRESENTATION_CONTEXT(2) 
PARAMETRIC_REPRESENTATION_CONTEXT() REPRESENTATION_CONTEXT('2D SPACE',''
  ) );
#1650 = PCURVE('',#1651,#1656);
#1651 = PLANE('',#1652);
#1652 = AXIS2_PLACEMENT_3D('',#1653,#1654,#1655);
#1653 = CARTESIAN_POINT('',(-1.283665303244,0.749260439118,
    0.864000022411));
#1654 = DIRECTION('',(-1.078927875255E-27,4.674627744846E-29,-1.));
#1655 = DIRECTION('',(-1.,0.,1.078927875255E-27));
#1656 = DEFINITIONAL_REPRESENTATION('',(#1657),#1660);
#1657 = B_SPLINE_CURVE_WITH_KNOTS('',1,(#1658,#1659),.UNSPECIFIED.,.F.,
  .F.,(2,2),(0.,1.12901291917E-02),.PIECEWISE_BEZIER_KNOTS.);
#1658 = CARTESIAN_POINT('',(5.951400743396E-03,-4.089380665641E-02));
#1659 = CARTESIAN_POINT('',(-2.03192616853E-03,-4.887713356833E-02));
#1660 = ( GEOMETRIC_REPRESENTATION_CONTEXT(2) 
PARAMETRIC_REPRESENTATION_CONTEXT() REPRESENTATION_CONTEXT('2D SPACE',''
  ) );
#1661 = ADVANCED_FACE('',(#1662),#1626,.T.);
#1662 = FACE_BOUND('',#1663,.T.);
#1663 = EDGE_LOOP('',(#1664,#1665,#1692));
#1664 = ORIENTED_EDGE('',*,*,#1610,.F.);
#1665 = ORIENTED_EDGE('',*,*,#1666,.T.);
#1666 = EDGE_CURVE('',#1579,#1667,#1669,.T.);
#1667 = VERTEX_POINT('',#1668);
#1668 = CARTESIAN_POINT('',(-1.289616703987,0.708366632462,
    0.865999996662));
#1669 = SURFACE_CURVE('',#1670,(#1674,#1681),.PCURVE_S1.);
#1670 = LINE('',#1671,#1672);
#1671 = CARTESIAN_POINT('',(-1.281633377075,0.70038330555,0.865999996662
    ));
#1672 = VECTOR('',#1673,1.);
#1673 = DIRECTION('',(-0.707106781187,0.707106781187,0.));
#1674 = PCURVE('',#1626,#1675);
#1675 = DEFINITIONAL_REPRESENTATION('',(#1676),#1680);
#1676 = LINE('',#1677,#1678);
#1677 = CARTESIAN_POINT('',(-6.101114896564E-03,-5.439368246848E-04));
#1678 = VECTOR('',#1679,1.);
#1679 = DIRECTION('',(1.,3.130042249464E-32));
#1680 = ( GEOMETRIC_REPRESENTATION_CONTEXT(2) 
PARAMETRIC_REPRESENTATION_CONTEXT() REPRESENTATION_CONTEXT('2D SPACE',''
  ) );
#1681 = PCURVE('',#1682,#1687);
#1682 = PLANE('',#1683);
#1683 = AXIS2_PLACEMENT_3D('',#1684,#1685,#1686);
#1684 = CARTESIAN_POINT('',(-1.287410498443,0.745268775662,
    0.865999996662));
#1685 = DIRECTION('',(0.,0.,1.));
#1686 = DIRECTION('',(1.,0.,-0.));
#1687 = DEFINITIONAL_REPRESENTATION('',(#1688),#1691);
#1688 = B_SPLINE_CURVE_WITH_KNOTS('',1,(#1689,#1690),.UNSPECIFIED.,.F.,
  .F.,(2,2),(0.,1.12901291917E-02),.PIECEWISE_BEZIER_KNOTS.);
#1689 = CARTESIAN_POINT('',(5.777121367599E-03,-4.488547011237E-02));
#1690 = CARTESIAN_POINT('',(-2.206205544327E-03,-3.690214320044E-02));
#1691 = ( GEOMETRIC_REPRESENTATION_CONTEXT(2) 
PARAMETRIC_REPRESENTATION_CONTEXT() REPRESENTATION_CONTEXT('2D SPACE',''
  ) );
#1692 = ORIENTED_EDGE('',*,*,#1693,.F.);
#1693 = EDGE_CURVE('',#1611,#1667,#1694,.T.);
#1694 = SURFACE_CURVE('',#1695,(#1699,#1705),.PCURVE_S1.);
#1695 = LINE('',#1696,#1697);
#1696 = CARTESIAN_POINT('',(-1.289616703987,0.708366632462,
    0.864000022411));
#1697 = VECTOR('',#1698,1.);
#1698 = DIRECTION('',(0.,0.,1.));
#1699 = PCURVE('',#1626,#1700);
#1700 = DEFINITIONAL_REPRESENTATION('',(#1701),#1704);
#1701 = B_SPLINE_CURVE_WITH_KNOTS('',1,(#1702,#1703),.UNSPECIFIED.,.F.,
  .F.,(2,2),(0.,1.999974250793E-03),.PIECEWISE_BEZIER_KNOTS.);
#1702 = CARTESIAN_POINT('',(5.18901429514E-03,1.456037426109E-03));
#1703 = CARTESIAN_POINT('',(5.18901429514E-03,-5.439368246848E-04));
#1704 = ( GEOMETRIC_REPRESENTATION_CONTEXT(2) 
PARAMETRIC_REPRESENTATION_CONTEXT() REPRESENTATION_CONTEXT('2D SPACE',''
  ) );
#1705 = PCURVE('',#1706,#1711);
#1706 = PLANE('',#1707);
#1707 = AXIS2_PLACEMENT_3D('',#1708,#1709,#1710);
#1708 = CARTESIAN_POINT('',(-1.292593026609,0.712617246113,0.86454395898
    ));
#1709 = DIRECTION('',(-0.819151057168,-0.573577846103,3.63009458953E-16)
  );
#1710 = DIRECTION('',(0.573577846103,-0.819151057168,-2.465190328816E-32
    ));
#1711 = DEFINITIONAL_REPRESENTATION('',(#1712),#1716);
#1712 = LINE('',#1713,#1714);
#1713 = CARTESIAN_POINT('',(5.189047384858E-03,-5.439365690932E-04));
#1714 = VECTOR('',#1715,1.);
#1715 = DIRECTION('',(0.,1.));
#1716 = ( GEOMETRIC_REPRESENTATION_CONTEXT(2) 
PARAMETRIC_REPRESENTATION_CONTEXT() REPRESENTATION_CONTEXT('2D SPACE',''
  ) );
#1717 = ADVANCED_FACE('',(#1718),#1706,.T.);
#1718 = FACE_BOUND('',#1719,.T.);
#1719 = EDGE_LOOP('',(#1720,#1721,#1748));
#1720 = ORIENTED_EDGE('',*,*,#1693,.T.);
#1721 = ORIENTED_EDGE('',*,*,#1722,.T.);
#1722 = EDGE_CURVE('',#1667,#1723,#1725,.T.);
#1723 = VERTEX_POINT('',#1724);
#1724 = CARTESIAN_POINT('',(-1.296092510223,0.717615008354,
    0.864000022411));
#1725 = SURFACE_CURVE('',#1726,(#1730,#1737),.PCURVE_S1.);
#1726 = LINE('',#1727,#1728);
#1727 = CARTESIAN_POINT('',(-1.289616703987,0.708366632462,
    0.865999996662));
#1728 = VECTOR('',#1729,1.);
#1729 = DIRECTION('',(-0.564784960876,0.806593561653,-0.174426988359));
#1730 = PCURVE('',#1706,#1731);
#1731 = DEFINITIONAL_REPRESENTATION('',(#1732),#1736);
#1732 = LINE('',#1733,#1734);
#1733 = CARTESIAN_POINT('',(5.189047384858E-03,1.4560376817E-03));
#1734 = VECTOR('',#1735,1.);
#1735 = DIRECTION('',(-0.984670110104,-0.174426988359));
#1736 = ( GEOMETRIC_REPRESENTATION_CONTEXT(2) 
PARAMETRIC_REPRESENTATION_CONTEXT() REPRESENTATION_CONTEXT('2D SPACE',''
  ) );
#1737 = PCURVE('',#1738,#1743);
#1738 = PLANE('',#1739);
#1739 = AXIS2_PLACEMENT_3D('',#1740,#1741,#1742);
#1740 = CARTESIAN_POINT('',(-1.293116187601,0.713364394703,
    0.865456060093));
#1741 = DIRECTION('',(-0.819151057168,-0.573577846103,-0.));
#1742 = DIRECTION('',(0.573577846103,-0.819151057168,0.));
#1743 = DEFINITIONAL_REPRESENTATION('',(#1744),#1747);
#1744 = B_SPLINE_CURVE_WITH_KNOTS('',1,(#1745,#1746),.UNSPECIFIED.,.F.,
  .F.,(2,2),(0.,1.14659679079E-02),.PIECEWISE_BEZIER_KNOTS.);
#1745 = CARTESIAN_POINT('',(6.101148497465E-03,5.439365690934E-04));
#1746 = CARTESIAN_POINT('',(-5.189047384858E-03,-1.4560376817E-03));
#1747 = ( GEOMETRIC_REPRESENTATION_CONTEXT(2) 
PARAMETRIC_REPRESENTATION_CONTEXT() REPRESENTATION_CONTEXT('2D SPACE',''
  ) );
#1748 = ORIENTED_EDGE('',*,*,#1749,.T.);
#1749 = EDGE_CURVE('',#1723,#1611,#1750,.T.);
#1750 = SURFACE_CURVE('',#1751,(#1755,#1762),.PCURVE_S1.);
#1751 = LINE('',#1752,#1753);
#1752 = CARTESIAN_POINT('',(-1.296092510223,0.717615008354,
    0.864000022411));
#1753 = VECTOR('',#1754,1.);
#1754 = DIRECTION('',(0.573577846103,-0.819151057168,0.));
#1755 = PCURVE('',#1706,#1756);
#1756 = DEFINITIONAL_REPRESENTATION('',(#1757),#1761);
#1757 = LINE('',#1758,#1759);
#1758 = CARTESIAN_POINT('',(-6.101148497465E-03,-5.439365690932E-04));
#1759 = VECTOR('',#1760,1.);
#1760 = DIRECTION('',(1.,4.930380657631E-32));
#1761 = ( GEOMETRIC_REPRESENTATION_CONTEXT(2) 
PARAMETRIC_REPRESENTATION_CONTEXT() REPRESENTATION_CONTEXT('2D SPACE',''
  ) );
#1762 = PCURVE('',#1763,#1768);
#1763 = PLANE('',#1764);
#1764 = AXIS2_PLACEMENT_3D('',#1765,#1766,#1767);
#1765 = CARTESIAN_POINT('',(-1.287511810982,0.753573375088,
    0.864000022411));
#1766 = DIRECTION('',(-0.,-0.,-1.));
#1767 = DIRECTION('',(-1.,0.,0.));
#1768 = DEFINITIONAL_REPRESENTATION('',(#1769),#1772);
#1769 = B_SPLINE_CURVE_WITH_KNOTS('',1,(#1770,#1771),.UNSPECIFIED.,.F.,
  .F.,(2,2),(0.,1.129019588232E-02),.PIECEWISE_BEZIER_KNOTS.);
#1770 = CARTESIAN_POINT('',(8.580699240972E-03,-3.595836673397E-02));
#1771 = CARTESIAN_POINT('',(2.104893004705E-03,-4.520674262661E-02));
#1772 = ( GEOMETRIC_REPRESENTATION_CONTEXT(2) 
PARAMETRIC_REPRESENTATION_CONTEXT() REPRESENTATION_CONTEXT('2D SPACE',''
  ) );
#1773 = ADVANCED_FACE('',(#1774),#1738,.T.);
#1774 = FACE_BOUND('',#1775,.T.);
#1775 = EDGE_LOOP('',(#1776,#1777,#1804));
#1776 = ORIENTED_EDGE('',*,*,#1722,.F.);
#1777 = ORIENTED_EDGE('',*,*,#1778,.T.);
#1778 = EDGE_CURVE('',#1667,#1779,#1781,.T.);
#1779 = VERTEX_POINT('',#1780);
#1780 = CARTESIAN_POINT('',(-1.296092510223,0.717615008354,
    0.865999996662));
#1781 = SURFACE_CURVE('',#1782,(#1786,#1793),.PCURVE_S1.);
#1782 = LINE('',#1783,#1784);
#1783 = CARTESIAN_POINT('',(-1.289616703987,0.708366632462,
    0.865999996662));
#1784 = VECTOR('',#1785,1.);
#1785 = DIRECTION('',(-0.573577846103,0.819151057168,0.));
#1786 = PCURVE('',#1738,#1787);
#1787 = DEFINITIONAL_REPRESENTATION('',(#1788),#1792);
#1788 = LINE('',#1789,#1790);
#1789 = CARTESIAN_POINT('',(6.101148497465E-03,5.439365690934E-04));
#1790 = VECTOR('',#1791,1.);
#1791 = DIRECTION('',(-1.,0.));
#1792 = ( GEOMETRIC_REPRESENTATION_CONTEXT(2) 
PARAMETRIC_REPRESENTATION_CONTEXT() REPRESENTATION_CONTEXT('2D SPACE',''
  ) );
#1793 = PCURVE('',#1794,#1799);
#1794 = PLANE('',#1795);
#1795 = AXIS2_PLACEMENT_3D('',#1796,#1797,#1798);
#1796 = CARTESIAN_POINT('',(-1.291257942626,0.749560230377,
    0.865999996662));
#1797 = DIRECTION('',(1.145366605054E-26,-4.204696236768E-28,1.));
#1798 = DIRECTION('',(1.,0.,-1.145366605054E-26));
#1799 = DEFINITIONAL_REPRESENTATION('',(#1800),#1803);
#1800 = B_SPLINE_CURVE_WITH_KNOTS('',1,(#1801,#1802),.UNSPECIFIED.,.F.,
  .F.,(2,2),(0.,1.129019588232E-02),.PIECEWISE_BEZIER_KNOTS.);
#1801 = CARTESIAN_POINT('',(1.641238638986E-03,-4.119359791577E-02));
#1802 = CARTESIAN_POINT('',(-4.834567597281E-03,-3.194522202314E-02));
#1803 = ( GEOMETRIC_REPRESENTATION_CONTEXT(2) 
PARAMETRIC_REPRESENTATION_CONTEXT() REPRESENTATION_CONTEXT('2D SPACE',''
  ) );
#1804 = ORIENTED_EDGE('',*,*,#1805,.F.);
#1805 = EDGE_CURVE('',#1723,#1779,#1806,.T.);
#1806 = SURFACE_CURVE('',#1807,(#1811,#1817),.PCURVE_S1.);
#1807 = LINE('',#1808,#1809);
#1808 = CARTESIAN_POINT('',(-1.296092510223,0.717615008354,
    0.864000022411));
#1809 = VECTOR('',#1810,1.);
#1810 = DIRECTION('',(0.,0.,1.));
#1811 = PCURVE('',#1738,#1812);
#1812 = DEFINITIONAL_REPRESENTATION('',(#1813),#1816);
#1813 = B_SPLINE_CURVE_WITH_KNOTS('',1,(#1814,#1815),.UNSPECIFIED.,.F.,
  .F.,(2,2),(0.,1.999974250793E-03),.PIECEWISE_BEZIER_KNOTS.);
#1814 = CARTESIAN_POINT('',(-5.189047384858E-03,-1.4560376817E-03));
#1815 = CARTESIAN_POINT('',(-5.189047384858E-03,5.439365690934E-04));
#1816 = ( GEOMETRIC_REPRESENTATION_CONTEXT(2) 
PARAMETRIC_REPRESENTATION_CONTEXT() REPRESENTATION_CONTEXT('2D SPACE',''
  ) );
#1817 = PCURVE('',#1818,#1823);
#1818 = PLANE('',#1819);
#1819 = AXIS2_PLACEMENT_3D('',#1820,#1821,#1822);
#1820 = CARTESIAN_POINT('',(-1.29828545304,0.722317850245,0.864543959347
    ));
#1821 = DIRECTION('',(-0.906309881282,-0.422613770587,7.26018105981E-16)
  );
#1822 = DIRECTION('',(0.422613770587,-0.906309881282,0.));
#1823 = DEFINITIONAL_REPRESENTATION('',(#1824),#1828);
#1824 = LINE('',#1825,#1826);
#1825 = CARTESIAN_POINT('',(5.188999908572E-03,-5.439369358102E-04));
#1826 = VECTOR('',#1827,1.);
#1827 = DIRECTION('',(0.,1.));
#1828 = ( GEOMETRIC_REPRESENTATION_CONTEXT(2) 
PARAMETRIC_REPRESENTATION_CONTEXT() REPRESENTATION_CONTEXT('2D SPACE',''
  ) );
#1829 = ADVANCED_FACE('',(#1830),#1818,.T.);
#1830 = FACE_BOUND('',#1831,.T.);
#1831 = EDGE_LOOP('',(#1832,#1833,#1860));
#1832 = ORIENTED_EDGE('',*,*,#1805,.T.);
#1833 = ORIENTED_EDGE('',*,*,#1834,.T.);
#1834 = EDGE_CURVE('',#1779,#1835,#1837,.T.);
#1835 = VERTEX_POINT('',#1836);
#1836 = CARTESIAN_POINT('',(-1.300863862038,0.727847337723,
    0.864000022411));
#1837 = SURFACE_CURVE('',#1838,(#1842,#1849),.PCURVE_S1.);
#1838 = LINE('',#1839,#1840);
#1839 = CARTESIAN_POINT('',(-1.296092510223,0.717615008354,
    0.865999996662));
#1840 = VECTOR('',#1841,1.);
#1841 = DIRECTION('',(-0.416135040712,0.892416020475,-0.174428421687));
#1842 = PCURVE('',#1818,#1843);
#1843 = DEFINITIONAL_REPRESENTATION('',(#1844),#1848);
#1844 = LINE('',#1845,#1846);
#1845 = CARTESIAN_POINT('',(5.188999908572E-03,1.456037314983E-03));
#1846 = VECTOR('',#1847,1.);
#1847 = DIRECTION('',(-0.984669856199,-0.174428421687));
#1848 = ( GEOMETRIC_REPRESENTATION_CONTEXT(2) 
PARAMETRIC_REPRESENTATION_CONTEXT() REPRESENTATION_CONTEXT('2D SPACE',''
  ) );
#1849 = PCURVE('',#1850,#1855);
#1850 = PLANE('',#1851);
#1851 = AXIS2_PLACEMENT_3D('',#1852,#1853,#1854);
#1852 = CARTESIAN_POINT('',(-1.298670919221,0.723144495832,
    0.865456059726));
#1853 = DIRECTION('',(-0.906309881282,-0.422613770587,
    -3.630090529905E-16));
#1854 = DIRECTION('',(0.422613770587,-0.906309881282,-2.465190328816E-32
    ));
#1855 = DEFINITIONAL_REPRESENTATION('',(#1856),#1859);
#1856 = B_SPLINE_CURVE_WITH_KNOTS('',1,(#1857,#1858),.UNSPECIFIED.,.F.,
  .F.,(2,2),(0.,1.146587368876E-02),.PIECEWISE_BEZIER_KNOTS.);
#1857 = CARTESIAN_POINT('',(6.101100287745E-03,5.439369358103E-04));
#1858 = CARTESIAN_POINT('',(-5.188999908572E-03,-1.456037314983E-03));
#1859 = ( GEOMETRIC_REPRESENTATION_CONTEXT(2) 
PARAMETRIC_REPRESENTATION_CONTEXT() REPRESENTATION_CONTEXT('2D SPACE',''
  ) );
#1860 = ORIENTED_EDGE('',*,*,#1861,.T.);
#1861 = EDGE_CURVE('',#1835,#1723,#1862,.T.);
#1862 = SURFACE_CURVE('',#1863,(#1867,#1874),.PCURVE_S1.);
#1863 = LINE('',#1864,#1865);
#1864 = CARTESIAN_POINT('',(-1.300863862038,0.727847337723,
    0.864000022411));
#1865 = VECTOR('',#1866,1.);
#1866 = DIRECTION('',(0.422613770587,-0.906309881282,0.));
#1867 = PCURVE('',#1818,#1868);
#1868 = DEFINITIONAL_REPRESENTATION('',(#1869),#1873);
#1869 = LINE('',#1870,#1871);
#1870 = CARTESIAN_POINT('',(-6.101100287745E-03,-5.439369358102E-04));
#1871 = VECTOR('',#1872,1.);
#1872 = DIRECTION('',(1.,4.030210087774E-32));
#1873 = ( GEOMETRIC_REPRESENTATION_CONTEXT(2) 
PARAMETRIC_REPRESENTATION_CONTEXT() REPRESENTATION_CONTEXT('2D SPACE',''
  ) );
#1874 = PCURVE('',#1875,#1880);
#1875 = PLANE('',#1876);
#1876 = AXIS2_PLACEMENT_3D('',#1877,#1878,#1879);
#1877 = CARTESIAN_POINT('',(-1.290555582201,0.75846776832,0.864000022411
    ));
#1878 = DIRECTION('',(-4.528270794883E-27,9.556043288806E-28,-1.));
#1879 = DIRECTION('',(-1.,0.,4.528270794883E-27));
#1880 = DEFINITIONAL_REPRESENTATION('',(#1881),#1884);
#1881 = B_SPLINE_CURVE_WITH_KNOTS('',1,(#1882,#1883),.UNSPECIFIED.,.F.,
  .F.,(2,2),(0.,1.129010019632E-02),.PIECEWISE_BEZIER_KNOTS.);
#1882 = CARTESIAN_POINT('',(1.03082798363E-02,-3.062043059752E-02));
#1883 = CARTESIAN_POINT('',(5.53692802203E-03,-4.085275996611E-02));
#1884 = ( GEOMETRIC_REPRESENTATION_CONTEXT(2) 
PARAMETRIC_REPRESENTATION_CONTEXT() REPRESENTATION_CONTEXT('2D SPACE',''
  ) );
#1885 = ADVANCED_FACE('',(#1886),#1850,.T.);
#1886 = FACE_BOUND('',#1887,.T.);
#1887 = EDGE_LOOP('',(#1888,#1889,#1916));
#1888 = ORIENTED_EDGE('',*,*,#1834,.F.);
#1889 = ORIENTED_EDGE('',*,*,#1890,.T.);
#1890 = EDGE_CURVE('',#1779,#1891,#1893,.T.);
#1891 = VERTEX_POINT('',#1892);
#1892 = CARTESIAN_POINT('',(-1.300863862038,0.727847337723,
    0.865999996662));
#1893 = SURFACE_CURVE('',#1894,(#1898,#1905),.PCURVE_S1.);
#1894 = LINE('',#1895,#1896);
#1895 = CARTESIAN_POINT('',(-1.296092510223,0.717615008354,
    0.865999996662));
#1896 = VECTOR('',#1897,1.);
#1897 = DIRECTION('',(-0.422613770587,0.906309881282,0.));
#1898 = PCURVE('',#1850,#1899);
#1899 = DEFINITIONAL_REPRESENTATION('',(#1900),#1904);
#1900 = LINE('',#1901,#1902);
#1901 = CARTESIAN_POINT('',(6.101100287745E-03,5.439369358103E-04));
#1902 = VECTOR('',#1903,1.);
#1903 = DIRECTION('',(-1.,-8.510505460477E-32));
#1904 = ( GEOMETRIC_REPRESENTATION_CONTEXT(2) 
PARAMETRIC_REPRESENTATION_CONTEXT() REPRESENTATION_CONTEXT('2D SPACE',''
  ) );
#1905 = PCURVE('',#1906,#1911);
#1906 = PLANE('',#1907);
#1907 = AXIS2_PLACEMENT_3D('',#1908,#1909,#1910);
#1908 = CARTESIAN_POINT('',(-1.294304522519,0.754433306167,
    0.865999996662));
#1909 = DIRECTION('',(1.643481557936E-27,-1.935621381832E-28,1.));
#1910 = DIRECTION('',(1.,0.,-1.643481557936E-27));
#1911 = DEFINITIONAL_REPRESENTATION('',(#1912),#1915);
#1912 = B_SPLINE_CURVE_WITH_KNOTS('',1,(#1913,#1914),.UNSPECIFIED.,.F.,
  .F.,(2,2),(0.,1.129010019632E-02),.PIECEWISE_BEZIER_KNOTS.);
#1913 = CARTESIAN_POINT('',(-1.787987704688E-03,-3.681829781288E-02));
#1914 = CARTESIAN_POINT('',(-6.559339518958E-03,-2.658596844428E-02));
#1915 = ( GEOMETRIC_REPRESENTATION_CONTEXT(2) 
PARAMETRIC_REPRESENTATION_CONTEXT() REPRESENTATION_CONTEXT('2D SPACE',''
  ) );
#1916 = ORIENTED_EDGE('',*,*,#1917,.F.);
#1917 = EDGE_CURVE('',#1835,#1891,#1918,.T.);
#1918 = SURFACE_CURVE('',#1919,(#1923,#1929),.PCURVE_S1.);
#1919 = LINE('',#1920,#1921);
#1920 = CARTESIAN_POINT('',(-1.300863862038,0.727847337723,
    0.864000022411));
#1921 = VECTOR('',#1922,1.);
#1922 = DIRECTION('',(0.,0.,1.));
#1923 = PCURVE('',#1850,#1924);
#1924 = DEFINITIONAL_REPRESENTATION('',(#1925),#1928);
#1925 = B_SPLINE_CURVE_WITH_KNOTS('',1,(#1926,#1927),.UNSPECIFIED.,.F.,
  .F.,(2,2),(0.,1.999974250793E-03),.PIECEWISE_BEZIER_KNOTS.);
#1926 = CARTESIAN_POINT('',(-5.188999908572E-03,-1.456037314983E-03));
#1927 = CARTESIAN_POINT('',(-5.188999908572E-03,5.439369358103E-04));
#1928 = ( GEOMETRIC_REPRESENTATION_CONTEXT(2) 
PARAMETRIC_REPRESENTATION_CONTEXT() REPRESENTATION_CONTEXT('2D SPACE',''
  ) );
#1929 = PCURVE('',#1930,#1935);
#1930 = PLANE('',#1931);
#1931 = AXIS2_PLACEMENT_3D('',#1932,#1933,#1934);
#1932 = CARTESIAN_POINT('',(-1.302206913433,0.732859549864,
    0.864543959096));
#1933 = DIRECTION('',(-0.965924226755,-0.258825014571,1.815046655564E-16
    ));
#1934 = DIRECTION('',(0.258825014571,-0.965924226755,0.));
#1935 = DEFINITIONAL_REPRESENTATION('',(#1936),#1940);
#1936 = LINE('',#1937,#1938);
#1937 = CARTESIAN_POINT('',(5.189032434196E-03,-5.439366845748E-04));
#1938 = VECTOR('',#1939,1.);
#1939 = DIRECTION('',(0.,1.));
#1940 = ( GEOMETRIC_REPRESENTATION_CONTEXT(2) 
PARAMETRIC_REPRESENTATION_CONTEXT() REPRESENTATION_CONTEXT('2D SPACE',''
  ) );
#1941 = ADVANCED_FACE('',(#1942),#1930,.T.);
#1942 = FACE_BOUND('',#1943,.T.);
#1943 = EDGE_LOOP('',(#1944,#1945,#1972));
#1944 = ORIENTED_EDGE('',*,*,#1917,.T.);
#1945 = ORIENTED_EDGE('',*,*,#1946,.T.);
#1946 = EDGE_CURVE('',#1891,#1947,#1949,.T.);
#1947 = VERTEX_POINT('',#1948);
#1948 = CARTESIAN_POINT('',(-1.303786039352,0.738752782345,
    0.864000022411));
#1949 = SURFACE_CURVE('',#1950,(#1954,#1961),.PCURVE_S1.);
#1950 = LINE('',#1951,#1952);
#1951 = CARTESIAN_POINT('',(-1.300863862038,0.727847337723,
    0.865999996662));
#1952 = VECTOR('',#1953,1.);
#1953 = DIRECTION('',(-0.2548572349,0.95111663748,-0.174427439723));
#1954 = PCURVE('',#1930,#1955);
#1955 = DEFINITIONAL_REPRESENTATION('',(#1956),#1960);
#1956 = LINE('',#1957,#1958);
#1957 = CARTESIAN_POINT('',(5.189032434196E-03,1.456037566219E-03));
#1958 = VECTOR('',#1959,1.);
#1959 = DIRECTION('',(-0.984670030148,-0.174427439723));
#1960 = ( GEOMETRIC_REPRESENTATION_CONTEXT(2) 
PARAMETRIC_REPRESENTATION_CONTEXT() REPRESENTATION_CONTEXT('2D SPACE',''
  ) );
#1961 = PCURVE('',#1962,#1967);
#1962 = PLANE('',#1963);
#1963 = AXIS2_PLACEMENT_3D('',#1964,#1965,#1966);
#1964 = CARTESIAN_POINT('',(-1.302442987957,0.733740570203,
    0.865456059978));
#1965 = DIRECTION('',(-0.965924226755,-0.258825014571,1.089027993338E-15
    ));
#1966 = DIRECTION('',(0.258825014571,-0.965924226755,0.));
#1967 = DEFINITIONAL_REPRESENTATION('',(#1968),#1971);
#1968 = B_SPLINE_CURVE_WITH_KNOTS('',1,(#1969,#1970),.UNSPECIFIED.,.F.,
  .F.,(2,2),(0.,1.146593823754E-02),.PIECEWISE_BEZIER_KNOTS.);
#1969 = CARTESIAN_POINT('',(6.101133315839E-03,5.439366845748E-04));
#1970 = CARTESIAN_POINT('',(-5.189032434196E-03,-1.456037566219E-03));
#1971 = ( GEOMETRIC_REPRESENTATION_CONTEXT(2) 
PARAMETRIC_REPRESENTATION_CONTEXT() REPRESENTATION_CONTEXT('2D SPACE',''
  ) );
#1972 = ORIENTED_EDGE('',*,*,#1973,.T.);
#1973 = EDGE_CURVE('',#1947,#1835,#1974,.T.);
#1974 = SURFACE_CURVE('',#1975,(#1979,#1986),.PCURVE_S1.);
#1975 = LINE('',#1976,#1977);
#1976 = CARTESIAN_POINT('',(-1.303786039352,0.738752782345,
    0.864000022411));
#1977 = VECTOR('',#1978,1.);
#1978 = DIRECTION('',(0.258825014571,-0.965924226755,0.));
#1979 = PCURVE('',#1930,#1980);
#1980 = DEFINITIONAL_REPRESENTATION('',(#1981),#1985);
#1981 = LINE('',#1982,#1983);
#1982 = CARTESIAN_POINT('',(-6.101133315839E-03,-5.439366845748E-04));
#1983 = VECTOR('',#1984,1.);
#1984 = DIRECTION('',(1.,0.));
#1985 = ( GEOMETRIC_REPRESENTATION_CONTEXT(2) 
PARAMETRIC_REPRESENTATION_CONTEXT() REPRESENTATION_CONTEXT('2D SPACE',''
  ) );
#1986 = PCURVE('',#1987,#1992);
#1987 = PLANE('',#1988);
#1988 = AXIS2_PLACEMENT_3D('',#1989,#1990,#1991);
#1989 = CARTESIAN_POINT('',(-1.292709689593,0.763795803364,
    0.864000022411));
#1990 = DIRECTION('',(-1.13268184786E-26,3.420009251735E-27,-1.));
#1991 = DIRECTION('',(-1.,0.,1.13268184786E-26));
#1992 = DEFINITIONAL_REPRESENTATION('',(#1993),#1996);
#1993 = B_SPLINE_CURVE_WITH_KNOTS('',1,(#1994,#1995),.UNSPECIFIED.,.F.,
  .F.,(2,2),(0.,1.129016575004E-02),.PIECEWISE_BEZIER_KNOTS.);
#1994 = CARTESIAN_POINT('',(1.107634975966E-02,-2.504302101929E-02));
#1995 = CARTESIAN_POINT('',(8.154172444897E-03,-3.594846564133E-02));
#1996 = ( GEOMETRIC_REPRESENTATION_CONTEXT(2) 
PARAMETRIC_REPRESENTATION_CONTEXT() REPRESENTATION_CONTEXT('2D SPACE',''
  ) );
#1997 = ADVANCED_FACE('',(#1998),#1962,.T.);
#1998 = FACE_BOUND('',#1999,.T.);
#1999 = EDGE_LOOP('',(#2000,#2001,#2028));
#2000 = ORIENTED_EDGE('',*,*,#1946,.F.);
#2001 = ORIENTED_EDGE('',*,*,#2002,.T.);
#2002 = EDGE_CURVE('',#1891,#2003,#2005,.T.);
#2003 = VERTEX_POINT('',#2004);
#2004 = CARTESIAN_POINT('',(-1.303786039352,0.738752782345,
    0.865999996662));
#2005 = SURFACE_CURVE('',#2006,(#2010,#2017),.PCURVE_S1.);
#2006 = LINE('',#2007,#2008);
#2007 = CARTESIAN_POINT('',(-1.300863862038,0.727847337723,
    0.865999996662));
#2008 = VECTOR('',#2009,1.);
#2009 = DIRECTION('',(-0.258825014571,0.965924226755,0.));
#2010 = PCURVE('',#1962,#2011);
#2011 = DEFINITIONAL_REPRESENTATION('',(#2012),#2016);
#2012 = LINE('',#2013,#2014);
#2013 = CARTESIAN_POINT('',(6.101133315839E-03,5.439366845748E-04));
#2014 = VECTOR('',#2015,1.);
#2015 = DIRECTION('',(-1.,-3.134153792233E-31));
#2016 = ( GEOMETRIC_REPRESENTATION_CONTEXT(2) 
PARAMETRIC_REPRESENTATION_CONTEXT() REPRESENTATION_CONTEXT('2D SPACE',''
  ) );
#2017 = PCURVE('',#2018,#2023);
#2018 = PLANE('',#2019);
#2019 = AXIS2_PLACEMENT_3D('',#2020,#2021,#2022);
#2020 = CARTESIAN_POINT('',(-1.296463281977,0.759740349124,
    0.865999996662));
#2021 = DIRECTION('',(0.,0.,1.));
#2022 = DIRECTION('',(1.,0.,-0.));
#2023 = DEFINITIONAL_REPRESENTATION('',(#2024),#2027);
#2024 = B_SPLINE_CURVE_WITH_KNOTS('',1,(#2025,#2026),.UNSPECIFIED.,.F.,
  .F.,(2,2),(0.,1.129016575004E-02),.PIECEWISE_BEZIER_KNOTS.);
#2025 = CARTESIAN_POINT('',(-4.40058006092E-03,-3.189301140135E-02));
#2026 = CARTESIAN_POINT('',(-7.322757375678E-03,-2.098756677931E-02));
#2027 = ( GEOMETRIC_REPRESENTATION_CONTEXT(2) 
PARAMETRIC_REPRESENTATION_CONTEXT() REPRESENTATION_CONTEXT('2D SPACE',''
  ) );
#2028 = ORIENTED_EDGE('',*,*,#2029,.F.);
#2029 = EDGE_CURVE('',#1947,#2003,#2030,.T.);
#2030 = SURFACE_CURVE('',#2031,(#2035,#2041),.PCURVE_S1.);
#2031 = LINE('',#2032,#2033);
#2032 = CARTESIAN_POINT('',(-1.303786039352,0.738752782345,
    0.864000022411));
#2033 = VECTOR('',#2034,1.);
#2034 = DIRECTION('',(0.,0.,1.));
#2035 = PCURVE('',#1962,#2036);
#2036 = DEFINITIONAL_REPRESENTATION('',(#2037),#2040);
#2037 = B_SPLINE_CURVE_WITH_KNOTS('',1,(#2038,#2039),.UNSPECIFIED.,.F.,
  .F.,(2,2),(0.,1.999974250793E-03),.PIECEWISE_BEZIER_KNOTS.);
#2038 = CARTESIAN_POINT('',(-5.189032434196E-03,-1.456037566219E-03));
#2039 = CARTESIAN_POINT('',(-5.189032434196E-03,5.439366845748E-04));
#2040 = ( GEOMETRIC_REPRESENTATION_CONTEXT(2) 
PARAMETRIC_REPRESENTATION_CONTEXT() REPRESENTATION_CONTEXT('2D SPACE',''
  ) );
#2041 = PCURVE('',#2042,#2047);
#2042 = PLANE('',#2043);
#2043 = AXIS2_PLACEMENT_3D('',#2044,#2045,#2046);
#2044 = CARTESIAN_POINT('',(-1.303884357798,0.743920580571,
    0.864544116451));
#2045 = DIRECTION('',(-0.999819069813,-1.902176749301E-02,
    1.133860205999E-17));
#2046 = DIRECTION('',(1.902176749301E-02,-0.999819069813,0.));
#2047 = DEFINITIONAL_REPRESENTATION('',(#2048),#2052);
#2048 = LINE('',#2049,#2050);
#2049 = CARTESIAN_POINT('',(5.168733406513E-03,-5.440940395952E-04));
#2050 = VECTOR('',#2051,1.);
#2051 = DIRECTION('',(0.,1.));
#2052 = ( GEOMETRIC_REPRESENTATION_CONTEXT(2) 
PARAMETRIC_REPRESENTATION_CONTEXT() REPRESENTATION_CONTEXT('2D SPACE',''
  ) );
#2053 = ADVANCED_FACE('',(#2054),#2066,.T.);
#2054 = FACE_BOUND('',#2055,.T.);
#2055 = EDGE_LOOP('',(#2056,#2083,#2110));
#2056 = ORIENTED_EDGE('',*,*,#2057,.T.);
#2057 = EDGE_CURVE('',#2058,#2003,#2060,.T.);
#2058 = VERTEX_POINT('',#2059);
#2059 = CARTESIAN_POINT('',(-1.304000020027,0.75,0.864000022411));
#2060 = SURFACE_CURVE('',#2061,(#2065,#2077),.PCURVE_S1.);
#2061 = LINE('',#2062,#2063);
#2062 = CARTESIAN_POINT('',(-1.304000020027,0.75,0.864000022411));
#2063 = VECTOR('',#2064,1.);
#2064 = DIRECTION('',(1.872808839075E-02,-0.984382756287,0.175042417232)
  );
#2065 = PCURVE('',#2066,#2071);
#2066 = PLANE('',#2067);
#2067 = AXIS2_PLACEMENT_3D('',#2068,#2069,#2070);
#2068 = CARTESIAN_POINT('',(-1.303901701582,0.744832201773,
    0.865455902623));
#2069 = DIRECTION('',(-0.999819069813,-1.902176749301E-02,
    1.133860205999E-17));
#2070 = DIRECTION('',(1.902176749301E-02,-0.999819069813,0.));
#2071 = DEFINITIONAL_REPRESENTATION('',(#2072),#2076);
#2072 = LINE('',#2073,#2074);
#2073 = CARTESIAN_POINT('',(-5.168733406513E-03,-1.455880211198E-03));
#2074 = VECTOR('',#2075,1.);
#2075 = DIRECTION('',(0.984560893073,0.175042417232));
#2076 = ( GEOMETRIC_REPRESENTATION_CONTEXT(2) 
PARAMETRIC_REPRESENTATION_CONTEXT() REPRESENTATION_CONTEXT('2D SPACE',''
  ) );
#2077 = PCURVE('',#2042,#2078);
#2078 = DEFINITIONAL_REPRESENTATION('',(#2079),#2082);
#2079 = B_SPLINE_CURVE_WITH_KNOTS('',1,(#2080,#2081),.UNSPECIFIED.,.F.,
  .F.,(2,2),(0.,1.142565489222E-02),.PIECEWISE_BEZIER_KNOTS.);
#2080 = CARTESIAN_POINT('',(-6.080519578116E-03,-5.440940395952E-04));
#2081 = CARTESIAN_POINT('',(5.168733406513E-03,1.455880211198E-03));
#2082 = ( GEOMETRIC_REPRESENTATION_CONTEXT(2) 
PARAMETRIC_REPRESENTATION_CONTEXT() REPRESENTATION_CONTEXT('2D SPACE',''
  ) );
#2083 = ORIENTED_EDGE('',*,*,#2084,.T.);
#2084 = EDGE_CURVE('',#2003,#2085,#2087,.T.);
#2085 = VERTEX_POINT('',#2086);
#2086 = CARTESIAN_POINT('',(-1.304000020027,0.75,0.865999996662));
#2087 = SURFACE_CURVE('',#2088,(#2092,#2099),.PCURVE_S1.);
#2088 = LINE('',#2089,#2090);
#2089 = CARTESIAN_POINT('',(-1.303786039352,0.738752782345,
    0.865999996662));
#2090 = VECTOR('',#2091,1.);
#2091 = DIRECTION('',(-1.902176749301E-02,0.999819069813,0.));
#2092 = PCURVE('',#2066,#2093);
#2093 = DEFINITIONAL_REPRESENTATION('',(#2094),#2098);
#2094 = LINE('',#2095,#2096);
#2095 = CARTESIAN_POINT('',(6.080519578116E-03,5.440940395952E-04));
#2096 = VECTOR('',#2097,1.);
#2097 = DIRECTION('',(-1.,3.933867835645E-35));
#2098 = ( GEOMETRIC_REPRESENTATION_CONTEXT(2) 
PARAMETRIC_REPRESENTATION_CONTEXT() REPRESENTATION_CONTEXT('2D SPACE',''
  ) );
#2099 = PCURVE('',#2100,#2105);
#2100 = PLANE('',#2101);
#2101 = AXIS2_PLACEMENT_3D('',#2102,#2103,#2104);
#2102 = CARTESIAN_POINT('',(-1.297479370736,0.765316081131,
    0.865999996662));
#2103 = DIRECTION('',(1.961552160915E-26,-5.661003876902E-27,1.));
#2104 = DIRECTION('',(1.,0.,-1.961552160915E-26));
#2105 = DEFINITIONAL_REPRESENTATION('',(#2106),#2109);
#2106 = B_SPLINE_CURVE_WITH_KNOTS('',1,(#2107,#2108),.UNSPECIFIED.,.F.,
  .F.,(2,2),(0.,1.124925298463E-02),.PIECEWISE_BEZIER_KNOTS.);
#2107 = CARTESIAN_POINT('',(-6.306668616388E-03,-2.656329878579E-02));
#2108 = CARTESIAN_POINT('',(-6.520649291132E-03,-1.531608113061E-02));
#2109 = ( GEOMETRIC_REPRESENTATION_CONTEXT(2) 
PARAMETRIC_REPRESENTATION_CONTEXT() REPRESENTATION_CONTEXT('2D SPACE',''
  ) );
#2110 = ORIENTED_EDGE('',*,*,#2111,.T.);
#2111 = EDGE_CURVE('',#2085,#2058,#2112,.T.);
#2112 = SURFACE_CURVE('',#2113,(#2117,#2124),.PCURVE_S1.);
#2113 = LINE('',#2114,#2115);
#2114 = CARTESIAN_POINT('',(-1.304000020027,0.75,0.865999996662));
#2115 = VECTOR('',#2116,1.);
#2116 = DIRECTION('',(0.,0.,-1.));
#2117 = PCURVE('',#2066,#2118);
#2118 = DEFINITIONAL_REPRESENTATION('',(#2119),#2123);
#2119 = LINE('',#2120,#2121);
#2120 = CARTESIAN_POINT('',(-5.168733406513E-03,5.440940395952E-04));
#2121 = VECTOR('',#2122,1.);
#2122 = DIRECTION('',(0.,-1.));
#2123 = ( GEOMETRIC_REPRESENTATION_CONTEXT(2) 
PARAMETRIC_REPRESENTATION_CONTEXT() REPRESENTATION_CONTEXT('2D SPACE',''
  ) );
#2124 = PCURVE('',#2125,#2130);
#2125 = PLANE('',#2126);
#2126 = AXIS2_PLACEMENT_3D('',#2127,#2128,#2129);
#2127 = CARTESIAN_POINT('',(-1.303901701582,0.755167798227,
    0.864544116451));
#2128 = DIRECTION('',(-0.999819069813,1.902176749301E-02,
    -1.133860205999E-17));
#2129 = DIRECTION('',(-1.902176749301E-02,-0.999819069813,0.));
#2130 = DEFINITIONAL_REPRESENTATION('',(#2131),#2134);
#2131 = B_SPLINE_CURVE_WITH_KNOTS('',1,(#2132,#2133),.UNSPECIFIED.,.F.,
  .F.,(2,2),(0.,1.999974250793E-03),.PIECEWISE_BEZIER_KNOTS.);
#2132 = CARTESIAN_POINT('',(5.168733406513E-03,1.455880211198E-03));
#2133 = CARTESIAN_POINT('',(5.168733406513E-03,-5.440940395952E-04));
#2134 = ( GEOMETRIC_REPRESENTATION_CONTEXT(2) 
PARAMETRIC_REPRESENTATION_CONTEXT() REPRESENTATION_CONTEXT('2D SPACE',''
  ) );
#2135 = ADVANCED_FACE('',(#2136),#2042,.T.);
#2136 = FACE_BOUND('',#2137,.T.);
#2137 = EDGE_LOOP('',(#2138,#2139,#2140));
#2138 = ORIENTED_EDGE('',*,*,#2029,.T.);
#2139 = ORIENTED_EDGE('',*,*,#2057,.F.);
#2140 = ORIENTED_EDGE('',*,*,#2141,.T.);
#2141 = EDGE_CURVE('',#2058,#1947,#2142,.T.);
#2142 = SURFACE_CURVE('',#2143,(#2147,#2154),.PCURVE_S1.);
#2143 = LINE('',#2144,#2145);
#2144 = CARTESIAN_POINT('',(-1.304000020027,0.75,0.864000022411));
#2145 = VECTOR('',#2146,1.);
#2146 = DIRECTION('',(1.902176749301E-02,-0.999819069813,0.));
#2147 = PCURVE('',#2042,#2148);
#2148 = DEFINITIONAL_REPRESENTATION('',(#2149),#2153);
#2149 = LINE('',#2150,#2151);
#2150 = CARTESIAN_POINT('',(-6.080519578116E-03,-5.440940395952E-04));
#2151 = VECTOR('',#2152,1.);
#2152 = DIRECTION('',(1.,0.));
#2153 = ( GEOMETRIC_REPRESENTATION_CONTEXT(2) 
PARAMETRIC_REPRESENTATION_CONTEXT() REPRESENTATION_CONTEXT('2D SPACE',''
  ) );
#2154 = PCURVE('',#2155,#2160);
#2155 = PLANE('',#2156);
#2156 = AXIS2_PLACEMENT_3D('',#2157,#2158,#2159);
#2157 = CARTESIAN_POINT('',(-1.293718774632,0.769391644051,
    0.864000022411));
#2158 = DIRECTION('',(-0.,-0.,-1.));
#2159 = DIRECTION('',(-1.,0.,0.));
#2160 = DEFINITIONAL_REPRESENTATION('',(#2161),#2164);
#2161 = B_SPLINE_CURVE_WITH_KNOTS('',1,(#2162,#2163),.UNSPECIFIED.,.F.,
  .F.,(2,2),(0.,1.124925298463E-02),.PIECEWISE_BEZIER_KNOTS.);
#2162 = CARTESIAN_POINT('',(1.028124539483E-02,-1.939164405148E-02));
#2163 = CARTESIAN_POINT('',(1.006726472008E-02,-3.063886170666E-02));
#2164 = ( GEOMETRIC_REPRESENTATION_CONTEXT(2) 
PARAMETRIC_REPRESENTATION_CONTEXT() REPRESENTATION_CONTEXT('2D SPACE',''
  ) );
#2165 = ADVANCED_FACE('',(#2166),#1599,.T.);
#2166 = FACE_BOUND('',#2167,.T.);
#2167 = EDGE_LOOP('',(#2168,#2195,#2220));
#2168 = ORIENTED_EDGE('',*,*,#2169,.T.);
#2169 = EDGE_CURVE('',#1577,#2170,#2172,.T.);
#2170 = VERTEX_POINT('',#2171);
#2171 = CARTESIAN_POINT('',(-1.272385001183,0.693907558918,
    0.865999996662));
#2172 = SURFACE_CURVE('',#2173,(#2177,#2184),.PCURVE_S1.);
#2173 = LINE('',#2174,#2175);
#2174 = CARTESIAN_POINT('',(-1.281633377075,0.70038330555,0.864000022411
    ));
#2175 = VECTOR('',#2176,1.);
#2176 = DIRECTION('',(0.806595929792,-0.564781420659,0.174427500472));
#2177 = PCURVE('',#1599,#2178);
#2178 = DEFINITIONAL_REPRESENTATION('',(#2179),#2183);
#2179 = LINE('',#2180,#2181);
#2180 = CARTESIAN_POINT('',(5.189030421983E-03,1.456037550676E-03));
#2181 = VECTOR('',#2182,1.);
#2182 = DIRECTION('',(-0.984670019387,-0.174427500472));
#2183 = ( GEOMETRIC_REPRESENTATION_CONTEXT(2) 
PARAMETRIC_REPRESENTATION_CONTEXT() REPRESENTATION_CONTEXT('2D SPACE',''
  ) );
#2184 = PCURVE('',#2185,#2190);
#2185 = PLANE('',#2186);
#2186 = AXIS2_PLACEMENT_3D('',#2187,#2188,#2189);
#2187 = CARTESIAN_POINT('',(-1.27663561381,0.696883853429,0.864543959111
    ));
#2188 = DIRECTION('',(-0.573574303614,-0.819153537644,-0.));
#2189 = DIRECTION('',(-0.819153537644,0.573574303614,0.));
#2190 = DEFINITIONAL_REPRESENTATION('',(#2191),#2194);
#2191 = B_SPLINE_CURVE_WITH_KNOTS('',1,(#2192,#2193),.UNSPECIFIED.,.F.,
  .F.,(2,2),(0.,1.14659342442E-02),.PIECEWISE_BEZIER_KNOTS.);
#2192 = CARTESIAN_POINT('',(6.101131272542E-03,5.439367001174E-04));
#2193 = CARTESIAN_POINT('',(-5.189030421983E-03,-1.456037550676E-03));
#2194 = ( GEOMETRIC_REPRESENTATION_CONTEXT(2) 
PARAMETRIC_REPRESENTATION_CONTEXT() REPRESENTATION_CONTEXT('2D SPACE',''
  ) );
#2195 = ORIENTED_EDGE('',*,*,#2196,.T.);
#2196 = EDGE_CURVE('',#2170,#1579,#2197,.T.);
#2197 = SURFACE_CURVE('',#2198,(#2202,#2209),.PCURVE_S1.);
#2198 = LINE('',#2199,#2200);
#2199 = CARTESIAN_POINT('',(-1.272385001183,0.693907558918,
    0.865999996662));
#2200 = VECTOR('',#2201,1.);
#2201 = DIRECTION('',(-0.819153537644,0.573574303614,0.));
#2202 = PCURVE('',#1599,#2203);
#2203 = DEFINITIONAL_REPRESENTATION('',(#2204),#2208);
#2204 = LINE('',#2205,#2206);
#2205 = CARTESIAN_POINT('',(-6.101131272542E-03,-5.439367001174E-04));
#2206 = VECTOR('',#2207,1.);
#2207 = DIRECTION('',(1.,1.043559953056E-30));
#2208 = ( GEOMETRIC_REPRESENTATION_CONTEXT(2) 
PARAMETRIC_REPRESENTATION_CONTEXT() REPRESENTATION_CONTEXT('2D SPACE',''
  ) );
#2209 = PCURVE('',#2210,#2215);
#2210 = PLANE('',#2211);
#2211 = AXIS2_PLACEMENT_3D('',#2212,#2213,#2214);
#2212 = CARTESIAN_POINT('',(-1.282873495807,0.741689289168,
    0.865999996662));
#2213 = DIRECTION('',(-8.535350541363E-29,-1.763251656051E-29,1.));
#2214 = DIRECTION('',(1.,0.,8.535350541363E-29));
#2215 = DEFINITIONAL_REPRESENTATION('',(#2216),#2219);
#2216 = B_SPLINE_CURVE_WITH_KNOTS('',1,(#2217,#2218),.UNSPECIFIED.,.F.,
  .F.,(2,2),(0.,1.129016169452E-02),.PIECEWISE_BEZIER_KNOTS.);
#2217 = CARTESIAN_POINT('',(1.048849462425E-02,-4.778173025029E-02));
#2218 = CARTESIAN_POINT('',(1.240118731613E-03,-4.130598361867E-02));
#2219 = ( GEOMETRIC_REPRESENTATION_CONTEXT(2) 
PARAMETRIC_REPRESENTATION_CONTEXT() REPRESENTATION_CONTEXT('2D SPACE',''
  ) );
#2220 = ORIENTED_EDGE('',*,*,#1576,.F.);
#2221 = ADVANCED_FACE('',(#2222),#2185,.T.);
#2222 = FACE_BOUND('',#2223,.T.);
#2223 = EDGE_LOOP('',(#2224,#2251,#2252));
#2224 = ORIENTED_EDGE('',*,*,#2225,.T.);
#2225 = EDGE_CURVE('',#2226,#2170,#2228,.T.);
#2226 = VERTEX_POINT('',#2227);
#2227 = CARTESIAN_POINT('',(-1.272385001183,0.693907558918,
    0.864000022411));
#2228 = SURFACE_CURVE('',#2229,(#2233,#2240),.PCURVE_S1.);
#2229 = LINE('',#2230,#2231);
#2230 = CARTESIAN_POINT('',(-1.272385001183,0.693907558918,
    0.864000022411));
#2231 = VECTOR('',#2232,1.);
#2232 = DIRECTION('',(0.,0.,1.));
#2233 = PCURVE('',#2185,#2234);
#2234 = DEFINITIONAL_REPRESENTATION('',(#2235),#2239);
#2235 = LINE('',#2236,#2237);
#2236 = CARTESIAN_POINT('',(-5.189030421983E-03,5.439367001174E-04));
#2237 = VECTOR('',#2238,1.);
#2238 = DIRECTION('',(0.,-1.));
#2239 = ( GEOMETRIC_REPRESENTATION_CONTEXT(2) 
PARAMETRIC_REPRESENTATION_CONTEXT() REPRESENTATION_CONTEXT('2D SPACE',''
  ) );
#2240 = PCURVE('',#2241,#2246);
#2241 = PLANE('',#2242);
#2242 = AXIS2_PLACEMENT_3D('',#2243,#2244,#2245);
#2243 = CARTESIAN_POINT('',(-1.267682157622,0.691714560533,
    0.865456059919));
#2244 = DIRECTION('',(-0.422622443457,-0.906305837059,-0.));
#2245 = DIRECTION('',(-0.906305837059,0.422622443457,0.));
#2246 = DEFINITIONAL_REPRESENTATION('',(#2247),#2250);
#2247 = B_SPLINE_CURVE_WITH_KNOTS('',1,(#2248,#2249),.UNSPECIFIED.,.F.,
  .F.,(2,2),(0.,1.999974250793E-03),.PIECEWISE_BEZIER_KNOTS.);
#2248 = CARTESIAN_POINT('',(5.189024905492E-03,1.456037508065E-03));
#2249 = CARTESIAN_POINT('',(5.189024905492E-03,-5.439367427281E-04));
#2250 = ( GEOMETRIC_REPRESENTATION_CONTEXT(2) 
PARAMETRIC_REPRESENTATION_CONTEXT() REPRESENTATION_CONTEXT('2D SPACE',''
  ) );
#2251 = ORIENTED_EDGE('',*,*,#2169,.F.);
#2252 = ORIENTED_EDGE('',*,*,#2253,.T.);
#2253 = EDGE_CURVE('',#1577,#2226,#2254,.T.);
#2254 = SURFACE_CURVE('',#2255,(#2259,#2266),.PCURVE_S1.);
#2255 = LINE('',#2256,#2257);
#2256 = CARTESIAN_POINT('',(-1.281633377075,0.70038330555,0.864000022411
    ));
#2257 = VECTOR('',#2258,1.);
#2258 = DIRECTION('',(0.819153537644,-0.573574303614,0.));
#2259 = PCURVE('',#2185,#2260);
#2260 = DEFINITIONAL_REPRESENTATION('',(#2261),#2265);
#2261 = LINE('',#2262,#2263);
#2262 = CARTESIAN_POINT('',(6.101131272542E-03,5.439367001174E-04));
#2263 = VECTOR('',#2264,1.);
#2264 = DIRECTION('',(-1.,0.));
#2265 = ( GEOMETRIC_REPRESENTATION_CONTEXT(2) 
PARAMETRIC_REPRESENTATION_CONTEXT() REPRESENTATION_CONTEXT('2D SPACE',''
  ) );
#2266 = PCURVE('',#2267,#2272);
#2267 = PLANE('',#2268);
#2268 = AXIS2_PLACEMENT_3D('',#2269,#2270,#2271);
#2269 = CARTESIAN_POINT('',(-1.279127363505,0.745659471392,
    0.864000022411));
#2270 = DIRECTION('',(-4.877077174528E-27,-2.336051228749E-28,-1.));
#2271 = DIRECTION('',(-1.,0.,4.877077174528E-27));
#2272 = DEFINITIONAL_REPRESENTATION('',(#2273),#2276);
#2273 = B_SPLINE_CURVE_WITH_KNOTS('',1,(#2274,#2275),.UNSPECIFIED.,.F.,
  .F.,(2,2),(0.,1.129016169452E-02),.PIECEWISE_BEZIER_KNOTS.);
#2274 = CARTESIAN_POINT('',(2.506013570613E-03,-4.527616584258E-02));
#2275 = CARTESIAN_POINT('',(-6.742362322026E-03,-5.175191247421E-02));
#2276 = ( GEOMETRIC_REPRESENTATION_CONTEXT(2) 
PARAMETRIC_REPRESENTATION_CONTEXT() REPRESENTATION_CONTEXT('2D SPACE',''
  ) );
#2277 = ADVANCED_FACE('',(#2278),#2241,.T.);
#2278 = FACE_BOUND('',#2279,.T.);
#2279 = EDGE_LOOP('',(#2280,#2307,#2332));
#2280 = ORIENTED_EDGE('',*,*,#2281,.T.);
#2281 = EDGE_CURVE('',#2226,#2282,#2284,.T.);
#2282 = VERTEX_POINT('',#2283);
#2283 = CARTESIAN_POINT('',(-1.262152671814,0.689136087894,
    0.865999996662));
#2284 = SURFACE_CURVE('',#2285,(#2289,#2296),.PCURVE_S1.);
#2285 = LINE('',#2286,#2287);
#2286 = CARTESIAN_POINT('',(-1.272385001183,0.693907558918,
    0.864000022411));
#2287 = VECTOR('',#2288,1.);
#2288 = DIRECTION('',(0.892412159409,-0.416143637124,0.174427667017));
#2289 = PCURVE('',#2241,#2290);
#2290 = DEFINITIONAL_REPRESENTATION('',(#2291),#2295);
#2291 = LINE('',#2292,#2293);
#2292 = CARTESIAN_POINT('',(5.189024905492E-03,1.456037508065E-03));
#2293 = VECTOR('',#2294,1.);
#2294 = DIRECTION('',(-0.984669989884,-0.174427667017));
#2295 = ( GEOMETRIC_REPRESENTATION_CONTEXT(2) 
PARAMETRIC_REPRESENTATION_CONTEXT() REPRESENTATION_CONTEXT('2D SPACE',''
  ) );
#2296 = PCURVE('',#2297,#2302);
#2297 = PLANE('',#2298);
#2298 = AXIS2_PLACEMENT_3D('',#2299,#2300,#2301);
#2299 = CARTESIAN_POINT('',(-1.266855515374,0.691329086279,
    0.864543959154));
#2300 = DIRECTION('',(-0.422622443457,-0.906305837059,3.63009266736E-16)
  );
#2301 = DIRECTION('',(-0.906305837059,0.422622443457,0.));
#2302 = DEFINITIONAL_REPRESENTATION('',(#2303),#2306);
#2303 = B_SPLINE_CURVE_WITH_KNOTS('',1,(#2304,#2305),.UNSPECIFIED.,.F.,
  .F.,(2,2),(0.,1.146592329644E-02),.PIECEWISE_BEZIER_KNOTS.);
#2304 = CARTESIAN_POINT('',(6.101125670829E-03,5.43936742728E-04));
#2305 = CARTESIAN_POINT('',(-5.189024905492E-03,-1.456037508065E-03));
#2306 = ( GEOMETRIC_REPRESENTATION_CONTEXT(2) 
PARAMETRIC_REPRESENTATION_CONTEXT() REPRESENTATION_CONTEXT('2D SPACE',''
  ) );
#2307 = ORIENTED_EDGE('',*,*,#2308,.T.);
#2308 = EDGE_CURVE('',#2282,#2170,#2309,.T.);
#2309 = SURFACE_CURVE('',#2310,(#2314,#2321),.PCURVE_S1.);
#2310 = LINE('',#2311,#2312);
#2311 = CARTESIAN_POINT('',(-1.262152671814,0.689136087894,
    0.865999996662));
#2312 = VECTOR('',#2313,1.);
#2313 = DIRECTION('',(-0.906305837059,0.422622443457,0.));
#2314 = PCURVE('',#2241,#2315);
#2315 = DEFINITIONAL_REPRESENTATION('',(#2316),#2320);
#2316 = LINE('',#2317,#2318);
#2317 = CARTESIAN_POINT('',(-6.10112567083E-03,-5.439367427281E-04));
#2318 = VECTOR('',#2319,1.);
#2319 = DIRECTION('',(1.,0.));
#2320 = ( GEOMETRIC_REPRESENTATION_CONTEXT(2) 
PARAMETRIC_REPRESENTATION_CONTEXT() REPRESENTATION_CONTEXT('2D SPACE',''
  ) );
#2321 = PCURVE('',#2322,#2327);
#2322 = PLANE('',#2323);
#2323 = AXIS2_PLACEMENT_3D('',#2324,#2325,#2326);
#2324 = CARTESIAN_POINT('',(-1.277779198068,0.73893102579,0.865999996662
    ));
#2325 = DIRECTION('',(-3.041010917556E-28,-6.421002323326E-29,1.));
#2326 = DIRECTION('',(1.,0.,3.041010917556E-28));
#2327 = DEFINITIONAL_REPRESENTATION('',(#2328),#2331);
#2328 = B_SPLINE_CURVE_WITH_KNOTS('',1,(#2329,#2330),.UNSPECIFIED.,.F.,
  .F.,(2,2),(0.,1.129015057632E-02),.PIECEWISE_BEZIER_KNOTS.);
#2329 = CARTESIAN_POINT('',(1.562652625382E-02,-4.979493789561E-02));
#2330 = CARTESIAN_POINT('',(5.394196885231E-03,-4.502346687205E-02));
#2331 = ( GEOMETRIC_REPRESENTATION_CONTEXT(2) 
PARAMETRIC_REPRESENTATION_CONTEXT() REPRESENTATION_CONTEXT('2D SPACE',''
  ) );
#2332 = ORIENTED_EDGE('',*,*,#2225,.F.);
#2333 = ADVANCED_FACE('',(#2334),#2297,.T.);
#2334 = FACE_BOUND('',#2335,.T.);
#2335 = EDGE_LOOP('',(#2336,#2363,#2364));
#2336 = ORIENTED_EDGE('',*,*,#2337,.T.);
#2337 = EDGE_CURVE('',#2338,#2282,#2340,.T.);
#2338 = VERTEX_POINT('',#2339);
#2339 = CARTESIAN_POINT('',(-1.262152671814,0.689136087894,
    0.864000022411));
#2340 = SURFACE_CURVE('',#2341,(#2345,#2352),.PCURVE_S1.);
#2341 = LINE('',#2342,#2343);
#2342 = CARTESIAN_POINT('',(-1.262152671814,0.689136087894,
    0.864000022411));
#2343 = VECTOR('',#2344,1.);
#2344 = DIRECTION('',(0.,0.,1.));
#2345 = PCURVE('',#2297,#2346);
#2346 = DEFINITIONAL_REPRESENTATION('',(#2347),#2351);
#2347 = LINE('',#2348,#2349);
#2348 = CARTESIAN_POINT('',(-5.189024905492E-03,5.43936742728E-04));
#2349 = VECTOR('',#2350,1.);
#2350 = DIRECTION('',(0.,-1.));
#2351 = ( GEOMETRIC_REPRESENTATION_CONTEXT(2) 
PARAMETRIC_REPRESENTATION_CONTEXT() REPRESENTATION_CONTEXT('2D SPACE',''
  ) );
#2352 = PCURVE('',#2353,#2358);
#2353 = PLANE('',#2354);
#2354 = AXIS2_PLACEMENT_3D('',#2355,#2356,#2357);
#2355 = CARTESIAN_POINT('',(-1.257140431334,0.687793091036,0.86545606008
    ));
#2356 = DIRECTION('',(-0.258813843363,-0.965927220076,-0.));
#2357 = DIRECTION('',(-0.965927220076,0.258813843363,0.));
#2358 = DEFINITIONAL_REPRESENTATION('',(#2359),#2362);
#2359 = B_SPLINE_CURVE_WITH_KNOTS('',1,(#2360,#2361),.UNSPECIFIED.,.F.,
  .F.,(2,2),(0.,1.999974250793E-03),.PIECEWISE_BEZIER_KNOTS.);
#2360 = CARTESIAN_POINT('',(5.189045691781E-03,1.456037668623E-03));
#2361 = CARTESIAN_POINT('',(5.189045691781E-03,-5.439365821709E-04));
#2362 = ( GEOMETRIC_REPRESENTATION_CONTEXT(2) 
PARAMETRIC_REPRESENTATION_CONTEXT() REPRESENTATION_CONTEXT('2D SPACE',''
  ) );
#2363 = ORIENTED_EDGE('',*,*,#2281,.F.);
#2364 = ORIENTED_EDGE('',*,*,#2365,.T.);
#2365 = EDGE_CURVE('',#2226,#2338,#2366,.T.);
#2366 = SURFACE_CURVE('',#2367,(#2371,#2378),.PCURVE_S1.);
#2367 = LINE('',#2368,#2369);
#2368 = CARTESIAN_POINT('',(-1.272385001183,0.693907558918,
    0.864000022411));
#2369 = VECTOR('',#2370,1.);
#2370 = DIRECTION('',(0.906305837059,-0.422622443457,0.));
#2371 = PCURVE('',#2297,#2372);
#2372 = DEFINITIONAL_REPRESENTATION('',(#2373),#2377);
#2373 = LINE('',#2374,#2375);
#2374 = CARTESIAN_POINT('',(6.101125670829E-03,5.43936742728E-04));
#2375 = VECTOR('',#2376,1.);
#2376 = DIRECTION('',(-1.,-2.015106230413E-32));
#2377 = ( GEOMETRIC_REPRESENTATION_CONTEXT(2) 
PARAMETRIC_REPRESENTATION_CONTEXT() REPRESENTATION_CONTEXT('2D SPACE',''
  ) );
#2378 = PCURVE('',#2379,#2384);
#2379 = PLANE('',#2380);
#2380 = AXIS2_PLACEMENT_3D('',#2381,#2382,#2383);
#2381 = CARTESIAN_POINT('',(-1.27403025891,0.742879890464,0.864000022411
    ));
#2382 = DIRECTION('',(-3.486430052528E-27,-4.69686716135E-28,-1.));
#2383 = DIRECTION('',(-1.,0.,3.486430052528E-27));
#2384 = DEFINITIONAL_REPRESENTATION('',(#2385),#2388);
#2385 = B_SPLINE_CURVE_WITH_KNOTS('',1,(#2386,#2387),.UNSPECIFIED.,.F.,
  .F.,(2,2),(0.,1.129015057632E-02),.PIECEWISE_BEZIER_KNOTS.);
#2386 = CARTESIAN_POINT('',(-1.645257727491E-03,-4.89723315465E-02));
#2387 = CARTESIAN_POINT('',(-1.187758709608E-02,-5.374380257006E-02));
#2388 = ( GEOMETRIC_REPRESENTATION_CONTEXT(2) 
PARAMETRIC_REPRESENTATION_CONTEXT() REPRESENTATION_CONTEXT('2D SPACE',''
  ) );
#2389 = ADVANCED_FACE('',(#2390),#2353,.T.);
#2390 = FACE_BOUND('',#2391,.T.);
#2391 = EDGE_LOOP('',(#2392,#2419,#2444));
#2392 = ORIENTED_EDGE('',*,*,#2393,.T.);
#2393 = EDGE_CURVE('',#2338,#2394,#2396,.T.);
#2394 = VERTEX_POINT('',#2395);
#2395 = CARTESIAN_POINT('',(-1.251247167587,0.686214029789,
    0.865999996662));
#2396 = SURFACE_CURVE('',#2397,(#2401,#2408),.PCURVE_S1.);
#2397 = LINE('',#2398,#2399);
#2398 = CARTESIAN_POINT('',(-1.262152671814,0.689136087894,
    0.864000022411));
#2399 = VECTOR('',#2400,1.);
#2400 = DIRECTION('',(0.951119653399,-0.254846253297,0.174427039473));
#2401 = PCURVE('',#2353,#2402);
#2402 = DEFINITIONAL_REPRESENTATION('',(#2403),#2407);
#2403 = LINE('',#2404,#2405);
#2404 = CARTESIAN_POINT('',(5.189045691781E-03,1.456037668623E-03));
#2405 = VECTOR('',#2406,1.);
#2406 = DIRECTION('',(-0.984670101049,-0.174427039473));
#2407 = ( GEOMETRIC_REPRESENTATION_CONTEXT(2) 
PARAMETRIC_REPRESENTATION_CONTEXT() REPRESENTATION_CONTEXT('2D SPACE',''
  ) );
#2408 = PCURVE('',#2409,#2414);
#2409 = PLANE('',#2410);
#2410 = AXIS2_PLACEMENT_3D('',#2411,#2412,#2413);
#2411 = CARTESIAN_POINT('',(-1.256259408067,0.687557026648,
    0.864543958994));
#2412 = DIRECTION('',(-0.258813843363,-0.965927220076,
    -3.630094444759E-16));
#2413 = DIRECTION('',(-0.965927220076,0.258813843363,0.));
#2414 = DEFINITIONAL_REPRESENTATION('',(#2415),#2418);
#2415 = B_SPLINE_CURVE_WITH_KNOTS('',1,(#2416,#2417),.UNSPECIFIED.,.F.,
  .F.,(2,2),(0.,1.14659645479E-02),.PIECEWISE_BEZIER_KNOTS.);
#2416 = CARTESIAN_POINT('',(6.101146778233E-03,5.43936582171E-04));
#2417 = CARTESIAN_POINT('',(-5.189045691781E-03,-1.456037668622E-03));
#2418 = ( GEOMETRIC_REPRESENTATION_CONTEXT(2) 
PARAMETRIC_REPRESENTATION_CONTEXT() REPRESENTATION_CONTEXT('2D SPACE',''
  ) );
#2419 = ORIENTED_EDGE('',*,*,#2420,.T.);
#2420 = EDGE_CURVE('',#2394,#2282,#2421,.T.);
#2421 = SURFACE_CURVE('',#2422,(#2426,#2433),.PCURVE_S1.);
#2422 = LINE('',#2423,#2424);
#2423 = CARTESIAN_POINT('',(-1.251247167587,0.686214029789,
    0.865999996662));
#2424 = VECTOR('',#2425,1.);
#2425 = DIRECTION('',(-0.965927220076,0.258813843363,0.));
#2426 = PCURVE('',#2353,#2427);
#2427 = DEFINITIONAL_REPRESENTATION('',(#2428),#2432);
#2428 = LINE('',#2429,#2430);
#2429 = CARTESIAN_POINT('',(-6.101146778233E-03,-5.439365821709E-04));
#2430 = VECTOR('',#2431,1.);
#2431 = DIRECTION('',(1.,0.));
#2432 = ( GEOMETRIC_REPRESENTATION_CONTEXT(2) 
PARAMETRIC_REPRESENTATION_CONTEXT() REPRESENTATION_CONTEXT('2D SPACE',''
  ) );
#2433 = PCURVE('',#2434,#2439);
#2434 = PLANE('',#2435);
#2435 = AXIS2_PLACEMENT_3D('',#2436,#2437,#2438);
#2436 = CARTESIAN_POINT('',(-1.272276851465,0.737078773574,
    0.865999996662));
#2437 = DIRECTION('',(-5.582600922508E-28,-1.812731034609E-28,1.));
#2438 = DIRECTION('',(1.,0.,5.582600922508E-28));
#2439 = DEFINITIONAL_REPRESENTATION('',(#2440),#2443);
#2440 = B_SPLINE_CURVE_WITH_KNOTS('',1,(#2441,#2442),.UNSPECIFIED.,.F.,
  .F.,(2,2),(0.,1.129019247001E-02),.PIECEWISE_BEZIER_KNOTS.);
#2441 = CARTESIAN_POINT('',(2.102968387762E-02,-5.086474378458E-02));
#2442 = CARTESIAN_POINT('',(1.012417965093E-02,-4.794268567911E-02));
#2443 = ( GEOMETRIC_REPRESENTATION_CONTEXT(2) 
PARAMETRIC_REPRESENTATION_CONTEXT() REPRESENTATION_CONTEXT('2D SPACE',''
  ) );
#2444 = ORIENTED_EDGE('',*,*,#2337,.F.);
#2445 = ADVANCED_FACE('',(#2446),#2409,.T.);
#2446 = FACE_BOUND('',#2447,.T.);
#2447 = EDGE_LOOP('',(#2448,#2475,#2476));
#2448 = ORIENTED_EDGE('',*,*,#2449,.T.);
#2449 = EDGE_CURVE('',#2450,#2394,#2452,.T.);
#2450 = VERTEX_POINT('',#2451);
#2451 = CARTESIAN_POINT('',(-1.251247167587,0.686214029789,
    0.864000022411));
#2452 = SURFACE_CURVE('',#2453,(#2457,#2464),.PCURVE_S1.);
#2453 = LINE('',#2454,#2455);
#2454 = CARTESIAN_POINT('',(-1.251247167587,0.686214029789,
    0.864000022411));
#2455 = VECTOR('',#2456,1.);
#2456 = DIRECTION('',(0.,0.,1.));
#2457 = PCURVE('',#2409,#2458);
#2458 = DEFINITIONAL_REPRESENTATION('',(#2459),#2463);
#2459 = LINE('',#2460,#2461);
#2460 = CARTESIAN_POINT('',(-5.189045691781E-03,5.43936582171E-04));
#2461 = VECTOR('',#2462,1.);
#2462 = DIRECTION('',(0.,-1.));
#2463 = ( GEOMETRIC_REPRESENTATION_CONTEXT(2) 
PARAMETRIC_REPRESENTATION_CONTEXT() REPRESENTATION_CONTEXT('2D SPACE',''
  ) );
#2464 = PCURVE('',#2465,#2470);
#2465 = PLANE('',#2466);
#2466 = AXIS2_PLACEMENT_3D('',#2467,#2468,#2469);
#2467 = CARTESIAN_POINT('',(-1.246077903375,0.68576177122,0.865456059808
    ));
#2468 = DIRECTION('',(-8.715699570249E-02,-0.996194588472,-0.));
#2469 = DIRECTION('',(-0.996194588472,8.715699570249E-02,0.));
#2470 = DEFINITIONAL_REPRESENTATION('',(#2471),#2474);
#2471 = B_SPLINE_CURVE_WITH_KNOTS('',1,(#2472,#2473),.UNSPECIFIED.,.F.,
  .F.,(2,2),(0.,1.999974250793E-03),.PIECEWISE_BEZIER_KNOTS.);
#2472 = CARTESIAN_POINT('',(5.18901053308E-03,1.45603739705E-03));
#2473 = CARTESIAN_POINT('',(5.18901053308E-03,-5.439368537438E-04));
#2474 = ( GEOMETRIC_REPRESENTATION_CONTEXT(2) 
PARAMETRIC_REPRESENTATION_CONTEXT() REPRESENTATION_CONTEXT('2D SPACE',''
  ) );
#2475 = ORIENTED_EDGE('',*,*,#2393,.F.);
#2476 = ORIENTED_EDGE('',*,*,#2477,.T.);
#2477 = EDGE_CURVE('',#2338,#2450,#2478,.T.);
#2478 = SURFACE_CURVE('',#2479,(#2483,#2490),.PCURVE_S1.);
#2479 = LINE('',#2480,#2481);
#2480 = CARTESIAN_POINT('',(-1.262152671814,0.689136087894,
    0.864000022411));
#2481 = VECTOR('',#2482,1.);
#2482 = DIRECTION('',(0.965927220076,-0.258813843363,0.));
#2483 = PCURVE('',#2409,#2484);
#2484 = DEFINITIONAL_REPRESENTATION('',(#2485),#2489);
#2485 = LINE('',#2486,#2487);
#2486 = CARTESIAN_POINT('',(6.101146778233E-03,5.43936582171E-04));
#2487 = VECTOR('',#2488,1.);
#2488 = DIRECTION('',(-1.,-2.015107217068E-32));
#2489 = ( GEOMETRIC_REPRESENTATION_CONTEXT(2) 
PARAMETRIC_REPRESENTATION_CONTEXT() REPRESENTATION_CONTEXT('2D SPACE',''
  ) );
#2490 = PCURVE('',#2491,#2496);
#2491 = PLANE('',#2492);
#2492 = AXIS2_PLACEMENT_3D('',#2493,#2494,#2495);
#2493 = CARTESIAN_POINT('',(-1.268523259435,0.741006645893,
    0.864000022411));
#2494 = DIRECTION('',(-0.,-0.,-1.));
#2495 = DIRECTION('',(-1.,0.,0.));
#2496 = DEFINITIONAL_REPRESENTATION('',(#2497),#2500);
#2497 = B_SPLINE_CURVE_WITH_KNOTS('',1,(#2498,#2499),.UNSPECIFIED.,.F.,
  .F.,(2,2),(0.,1.129019247001E-02),.PIECEWISE_BEZIER_KNOTS.);
#2498 = CARTESIAN_POINT('',(-6.370587621513E-03,-5.187055799808E-02));
#2499 = CARTESIAN_POINT('',(-1.72760918482E-02,-5.479261610355E-02));
#2500 = ( GEOMETRIC_REPRESENTATION_CONTEXT(2) 
PARAMETRIC_REPRESENTATION_CONTEXT() REPRESENTATION_CONTEXT('2D SPACE',''
  ) );
#2501 = ADVANCED_FACE('',(#2502),#2465,.T.);
#2502 = FACE_BOUND('',#2503,.T.);
#2503 = EDGE_LOOP('',(#2504,#2531,#2556));
#2504 = ORIENTED_EDGE('',*,*,#2505,.T.);
#2505 = EDGE_CURVE('',#2450,#2506,#2508,.T.);
#2506 = VERTEX_POINT('',#2507);
#2507 = CARTESIAN_POINT('',(-1.240000009537,0.685230016708,
    0.865999996662));
#2508 = SURFACE_CURVE('',#2509,(#2513,#2520),.PCURVE_S1.);
#2509 = LINE('',#2510,#2511);
#2510 = CARTESIAN_POINT('',(-1.251247167587,0.686214029789,
    0.864000022411));
#2511 = VECTOR('',#2512,1.);
#2512 = DIRECTION('',(0.980922838781,-8.582087137747E-02,0.174428100927)
  );
#2513 = PCURVE('',#2465,#2514);
#2514 = DEFINITIONAL_REPRESENTATION('',(#2515),#2519);
#2515 = LINE('',#2516,#2517);
#2516 = CARTESIAN_POINT('',(5.18901053308E-03,1.45603739705E-03));
#2517 = VECTOR('',#2518,1.);
#2518 = DIRECTION('',(-0.98466991302,-0.174428100927));
#2519 = ( GEOMETRIC_REPRESENTATION_CONTEXT(2) 
PARAMETRIC_REPRESENTATION_CONTEXT() REPRESENTATION_CONTEXT('2D SPACE',''
  ) );
#2520 = PCURVE('',#2521,#2526);
#2521 = PLANE('',#2522);
#2522 = AXIS2_PLACEMENT_3D('',#2523,#2524,#2525);
#2523 = CARTESIAN_POINT('',(-1.245169273749,0.685682275277,
    0.864543959265));
#2524 = DIRECTION('',(-8.715699570249E-02,-0.996194588472,
    -9.075228595988E-17));
#2525 = DIRECTION('',(-0.996194588472,8.715699570249E-02,
    1.54074395551E-33));
#2526 = DEFINITIONAL_REPRESENTATION('',(#2527),#2530);
#2527 = B_SPLINE_CURVE_WITH_KNOTS('',1,(#2528,#2529),.UNSPECIFIED.,.F.,
  .F.,(2,2),(0.,1.146589477365E-02),.PIECEWISE_BEZIER_KNOTS.);
#2528 = CARTESIAN_POINT('',(6.101111076386E-03,5.43936853744E-04));
#2529 = CARTESIAN_POINT('',(-5.189010533081E-03,-1.456037397049E-03));
#2530 = ( GEOMETRIC_REPRESENTATION_CONTEXT(2) 
PARAMETRIC_REPRESENTATION_CONTEXT() REPRESENTATION_CONTEXT('2D SPACE',''
  ) );
#2531 = ORIENTED_EDGE('',*,*,#2532,.T.);
#2532 = EDGE_CURVE('',#2506,#2394,#2533,.T.);
#2533 = SURFACE_CURVE('',#2534,(#2538,#2545),.PCURVE_S1.);
#2534 = LINE('',#2535,#2536);
#2535 = CARTESIAN_POINT('',(-1.240000009537,0.685230016708,
    0.865999996662));
#2536 = VECTOR('',#2537,1.);
#2537 = DIRECTION('',(-0.996194588472,8.715699570249E-02,0.));
#2538 = PCURVE('',#2465,#2539);
#2539 = DEFINITIONAL_REPRESENTATION('',(#2540),#2544);
#2540 = LINE('',#2541,#2542);
#2541 = CARTESIAN_POINT('',(-6.101111076386E-03,-5.439368537438E-04));
#2542 = VECTOR('',#2543,1.);
#2543 = DIRECTION('',(1.,0.));
#2544 = ( GEOMETRIC_REPRESENTATION_CONTEXT(2) 
PARAMETRIC_REPRESENTATION_CONTEXT() REPRESENTATION_CONTEXT('2D SPACE',''
  ) );
#2545 = PCURVE('',#2546,#2551);
#2546 = PLANE('',#2547);
#2547 = AXIS2_PLACEMENT_3D('',#2548,#2549,#2550);
#2548 = CARTESIAN_POINT('',(-1.266528240578,0.736190298128,
    0.865999996662));
#2549 = DIRECTION('',(1.380227556845E-27,5.706172904098E-28,1.));
#2550 = DIRECTION('',(1.,0.,-1.380227556845E-27));
#2551 = DEFINITIONAL_REPRESENTATION('',(#2552),#2555);
#2552 = B_SPLINE_CURVE_WITH_KNOTS('',1,(#2553,#2554),.UNSPECIFIED.,.F.,
  .F.,(2,2),(0.,1.129012160947E-02),.PIECEWISE_BEZIER_KNOTS.);
#2553 = CARTESIAN_POINT('',(2.652823104114E-02,-5.096028141934E-02));
#2554 = CARTESIAN_POINT('',(1.52810729906E-02,-4.997626833875E-02));
#2555 = ( GEOMETRIC_REPRESENTATION_CONTEXT(2) 
PARAMETRIC_REPRESENTATION_CONTEXT() REPRESENTATION_CONTEXT('2D SPACE',''
  ) );
#2556 = ORIENTED_EDGE('',*,*,#2449,.F.);
#2557 = ADVANCED_FACE('',(#2558),#2521,.T.);
#2558 = FACE_BOUND('',#2559,.T.);
#2559 = EDGE_LOOP('',(#2560,#2587,#2588));
#2560 = ORIENTED_EDGE('',*,*,#2561,.T.);
#2561 = EDGE_CURVE('',#2562,#2506,#2564,.T.);
#2562 = VERTEX_POINT('',#2563);
#2563 = CARTESIAN_POINT('',(-1.240000009537,0.685230016708,
    0.864000022411));
#2564 = SURFACE_CURVE('',#2565,(#2569,#2576),.PCURVE_S1.);
#2565 = LINE('',#2566,#2567);
#2566 = CARTESIAN_POINT('',(-1.240000009537,0.685230016708,
    0.864000022411));
#2567 = VECTOR('',#2568,1.);
#2568 = DIRECTION('',(0.,0.,1.));
#2569 = PCURVE('',#2521,#2570);
#2570 = DEFINITIONAL_REPRESENTATION('',(#2571),#2575);
#2571 = LINE('',#2572,#2573);
#2572 = CARTESIAN_POINT('',(-5.189010533081E-03,5.43936853744E-04));
#2573 = VECTOR('',#2574,1.);
#2574 = DIRECTION('',(0.,-1.));
#2575 = ( GEOMETRIC_REPRESENTATION_CONTEXT(2) 
PARAMETRIC_REPRESENTATION_CONTEXT() REPRESENTATION_CONTEXT('2D SPACE',''
  ) );
#2576 = PCURVE('',#2577,#2582);
#2577 = PLANE('',#2578);
#2578 = AXIS2_PLACEMENT_3D('',#2579,#2580,#2581);
#2579 = CARTESIAN_POINT('',(-1.234830745324,0.685682275277,
    0.865456059808));
#2580 = DIRECTION('',(8.715699570249E-02,-0.996194588472,
    9.075228595988E-17));
#2581 = DIRECTION('',(-0.996194588472,-8.715699570249E-02,0.));
#2582 = DEFINITIONAL_REPRESENTATION('',(#2583),#2586);
#2583 = B_SPLINE_CURVE_WITH_KNOTS('',1,(#2584,#2585),.UNSPECIFIED.,.F.,
  .F.,(2,2),(0.,1.999974250793E-03),.PIECEWISE_BEZIER_KNOTS.);
#2584 = CARTESIAN_POINT('',(5.18901053308E-03,1.45603739705E-03));
#2585 = CARTESIAN_POINT('',(5.18901053308E-03,-5.439368537438E-04));
#2586 = ( GEOMETRIC_REPRESENTATION_CONTEXT(2) 
PARAMETRIC_REPRESENTATION_CONTEXT() REPRESENTATION_CONTEXT('2D SPACE',''
  ) );
#2587 = ORIENTED_EDGE('',*,*,#2505,.F.);
#2588 = ORIENTED_EDGE('',*,*,#2589,.T.);
#2589 = EDGE_CURVE('',#2450,#2562,#2590,.T.);
#2590 = SURFACE_CURVE('',#2591,(#2595,#2602),.PCURVE_S1.);
#2591 = LINE('',#2592,#2593);
#2592 = CARTESIAN_POINT('',(-1.251247167587,0.686214029789,
    0.864000022411));
#2593 = VECTOR('',#2594,1.);
#2594 = DIRECTION('',(0.996194588472,-8.715699570249E-02,0.));
#2595 = PCURVE('',#2521,#2596);
#2596 = DEFINITIONAL_REPRESENTATION('',(#2597),#2601);
#2597 = LINE('',#2598,#2599);
#2598 = CARTESIAN_POINT('',(6.101111076386E-03,5.43936853744E-04));
#2599 = VECTOR('',#2600,1.);
#2600 = DIRECTION('',(-1.,-4.340928878645E-33));
#2601 = ( GEOMETRIC_REPRESENTATION_CONTEXT(2) 
PARAMETRIC_REPRESENTATION_CONTEXT() REPRESENTATION_CONTEXT('2D SPACE',''
  ) );
#2602 = PCURVE('',#2603,#2608);
#2603 = PLANE('',#2604);
#2604 = AXIS2_PLACEMENT_3D('',#2605,#2606,#2607);
#2605 = CARTESIAN_POINT('',(-1.262768181415,0.740097664476,
    0.864000022411));
#2606 = DIRECTION('',(9.365821270784E-28,2.993776232747E-28,-1.));
#2607 = DIRECTION('',(-1.,0.,-9.365821270784E-28));
#2608 = DEFINITIONAL_REPRESENTATION('',(#2609),#2612);
#2609 = B_SPLINE_CURVE_WITH_KNOTS('',1,(#2610,#2611),.UNSPECIFIED.,.F.,
  .F.,(2,2),(0.,1.129012160947E-02),.PIECEWISE_BEZIER_KNOTS.);
#2610 = CARTESIAN_POINT('',(-1.152101382777E-02,-5.388363468685E-02));
#2611 = CARTESIAN_POINT('',(-2.276817187831E-02,-5.486764776744E-02));
#2612 = ( GEOMETRIC_REPRESENTATION_CONTEXT(2) 
PARAMETRIC_REPRESENTATION_CONTEXT() REPRESENTATION_CONTEXT('2D SPACE',''
  ) );
#2613 = ADVANCED_FACE('',(#2614),#2577,.T.);
#2614 = FACE_BOUND('',#2615,.T.);
#2615 = EDGE_LOOP('',(#2616,#2643,#2668));
#2616 = ORIENTED_EDGE('',*,*,#2617,.T.);
#2617 = EDGE_CURVE('',#2562,#2618,#2620,.T.);
#2618 = VERTEX_POINT('',#2619);
#2619 = CARTESIAN_POINT('',(-1.228752851486,0.686214029789,
    0.865999996662));
#2620 = SURFACE_CURVE('',#2621,(#2625,#2632),.PCURVE_S1.);
#2621 = LINE('',#2622,#2623);
#2622 = CARTESIAN_POINT('',(-1.240000009537,0.685230016708,
    0.864000022411));
#2623 = VECTOR('',#2624,1.);
#2624 = DIRECTION('',(0.980922838781,8.582087137747E-02,0.174428100927)
  );
#2625 = PCURVE('',#2577,#2626);
#2626 = DEFINITIONAL_REPRESENTATION('',(#2627),#2631);
#2627 = LINE('',#2628,#2629);
#2628 = CARTESIAN_POINT('',(5.18901053308E-03,1.45603739705E-03));
#2629 = VECTOR('',#2630,1.);
#2630 = DIRECTION('',(-0.98466991302,-0.174428100927));
#2631 = ( GEOMETRIC_REPRESENTATION_CONTEXT(2) 
PARAMETRIC_REPRESENTATION_CONTEXT() REPRESENTATION_CONTEXT('2D SPACE',''
  ) );
#2632 = PCURVE('',#2633,#2638);
#2633 = PLANE('',#2634);
#2634 = AXIS2_PLACEMENT_3D('',#2635,#2636,#2637);
#2635 = CARTESIAN_POINT('',(-1.233922115699,0.68576177122,0.864543959265
    ));
#2636 = DIRECTION('',(8.715699570249E-02,-0.996194588472,
    9.075228595988E-17));
#2637 = DIRECTION('',(-0.996194588472,-8.715699570249E-02,
    1.54074395551E-33));
#2638 = DEFINITIONAL_REPRESENTATION('',(#2639),#2642);
#2639 = B_SPLINE_CURVE_WITH_KNOTS('',1,(#2640,#2641),.UNSPECIFIED.,.F.,
  .F.,(2,2),(0.,1.146589477365E-02),.PIECEWISE_BEZIER_KNOTS.);
#2640 = CARTESIAN_POINT('',(6.101111076386E-03,5.43936853744E-04));
#2641 = CARTESIAN_POINT('',(-5.189010533081E-03,-1.456037397049E-03));
#2642 = ( GEOMETRIC_REPRESENTATION_CONTEXT(2) 
PARAMETRIC_REPRESENTATION_CONTEXT() REPRESENTATION_CONTEXT('2D SPACE',''
  ) );
#2643 = ORIENTED_EDGE('',*,*,#2644,.T.);
#2644 = EDGE_CURVE('',#2618,#2506,#2645,.T.);
#2645 = SURFACE_CURVE('',#2646,(#2650,#2657),.PCURVE_S1.);
#2646 = LINE('',#2647,#2648);
#2647 = CARTESIAN_POINT('',(-1.228752851486,0.686214029789,
    0.865999996662));
#2648 = VECTOR('',#2649,1.);
#2649 = DIRECTION('',(-0.996194588472,-8.715699570249E-02,0.));
#2650 = PCURVE('',#2577,#2651);
#2651 = DEFINITIONAL_REPRESENTATION('',(#2652),#2656);
#2652 = LINE('',#2653,#2654);
#2653 = CARTESIAN_POINT('',(-6.101111076386E-03,-5.439368537438E-04));
#2654 = VECTOR('',#2655,1.);
#2655 = DIRECTION('',(1.,1.54074395551E-33));
#2656 = ( GEOMETRIC_REPRESENTATION_CONTEXT(2) 
PARAMETRIC_REPRESENTATION_CONTEXT() REPRESENTATION_CONTEXT('2D SPACE',''
  ) );
#2657 = PCURVE('',#2658,#2663);
#2658 = PLANE('',#2659);
#2659 = AXIS2_PLACEMENT_3D('',#2660,#2661,#2662);
#2660 = CARTESIAN_POINT('',(-1.260702767132,0.736294460154,
    0.865999996662));
#2661 = DIRECTION('',(3.383842742213E-27,1.762694738976E-27,1.));
#2662 = DIRECTION('',(1.,0.,-3.383842742213E-27));
#2663 = DEFINITIONAL_REPRESENTATION('',(#2664),#2667);
#2664 = B_SPLINE_CURVE_WITH_KNOTS('',1,(#2665,#2666),.UNSPECIFIED.,.F.,
  .F.,(2,2),(0.,1.129012160947E-02),.PIECEWISE_BEZIER_KNOTS.);
#2665 = CARTESIAN_POINT('',(3.194991564629E-02,-5.008043036518E-02));
#2666 = CARTESIAN_POINT('',(2.070275759575E-02,-5.106444344578E-02));
#2667 = ( GEOMETRIC_REPRESENTATION_CONTEXT(2) 
PARAMETRIC_REPRESENTATION_CONTEXT() REPRESENTATION_CONTEXT('2D SPACE',''
  ) );
#2668 = ORIENTED_EDGE('',*,*,#2561,.F.);
#2669 = ADVANCED_FACE('',(#2670),#2633,.T.);
#2670 = FACE_BOUND('',#2671,.T.);
#2671 = EDGE_LOOP('',(#2672,#2699,#2700));
#2672 = ORIENTED_EDGE('',*,*,#2673,.T.);
#2673 = EDGE_CURVE('',#2674,#2618,#2676,.T.);
#2674 = VERTEX_POINT('',#2675);
#2675 = CARTESIAN_POINT('',(-1.228752851486,0.686214029789,
    0.864000022411));
#2676 = SURFACE_CURVE('',#2677,(#2681,#2688),.PCURVE_S1.);
#2677 = LINE('',#2678,#2679);
#2678 = CARTESIAN_POINT('',(-1.228752851486,0.686214029789,
    0.864000022411));
#2679 = VECTOR('',#2680,1.);
#2680 = DIRECTION('',(0.,0.,1.));
#2681 = PCURVE('',#2633,#2682);
#2682 = DEFINITIONAL_REPRESENTATION('',(#2683),#2687);
#2683 = LINE('',#2684,#2685);
#2684 = CARTESIAN_POINT('',(-5.189010533081E-03,5.43936853744E-04));
#2685 = VECTOR('',#2686,1.);
#2686 = DIRECTION('',(0.,-1.));
#2687 = ( GEOMETRIC_REPRESENTATION_CONTEXT(2) 
PARAMETRIC_REPRESENTATION_CONTEXT() REPRESENTATION_CONTEXT('2D SPACE',''
  ) );
#2688 = PCURVE('',#2689,#2694);
#2689 = PLANE('',#2690);
#2690 = AXIS2_PLACEMENT_3D('',#2691,#2692,#2693);
#2691 = CARTESIAN_POINT('',(-1.223740611006,0.687557026648,0.86545606008
    ));
#2692 = DIRECTION('',(0.258813843363,-0.965927220076,-1.815047222379E-16
    ));
#2693 = DIRECTION('',(-0.965927220076,-0.258813843363,0.));
#2694 = DEFINITIONAL_REPRESENTATION('',(#2695),#2698);
#2695 = B_SPLINE_CURVE_WITH_KNOTS('',1,(#2696,#2697),.UNSPECIFIED.,.F.,
  .F.,(2,2),(0.,1.999974250793E-03),.PIECEWISE_BEZIER_KNOTS.);
#2696 = CARTESIAN_POINT('',(5.189045691781E-03,1.456037668623E-03));
#2697 = CARTESIAN_POINT('',(5.189045691781E-03,-5.439365821709E-04));
#2698 = ( GEOMETRIC_REPRESENTATION_CONTEXT(2) 
PARAMETRIC_REPRESENTATION_CONTEXT() REPRESENTATION_CONTEXT('2D SPACE',''
  ) );
#2699 = ORIENTED_EDGE('',*,*,#2617,.F.);
#2700 = ORIENTED_EDGE('',*,*,#2701,.T.);
#2701 = EDGE_CURVE('',#2562,#2674,#2702,.T.);
#2702 = SURFACE_CURVE('',#2703,(#2707,#2714),.PCURVE_S1.);
#2703 = LINE('',#2704,#2705);
#2704 = CARTESIAN_POINT('',(-1.240000009537,0.685230016708,
    0.864000022411));
#2705 = VECTOR('',#2706,1.);
#2706 = DIRECTION('',(0.996194588472,8.715699570249E-02,0.));
#2707 = PCURVE('',#2633,#2708);
#2708 = DEFINITIONAL_REPRESENTATION('',(#2709),#2713);
#2709 = LINE('',#2710,#2711);
#2710 = CARTESIAN_POINT('',(6.101111076386E-03,5.43936853744E-04));
#2711 = VECTOR('',#2712,1.);
#2712 = DIRECTION('',(-1.,-4.340928878645E-33));
#2713 = ( GEOMETRIC_REPRESENTATION_CONTEXT(2) 
PARAMETRIC_REPRESENTATION_CONTEXT() REPRESENTATION_CONTEXT('2D SPACE',''
  ) );
#2714 = PCURVE('',#2715,#2720);
#2715 = PLANE('',#2716);
#2716 = AXIS2_PLACEMENT_3D('',#2717,#2718,#2719);
#2717 = CARTESIAN_POINT('',(-1.256934479689,0.740181961657,
    0.864000022411));
#2718 = DIRECTION('',(-0.,-0.,-1.));
#2719 = DIRECTION('',(-1.,0.,0.));
#2720 = DEFINITIONAL_REPRESENTATION('',(#2721),#2724);
#2721 = B_SPLINE_CURVE_WITH_KNOTS('',1,(#2722,#2723),.UNSPECIFIED.,.F.,
  .F.,(2,2),(0.,1.129012160947E-02),.PIECEWISE_BEZIER_KNOTS.);
#2722 = CARTESIAN_POINT('',(-1.693447015224E-02,-5.495194494821E-02));
#2723 = CARTESIAN_POINT('',(-2.818162820278E-02,-5.396793186761E-02));
#2724 = ( GEOMETRIC_REPRESENTATION_CONTEXT(2) 
PARAMETRIC_REPRESENTATION_CONTEXT() REPRESENTATION_CONTEXT('2D SPACE',''
  ) );
#2725 = ADVANCED_FACE('',(#2726),#2689,.T.);
#2726 = FACE_BOUND('',#2727,.T.);
#2727 = EDGE_LOOP('',(#2728,#2755,#2780));
#2728 = ORIENTED_EDGE('',*,*,#2729,.T.);
#2729 = EDGE_CURVE('',#2674,#2730,#2732,.T.);
#2730 = VERTEX_POINT('',#2731);
#2731 = CARTESIAN_POINT('',(-1.21784734726,0.689136087894,0.865999996662
    ));
#2732 = SURFACE_CURVE('',#2733,(#2737,#2744),.PCURVE_S1.);
#2733 = LINE('',#2734,#2735);
#2734 = CARTESIAN_POINT('',(-1.228752851486,0.686214029789,
    0.864000022411));
#2735 = VECTOR('',#2736,1.);
#2736 = DIRECTION('',(0.951119653399,0.254846253297,0.174427039473));
#2737 = PCURVE('',#2689,#2738);
#2738 = DEFINITIONAL_REPRESENTATION('',(#2739),#2743);
#2739 = LINE('',#2740,#2741);
#2740 = CARTESIAN_POINT('',(5.189045691781E-03,1.456037668623E-03));
#2741 = VECTOR('',#2742,1.);
#2742 = DIRECTION('',(-0.984670101049,-0.174427039473));
#2743 = ( GEOMETRIC_REPRESENTATION_CONTEXT(2) 
PARAMETRIC_REPRESENTATION_CONTEXT() REPRESENTATION_CONTEXT('2D SPACE',''
  ) );
#2744 = PCURVE('',#2745,#2750);
#2745 = PLANE('',#2746);
#2746 = AXIS2_PLACEMENT_3D('',#2747,#2748,#2749);
#2747 = CARTESIAN_POINT('',(-1.222859587739,0.687793091036,
    0.864543958994));
#2748 = DIRECTION('',(0.258813843363,-0.965927220076,3.630094444759E-16)
  );
#2749 = DIRECTION('',(-0.965927220076,-0.258813843363,0.));
#2750 = DEFINITIONAL_REPRESENTATION('',(#2751),#2754);
#2751 = B_SPLINE_CURVE_WITH_KNOTS('',1,(#2752,#2753),.UNSPECIFIED.,.F.,
  .F.,(2,2),(0.,1.14659645479E-02),.PIECEWISE_BEZIER_KNOTS.);
#2752 = CARTESIAN_POINT('',(6.101146778233E-03,5.43936582171E-04));
#2753 = CARTESIAN_POINT('',(-5.189045691782E-03,-1.456037668622E-03));
#2754 = ( GEOMETRIC_REPRESENTATION_CONTEXT(2) 
PARAMETRIC_REPRESENTATION_CONTEXT() REPRESENTATION_CONTEXT('2D SPACE',''
  ) );
#2755 = ORIENTED_EDGE('',*,*,#2756,.T.);
#2756 = EDGE_CURVE('',#2730,#2618,#2757,.T.);
#2757 = SURFACE_CURVE('',#2758,(#2762,#2769),.PCURVE_S1.);
#2758 = LINE('',#2759,#2760);
#2759 = CARTESIAN_POINT('',(-1.21784734726,0.689136087894,0.865999996662
    ));
#2760 = VECTOR('',#2761,1.);
#2761 = DIRECTION('',(-0.965927220076,-0.258813843363,0.));
#2762 = PCURVE('',#2689,#2763);
#2763 = DEFINITIONAL_REPRESENTATION('',(#2764),#2768);
#2764 = LINE('',#2765,#2766);
#2765 = CARTESIAN_POINT('',(-6.101146778233E-03,-5.439365821709E-04));
#2766 = VECTOR('',#2767,1.);
#2767 = DIRECTION('',(1.,0.));
#2768 = ( GEOMETRIC_REPRESENTATION_CONTEXT(2) 
PARAMETRIC_REPRESENTATION_CONTEXT() REPRESENTATION_CONTEXT('2D SPACE',''
  ) );
#2769 = PCURVE('',#2770,#2775);
#2770 = PLANE('',#2771);
#2771 = AXIS2_PLACEMENT_3D('',#2772,#2773,#2774);
#2772 = CARTESIAN_POINT('',(-1.25497229823,0.737390468492,0.865999996662
    ));
#2773 = DIRECTION('',(0.,0.,1.));
#2774 = DIRECTION('',(1.,0.,-0.));
#2775 = DEFINITIONAL_REPRESENTATION('',(#2776),#2779);
#2776 = B_SPLINE_CURVE_WITH_KNOTS('',1,(#2777,#2778),.UNSPECIFIED.,.F.,
  .F.,(2,2),(0.,1.129019247001E-02),.PIECEWISE_BEZIER_KNOTS.);
#2777 = CARTESIAN_POINT('',(3.712495097049E-02,-4.825438059746E-02));
#2778 = CARTESIAN_POINT('',(2.621944674381E-02,-5.117643870293E-02));
#2779 = ( GEOMETRIC_REPRESENTATION_CONTEXT(2) 
PARAMETRIC_REPRESENTATION_CONTEXT() REPRESENTATION_CONTEXT('2D SPACE',''
  ) );
#2780 = ORIENTED_EDGE('',*,*,#2673,.F.);
#2781 = ADVANCED_FACE('',(#2782),#2745,.T.);
#2782 = FACE_BOUND('',#2783,.T.);
#2783 = EDGE_LOOP('',(#2784,#2811,#2812));
#2784 = ORIENTED_EDGE('',*,*,#2785,.T.);
#2785 = EDGE_CURVE('',#2786,#2730,#2788,.T.);
#2786 = VERTEX_POINT('',#2787);
#2787 = CARTESIAN_POINT('',(-1.21784734726,0.689136087894,0.864000022411
    ));
#2788 = SURFACE_CURVE('',#2789,(#2793,#2800),.PCURVE_S1.);
#2789 = LINE('',#2790,#2791);
#2790 = CARTESIAN_POINT('',(-1.21784734726,0.689136087894,0.864000022411
    ));
#2791 = VECTOR('',#2792,1.);
#2792 = DIRECTION('',(0.,0.,1.));
#2793 = PCURVE('',#2745,#2794);
#2794 = DEFINITIONAL_REPRESENTATION('',(#2795),#2799);
#2795 = LINE('',#2796,#2797);
#2796 = CARTESIAN_POINT('',(-5.189045691782E-03,5.43936582171E-04));
#2797 = VECTOR('',#2798,1.);
#2798 = DIRECTION('',(0.,-1.));
#2799 = ( GEOMETRIC_REPRESENTATION_CONTEXT(2) 
PARAMETRIC_REPRESENTATION_CONTEXT() REPRESENTATION_CONTEXT('2D SPACE',''
  ) );
#2800 = PCURVE('',#2801,#2806);
#2801 = PLANE('',#2802);
#2802 = AXIS2_PLACEMENT_3D('',#2803,#2804,#2805);
#2803 = CARTESIAN_POINT('',(-1.213144503699,0.691329086279,
    0.865456059919));
#2804 = DIRECTION('',(0.422622443457,-0.906305837059,-0.));
#2805 = DIRECTION('',(-0.906305837059,-0.422622443457,0.));
#2806 = DEFINITIONAL_REPRESENTATION('',(#2807),#2810);
#2807 = B_SPLINE_CURVE_WITH_KNOTS('',1,(#2808,#2809),.UNSPECIFIED.,.F.,
  .F.,(2,2),(0.,1.999974250793E-03),.PIECEWISE_BEZIER_KNOTS.);
#2808 = CARTESIAN_POINT('',(5.189024905492E-03,1.456037508065E-03));
#2809 = CARTESIAN_POINT('',(5.189024905492E-03,-5.439367427281E-04));
#2810 = ( GEOMETRIC_REPRESENTATION_CONTEXT(2) 
PARAMETRIC_REPRESENTATION_CONTEXT() REPRESENTATION_CONTEXT('2D SPACE',''
  ) );
#2811 = ORIENTED_EDGE('',*,*,#2729,.F.);
#2812 = ORIENTED_EDGE('',*,*,#2813,.T.);
#2813 = EDGE_CURVE('',#2674,#2786,#2814,.T.);
#2814 = SURFACE_CURVE('',#2815,(#2819,#2826),.PCURVE_S1.);
#2815 = LINE('',#2816,#2817);
#2816 = CARTESIAN_POINT('',(-1.228752851486,0.686214029789,
    0.864000022411));
#2817 = VECTOR('',#2818,1.);
#2818 = DIRECTION('',(0.965927220076,0.258813843363,0.));
#2819 = PCURVE('',#2745,#2820);
#2820 = DEFINITIONAL_REPRESENTATION('',(#2821),#2825);
#2821 = LINE('',#2822,#2823);
#2822 = CARTESIAN_POINT('',(6.101146778233E-03,5.43936582171E-04));
#2823 = VECTOR('',#2824,1.);
#2824 = DIRECTION('',(-1.,-2.015107217068E-32));
#2825 = ( GEOMETRIC_REPRESENTATION_CONTEXT(2) 
PARAMETRIC_REPRESENTATION_CONTEXT() REPRESENTATION_CONTEXT('2D SPACE',''
  ) );
#2826 = PCURVE('',#2827,#2832);
#2827 = PLANE('',#2828);
#2828 = AXIS2_PLACEMENT_3D('',#2829,#2830,#2831);
#2829 = CARTESIAN_POINT('',(-1.251194083782,0.741258897184,
    0.864000022411));
#2830 = DIRECTION('',(-2.716498752863E-27,-1.420619599044E-27,-1.));
#2831 = DIRECTION('',(-1.,0.,2.716498752863E-27));
#2832 = DEFINITIONAL_REPRESENTATION('',(#2833),#2836);
#2833 = B_SPLINE_CURVE_WITH_KNOTS('',1,(#2834,#2835),.UNSPECIFIED.,.F.,
  .F.,(2,2),(0.,1.129019247001E-02),.PIECEWISE_BEZIER_KNOTS.);
#2834 = CARTESIAN_POINT('',(-2.244123229611E-02,-5.504486739454E-02));
#2835 = CARTESIAN_POINT('',(-3.33467365228E-02,-5.212280928907E-02));
#2836 = ( GEOMETRIC_REPRESENTATION_CONTEXT(2) 
PARAMETRIC_REPRESENTATION_CONTEXT() REPRESENTATION_CONTEXT('2D SPACE',''
  ) );
#2837 = ADVANCED_FACE('',(#2838),#2801,.T.);
#2838 = FACE_BOUND('',#2839,.T.);
#2839 = EDGE_LOOP('',(#2840,#2867,#2892));
#2840 = ORIENTED_EDGE('',*,*,#2841,.T.);
#2841 = EDGE_CURVE('',#2786,#2842,#2844,.T.);
#2842 = VERTEX_POINT('',#2843);
#2843 = CARTESIAN_POINT('',(-1.207615017891,0.693907558918,
    0.865999996662));
#2844 = SURFACE_CURVE('',#2845,(#2849,#2856),.PCURVE_S1.);
#2845 = LINE('',#2846,#2847);
#2846 = CARTESIAN_POINT('',(-1.21784734726,0.689136087894,0.864000022411
    ));
#2847 = VECTOR('',#2848,1.);
#2848 = DIRECTION('',(0.892412159409,0.416143637124,0.174427667017));
#2849 = PCURVE('',#2801,#2850);
#2850 = DEFINITIONAL_REPRESENTATION('',(#2851),#2855);
#2851 = LINE('',#2852,#2853);
#2852 = CARTESIAN_POINT('',(5.189024905492E-03,1.456037508065E-03));
#2853 = VECTOR('',#2854,1.);
#2854 = DIRECTION('',(-0.984669989884,-0.174427667017));
#2855 = ( GEOMETRIC_REPRESENTATION_CONTEXT(2) 
PARAMETRIC_REPRESENTATION_CONTEXT() REPRESENTATION_CONTEXT('2D SPACE',''
  ) );
#2856 = PCURVE('',#2857,#2862);
#2857 = PLANE('',#2858);
#2858 = AXIS2_PLACEMENT_3D('',#2859,#2860,#2861);
#2859 = CARTESIAN_POINT('',(-1.212317861451,0.691714560533,
    0.864543959154));
#2860 = DIRECTION('',(0.422622443457,-0.906305837059,-0.));
#2861 = DIRECTION('',(-0.906305837059,-0.422622443457,0.));
#2862 = DEFINITIONAL_REPRESENTATION('',(#2863),#2866);
#2863 = B_SPLINE_CURVE_WITH_KNOTS('',1,(#2864,#2865),.UNSPECIFIED.,.F.,
  .F.,(2,2),(0.,1.146592329644E-02),.PIECEWISE_BEZIER_KNOTS.);
#2864 = CARTESIAN_POINT('',(6.101125670829E-03,5.43936742728E-04));
#2865 = CARTESIAN_POINT('',(-5.189024905492E-03,-1.456037508065E-03));
#2866 = ( GEOMETRIC_REPRESENTATION_CONTEXT(2) 
PARAMETRIC_REPRESENTATION_CONTEXT() REPRESENTATION_CONTEXT('2D SPACE',''
  ) );
#2867 = ORIENTED_EDGE('',*,*,#2868,.T.);
#2868 = EDGE_CURVE('',#2842,#2730,#2869,.T.);
#2869 = SURFACE_CURVE('',#2870,(#2874,#2881),.PCURVE_S1.);
#2870 = LINE('',#2871,#2872);
#2871 = CARTESIAN_POINT('',(-1.207615017891,0.693907558918,
    0.865999996662));
#2872 = VECTOR('',#2873,1.);
#2873 = DIRECTION('',(-0.906305837059,-0.422622443457,0.));
#2874 = PCURVE('',#2801,#2875);
#2875 = DEFINITIONAL_REPRESENTATION('',(#2876),#2880);
#2876 = LINE('',#2877,#2878);
#2877 = CARTESIAN_POINT('',(-6.101125670829E-03,-5.439367427281E-04));
#2878 = VECTOR('',#2879,1.);
#2879 = DIRECTION('',(1.,0.));
#2880 = ( GEOMETRIC_REPRESENTATION_CONTEXT(2) 
PARAMETRIC_REPRESENTATION_CONTEXT() REPRESENTATION_CONTEXT('2D SPACE',''
  ) );
#2881 = PCURVE('',#2882,#2887);
#2882 = PLANE('',#2883);
#2883 = AXIS2_PLACEMENT_3D('',#2884,#2885,#2886);
#2884 = CARTESIAN_POINT('',(-1.249506136145,0.739447880751,
    0.865999996662));
#2885 = DIRECTION('',(2.990924491218E-27,2.279393476672E-27,1.));
#2886 = DIRECTION('',(1.,0.,-2.990924491218E-27));
#2887 = DEFINITIONAL_REPRESENTATION('',(#2888),#2891);
#2888 = B_SPLINE_CURVE_WITH_KNOTS('',1,(#2889,#2890),.UNSPECIFIED.,.F.,
  .F.,(2,2),(0.,1.129015057632E-02),.PIECEWISE_BEZIER_KNOTS.);
#2889 = CARTESIAN_POINT('',(4.189111825381E-02,-4.554032183288E-02));
#2890 = CARTESIAN_POINT('',(3.165878888522E-02,-5.031179285644E-02));
#2891 = ( GEOMETRIC_REPRESENTATION_CONTEXT(2) 
PARAMETRIC_REPRESENTATION_CONTEXT() REPRESENTATION_CONTEXT('2D SPACE',''
  ) );
#2892 = ORIENTED_EDGE('',*,*,#2785,.F.);
#2893 = ADVANCED_FACE('',(#2894),#2857,.T.);
#2894 = FACE_BOUND('',#2895,.T.);
#2895 = EDGE_LOOP('',(#2896,#2923,#2924));
#2896 = ORIENTED_EDGE('',*,*,#2897,.T.);
#2897 = EDGE_CURVE('',#2898,#2842,#2900,.T.);
#2898 = VERTEX_POINT('',#2899);
#2899 = CARTESIAN_POINT('',(-1.207615017891,0.693907558918,
    0.864000022411));
#2900 = SURFACE_CURVE('',#2901,(#2905,#2912),.PCURVE_S1.);
#2901 = LINE('',#2902,#2903);
#2902 = CARTESIAN_POINT('',(-1.207615017891,0.693907558918,
    0.864000022411));
#2903 = VECTOR('',#2904,1.);
#2904 = DIRECTION('',(0.,0.,1.));
#2905 = PCURVE('',#2857,#2906);
#2906 = DEFINITIONAL_REPRESENTATION('',(#2907),#2911);
#2907 = LINE('',#2908,#2909);
#2908 = CARTESIAN_POINT('',(-5.189024905492E-03,5.43936742728E-04));
#2909 = VECTOR('',#2910,1.);
#2910 = DIRECTION('',(0.,-1.));
#2911 = ( GEOMETRIC_REPRESENTATION_CONTEXT(2) 
PARAMETRIC_REPRESENTATION_CONTEXT() REPRESENTATION_CONTEXT('2D SPACE',''
  ) );
#2912 = PCURVE('',#2913,#2918);
#2913 = PLANE('',#2914);
#2914 = AXIS2_PLACEMENT_3D('',#2915,#2916,#2917);
#2915 = CARTESIAN_POINT('',(-1.203364405264,0.696883853429,
    0.865456059962));
#2916 = DIRECTION('',(0.573574303614,-0.819153537644,-3.630093139067E-16
    ));
#2917 = DIRECTION('',(-0.819153537644,-0.573574303614,
    -2.465190328816E-32));
#2918 = DEFINITIONAL_REPRESENTATION('',(#2919),#2922);
#2919 = B_SPLINE_CURVE_WITH_KNOTS('',1,(#2920,#2921),.UNSPECIFIED.,.F.,
  .F.,(2,2),(0.,1.999974250793E-03),.PIECEWISE_BEZIER_KNOTS.);
#2920 = CARTESIAN_POINT('',(5.189030421983E-03,1.456037550676E-03));
#2921 = CARTESIAN_POINT('',(5.189030421983E-03,-5.439367001174E-04));
#2922 = ( GEOMETRIC_REPRESENTATION_CONTEXT(2) 
PARAMETRIC_REPRESENTATION_CONTEXT() REPRESENTATION_CONTEXT('2D SPACE',''
  ) );
#2923 = ORIENTED_EDGE('',*,*,#2841,.F.);
#2924 = ORIENTED_EDGE('',*,*,#2925,.T.);
#2925 = EDGE_CURVE('',#2786,#2898,#2926,.T.);
#2926 = SURFACE_CURVE('',#2927,(#2931,#2938),.PCURVE_S1.);
#2927 = LINE('',#2928,#2929);
#2928 = CARTESIAN_POINT('',(-1.21784734726,0.689136087894,0.864000022411
    ));
#2929 = VECTOR('',#2930,1.);
#2930 = DIRECTION('',(0.906305837059,0.422622443457,0.));
#2931 = PCURVE('',#2857,#2932);
#2932 = DEFINITIONAL_REPRESENTATION('',(#2933),#2937);
#2933 = LINE('',#2934,#2935);
#2934 = CARTESIAN_POINT('',(6.101125670829E-03,5.43936742728E-04));
#2935 = VECTOR('',#2936,1.);
#2936 = DIRECTION('',(-1.,0.));
#2937 = ( GEOMETRIC_REPRESENTATION_CONTEXT(2) 
PARAMETRIC_REPRESENTATION_CONTEXT() REPRESENTATION_CONTEXT('2D SPACE',''
  ) );
#2938 = PCURVE('',#2939,#2944);
#2939 = PLANE('',#2940);
#2940 = AXIS2_PLACEMENT_3D('',#2941,#2942,#2943);
#2941 = CARTESIAN_POINT('',(-1.24571636803,0.743298175494,0.864000022411
    ));
#2942 = DIRECTION('',(-0.,-0.,-1.));
#2943 = DIRECTION('',(-1.,0.,0.));
#2944 = DEFINITIONAL_REPRESENTATION('',(#2945),#2948);
#2945 = B_SPLINE_CURVE_WITH_KNOTS('',1,(#2946,#2947),.UNSPECIFIED.,.F.,
  .F.,(2,2),(0.,1.129015057632E-02),.PIECEWISE_BEZIER_KNOTS.);
#2946 = CARTESIAN_POINT('',(-2.786902077005E-02,-5.41620875991E-02));
#2947 = CARTESIAN_POINT('',(-3.810135013864E-02,-4.939061657554E-02));
#2948 = ( GEOMETRIC_REPRESENTATION_CONTEXT(2) 
PARAMETRIC_REPRESENTATION_CONTEXT() REPRESENTATION_CONTEXT('2D SPACE',''
  ) );
#2949 = ADVANCED_FACE('',(#2950),#2913,.T.);
#2950 = FACE_BOUND('',#2951,.T.);
#2951 = EDGE_LOOP('',(#2952,#2979,#3004));
#2952 = ORIENTED_EDGE('',*,*,#2953,.T.);
#2953 = EDGE_CURVE('',#2898,#2954,#2956,.T.);
#2954 = VERTEX_POINT('',#2955);
#2955 = CARTESIAN_POINT('',(-1.198366641998,0.70038330555,0.865999996662
    ));
#2956 = SURFACE_CURVE('',#2957,(#2961,#2968),.PCURVE_S1.);
#2957 = LINE('',#2958,#2959);
#2958 = CARTESIAN_POINT('',(-1.207615017891,0.693907558918,
    0.864000022411));
#2959 = VECTOR('',#2960,1.);
#2960 = DIRECTION('',(0.806595929792,0.564781420659,0.174427500472));
#2961 = PCURVE('',#2913,#2962);
#2962 = DEFINITIONAL_REPRESENTATION('',(#2963),#2967);
#2963 = LINE('',#2964,#2965);
#2964 = CARTESIAN_POINT('',(5.189030421983E-03,1.456037550676E-03));
#2965 = VECTOR('',#2966,1.);
#2966 = DIRECTION('',(-0.984670019387,-0.174427500472));
#2967 = ( GEOMETRIC_REPRESENTATION_CONTEXT(2) 
PARAMETRIC_REPRESENTATION_CONTEXT() REPRESENTATION_CONTEXT('2D SPACE',''
  ) );
#2968 = PCURVE('',#2969,#2974);
#2969 = PLANE('',#2970);
#2970 = AXIS2_PLACEMENT_3D('',#2971,#2972,#2973);
#2971 = CARTESIAN_POINT('',(-1.202617254625,0.697407011039,
    0.864543959111));
#2972 = DIRECTION('',(0.573574303614,-0.819153537644,-0.));
#2973 = DIRECTION('',(-0.819153537644,-0.573574303614,0.));
#2974 = DEFINITIONAL_REPRESENTATION('',(#2975),#2978);
#2975 = B_SPLINE_CURVE_WITH_KNOTS('',1,(#2976,#2977),.UNSPECIFIED.,.F.,
  .F.,(2,2),(0.,1.14659342442E-02),.PIECEWISE_BEZIER_KNOTS.);
#2976 = CARTESIAN_POINT('',(6.101131272542E-03,5.439367001174E-04));
#2977 = CARTESIAN_POINT('',(-5.189030421983E-03,-1.456037550676E-03));
#2978 = ( GEOMETRIC_REPRESENTATION_CONTEXT(2) 
PARAMETRIC_REPRESENTATION_CONTEXT() REPRESENTATION_CONTEXT('2D SPACE',''
  ) );
#2979 = ORIENTED_EDGE('',*,*,#2980,.T.);
#2980 = EDGE_CURVE('',#2954,#2842,#2981,.T.);
#2981 = SURFACE_CURVE('',#2982,(#2986,#2993),.PCURVE_S1.);
#2982 = LINE('',#2983,#2984);
#2983 = CARTESIAN_POINT('',(-1.198366641998,0.70038330555,0.865999996662
    ));
#2984 = VECTOR('',#2985,1.);
#2985 = DIRECTION('',(-0.819153537644,-0.573574303614,0.));
#2986 = PCURVE('',#2913,#2987);
#2987 = DEFINITIONAL_REPRESENTATION('',(#2988),#2992);
#2988 = LINE('',#2989,#2990);
#2989 = CARTESIAN_POINT('',(-6.101131272542E-03,-5.439367001174E-04));
#2990 = VECTOR('',#2991,1.);
#2991 = DIRECTION('',(1.,3.580129147973E-32));
#2992 = ( GEOMETRIC_REPRESENTATION_CONTEXT(2) 
PARAMETRIC_REPRESENTATION_CONTEXT() REPRESENTATION_CONTEXT('2D SPACE',''
  ) );
#2993 = PCURVE('',#2994,#2999);
#2994 = PLANE('',#2995);
#2995 = AXIS2_PLACEMENT_3D('',#2996,#2997,#2998);
#2996 = CARTESIAN_POINT('',(-1.244465753981,0.742407370473,
    0.865999996662));
#2997 = DIRECTION('',(2.472075239506E-28,2.228003400844E-28,1.));
#2998 = DIRECTION('',(1.,0.,-2.472075239506E-28));
#2999 = DEFINITIONAL_REPRESENTATION('',(#3000),#3003);
#3000 = B_SPLINE_CURVE_WITH_KNOTS('',1,(#3001,#3002),.UNSPECIFIED.,.F.,
  .F.,(2,2),(0.,1.129016169452E-02),.PIECEWISE_BEZIER_KNOTS.);
#3001 = CARTESIAN_POINT('',(4.609911198296E-02,-4.202406492344E-02));
#3002 = CARTESIAN_POINT('',(3.685073609032E-02,-4.849981155506E-02));
#3003 = ( GEOMETRIC_REPRESENTATION_CONTEXT(2) 
PARAMETRIC_REPRESENTATION_CONTEXT() REPRESENTATION_CONTEXT('2D SPACE',''
  ) );
#3004 = ORIENTED_EDGE('',*,*,#2897,.F.);
#3005 = ADVANCED_FACE('',(#3006),#2969,.T.);
#3006 = FACE_BOUND('',#3007,.T.);
#3007 = EDGE_LOOP('',(#3008,#3035,#3036));
#3008 = ORIENTED_EDGE('',*,*,#3009,.T.);
#3009 = EDGE_CURVE('',#3010,#2954,#3012,.T.);
#3010 = VERTEX_POINT('',#3011);
#3011 = CARTESIAN_POINT('',(-1.198366641998,0.70038330555,0.864000022411
    ));
#3012 = SURFACE_CURVE('',#3013,(#3017,#3024),.PCURVE_S1.);
#3013 = LINE('',#3014,#3015);
#3014 = CARTESIAN_POINT('',(-1.198366641998,0.70038330555,0.864000022411
    ));
#3015 = VECTOR('',#3016,1.);
#3016 = DIRECTION('',(0.,0.,1.));
#3017 = PCURVE('',#2969,#3018);
#3018 = DEFINITIONAL_REPRESENTATION('',(#3019),#3023);
#3019 = LINE('',#3020,#3021);
#3020 = CARTESIAN_POINT('',(-5.189030421983E-03,5.439367001174E-04));
#3021 = VECTOR('',#3022,1.);
#3022 = DIRECTION('',(0.,-1.));
#3023 = ( GEOMETRIC_REPRESENTATION_CONTEXT(2) 
PARAMETRIC_REPRESENTATION_CONTEXT() REPRESENTATION_CONTEXT('2D SPACE',''
  ) );
#3024 = PCURVE('',#3025,#3030);
#3025 = PLANE('',#3026);
#3026 = AXIS2_PLACEMENT_3D('',#3027,#3028,#3029);
#3027 = CARTESIAN_POINT('',(-1.194697454803,0.704052492745,
    0.865456059837));
#3028 = DIRECTION('',(0.707106781187,-0.707106781187,0.));
#3029 = DIRECTION('',(0.707106781187,0.707106781187,0.));
#3030 = DEFINITIONAL_REPRESENTATION('',(#3031),#3034);
#3031 = B_SPLINE_CURVE_WITH_KNOTS('',1,(#3032,#3033),.UNSPECIFIED.,.F.,
  .F.,(2,2),(0.,1.999974250793E-03),.PIECEWISE_BEZIER_KNOTS.);
#3032 = CARTESIAN_POINT('',(-5.18901429514E-03,-1.456037426109E-03));
#3033 = CARTESIAN_POINT('',(-5.18901429514E-03,5.439368246848E-04));
#3034 = ( GEOMETRIC_REPRESENTATION_CONTEXT(2) 
PARAMETRIC_REPRESENTATION_CONTEXT() REPRESENTATION_CONTEXT('2D SPACE',''
  ) );
#3035 = ORIENTED_EDGE('',*,*,#2953,.F.);
#3036 = ORIENTED_EDGE('',*,*,#3037,.T.);
#3037 = EDGE_CURVE('',#2898,#3010,#3038,.T.);
#3038 = SURFACE_CURVE('',#3039,(#3043,#3050),.PCURVE_S1.);
#3039 = LINE('',#3040,#3041);
#3040 = CARTESIAN_POINT('',(-1.207615017891,0.693907558918,
    0.864000022411));
#3041 = VECTOR('',#3042,1.);
#3042 = DIRECTION('',(0.819153537644,0.573574303614,0.));
#3043 = PCURVE('',#2969,#3044);
#3044 = DEFINITIONAL_REPRESENTATION('',(#3045),#3049);
#3045 = LINE('',#3046,#3047);
#3046 = CARTESIAN_POINT('',(6.101131272542E-03,5.439367001174E-04));
#3047 = VECTOR('',#3048,1.);
#3048 = DIRECTION('',(-1.,0.));
#3049 = ( GEOMETRIC_REPRESENTATION_CONTEXT(2) 
PARAMETRIC_REPRESENTATION_CONTEXT() REPRESENTATION_CONTEXT('2D SPACE',''
  ) );
#3050 = PCURVE('',#3051,#3056);
#3051 = PLANE('',#3052);
#3052 = AXIS2_PLACEMENT_3D('',#3053,#3054,#3055);
#3053 = CARTESIAN_POINT('',(-1.240662896734,0.746240606718,
    0.864000022411));
#3054 = DIRECTION('',(-8.226919578171E-28,-6.110371684956E-28,-1.));
#3055 = DIRECTION('',(-1.,0.,8.226919578171E-28));
#3056 = DEFINITIONAL_REPRESENTATION('',(#3057),#3060);
#3057 = B_SPLINE_CURVE_WITH_KNOTS('',1,(#3058,#3059),.UNSPECIFIED.,.F.,
  .F.,(2,2),(0.,1.129016169452E-02),.PIECEWISE_BEZIER_KNOTS.);
#3058 = CARTESIAN_POINT('',(-3.30478788433E-02,-5.233304780037E-02));
#3059 = CARTESIAN_POINT('',(-4.229625473593E-02,-4.585730116875E-02));
#3060 = ( GEOMETRIC_REPRESENTATION_CONTEXT(2) 
PARAMETRIC_REPRESENTATION_CONTEXT() REPRESENTATION_CONTEXT('2D SPACE',''
  ) );
#3061 = ADVANCED_FACE('',(#3062),#3025,.T.);
#3062 = FACE_BOUND('',#3063,.T.);
#3063 = EDGE_LOOP('',(#3064,#3091,#3116));
#3064 = ORIENTED_EDGE('',*,*,#3065,.T.);
#3065 = EDGE_CURVE('',#3010,#3066,#3068,.T.);
#3066 = VERTEX_POINT('',#3067);
#3067 = CARTESIAN_POINT('',(-1.190383315086,0.708366632462,
    0.865999996662));
#3068 = SURFACE_CURVE('',#3069,(#3073,#3080),.PCURVE_S1.);
#3069 = LINE('',#3070,#3071);
#3070 = CARTESIAN_POINT('',(-1.198366641998,0.70038330555,0.864000022411
    ));
#3071 = VECTOR('',#3072,1.);
#3072 = DIRECTION('',(0.696266786954,0.696266786954,0.174427987348));
#3073 = PCURVE('',#3025,#3074);
#3074 = DEFINITIONAL_REPRESENTATION('',(#3075),#3079);
#3075 = LINE('',#3076,#3077);
#3076 = CARTESIAN_POINT('',(-5.18901429514E-03,-1.456037426109E-03));
#3077 = VECTOR('',#3078,1.);
#3078 = DIRECTION('',(0.98466993314,0.174427987348));
#3079 = ( GEOMETRIC_REPRESENTATION_CONTEXT(2) 
PARAMETRIC_REPRESENTATION_CONTEXT() REPRESENTATION_CONTEXT('2D SPACE',''
  ) );
#3080 = PCURVE('',#3081,#3086);
#3081 = PLANE('',#3082);
#3082 = AXIS2_PLACEMENT_3D('',#3083,#3084,#3085);
#3083 = CARTESIAN_POINT('',(-1.194052502282,0.704697445266,
    0.864543959236));
#3084 = DIRECTION('',(0.707106781187,-0.707106781187,-7.260183520168E-16
    ));
#3085 = DIRECTION('',(0.707106781187,0.707106781187,9.860761315263E-32)
  );
#3086 = DEFINITIONAL_REPRESENTATION('',(#3087),#3090);
#3087 = B_SPLINE_CURVE_WITH_KNOTS('',1,(#3088,#3089),.UNSPECIFIED.,.F.,
  .F.,(2,2),(0.,1.146590223965E-02),.PIECEWISE_BEZIER_KNOTS.);
#3088 = CARTESIAN_POINT('',(-6.101114896564E-03,-5.439368246849E-04));
#3089 = CARTESIAN_POINT('',(5.18901429514E-03,1.456037426109E-03));
#3090 = ( GEOMETRIC_REPRESENTATION_CONTEXT(2) 
PARAMETRIC_REPRESENTATION_CONTEXT() REPRESENTATION_CONTEXT('2D SPACE',''
  ) );
#3091 = ORIENTED_EDGE('',*,*,#3092,.T.);
#3092 = EDGE_CURVE('',#3066,#2954,#3093,.T.);
#3093 = SURFACE_CURVE('',#3094,(#3098,#3105),.PCURVE_S1.);
#3094 = LINE('',#3095,#3096);
#3095 = CARTESIAN_POINT('',(-1.190383315086,0.708366632462,
    0.865999996662));
#3096 = VECTOR('',#3097,1.);
#3097 = DIRECTION('',(-0.707106781187,-0.707106781187,0.));
#3098 = PCURVE('',#3025,#3099);
#3099 = DEFINITIONAL_REPRESENTATION('',(#3100),#3104);
#3100 = LINE('',#3101,#3102);
#3101 = CARTESIAN_POINT('',(6.101114896564E-03,5.439368246848E-04));
#3102 = VECTOR('',#3103,1.);
#3103 = DIRECTION('',(-1.,0.));
#3104 = ( GEOMETRIC_REPRESENTATION_CONTEXT(2) 
PARAMETRIC_REPRESENTATION_CONTEXT() REPRESENTATION_CONTEXT('2D SPACE',''
  ) );
#3105 = PCURVE('',#3106,#3111);
#3106 = PLANE('',#3107);
#3107 = AXIS2_PLACEMENT_3D('',#3108,#3109,#3110);
#3108 = CARTESIAN_POINT('',(-1.240000009537,0.74618261592,0.865999996662
    ));
#3109 = DIRECTION('',(0.,0.,1.));
#3110 = DIRECTION('',(1.,0.,-0.));
#3111 = DEFINITIONAL_REPRESENTATION('',(#3112),#3115);
#3112 = B_SPLINE_CURVE_WITH_KNOTS('',1,(#3113,#3114),.UNSPECIFIED.,.F.,
  .F.,(2,2),(0.,1.12901291917E-02),.PIECEWISE_BEZIER_KNOTS.);
#3113 = CARTESIAN_POINT('',(4.961669445038E-02,-3.781598345829E-02));
#3114 = CARTESIAN_POINT('',(4.163336753845E-02,-4.579931037021E-02));
#3115 = ( GEOMETRIC_REPRESENTATION_CONTEXT(2) 
PARAMETRIC_REPRESENTATION_CONTEXT() REPRESENTATION_CONTEXT('2D SPACE',''
  ) );
#3116 = ORIENTED_EDGE('',*,*,#3009,.F.);
#3117 = ADVANCED_FACE('',(#3118),#3081,.T.);
#3118 = FACE_BOUND('',#3119,.T.);
#3119 = EDGE_LOOP('',(#3120,#3147,#3148));
#3120 = ORIENTED_EDGE('',*,*,#3121,.T.);
#3121 = EDGE_CURVE('',#3122,#3066,#3124,.T.);
#3122 = VERTEX_POINT('',#3123);
#3123 = CARTESIAN_POINT('',(-1.190383315086,0.708366632462,
    0.864000022411));
#3124 = SURFACE_CURVE('',#3125,(#3129,#3136),.PCURVE_S1.);
#3125 = LINE('',#3126,#3127);
#3126 = CARTESIAN_POINT('',(-1.190383315086,0.708366632462,
    0.864000022411));
#3127 = VECTOR('',#3128,1.);
#3128 = DIRECTION('',(0.,0.,1.));
#3129 = PCURVE('',#3081,#3130);
#3130 = DEFINITIONAL_REPRESENTATION('',(#3131),#3135);
#3131 = LINE('',#3132,#3133);
#3132 = CARTESIAN_POINT('',(5.18901429514E-03,-5.439368246849E-04));
#3133 = VECTOR('',#3134,1.);
#3134 = DIRECTION('',(0.,1.));
#3135 = ( GEOMETRIC_REPRESENTATION_CONTEXT(2) 
PARAMETRIC_REPRESENTATION_CONTEXT() REPRESENTATION_CONTEXT('2D SPACE',''
  ) );
#3136 = PCURVE('',#3137,#3142);
#3137 = PLANE('',#3138);
#3138 = AXIS2_PLACEMENT_3D('',#3139,#3140,#3141);
#3139 = CARTESIAN_POINT('',(-1.187406992464,0.712617246113,
    0.865456060093));
#3140 = DIRECTION('',(0.819151057168,-0.573577846103,3.63009458953E-16)
  );
#3141 = DIRECTION('',(0.573577846103,0.819151057168,0.));
#3142 = DEFINITIONAL_REPRESENTATION('',(#3143),#3146);
#3143 = B_SPLINE_CURVE_WITH_KNOTS('',1,(#3144,#3145),.UNSPECIFIED.,.F.,
  .F.,(2,2),(0.,1.999974250793E-03),.PIECEWISE_BEZIER_KNOTS.);
#3144 = CARTESIAN_POINT('',(-5.189047384858E-03,-1.4560376817E-03));
#3145 = CARTESIAN_POINT('',(-5.189047384858E-03,5.439365690934E-04));
#3146 = ( GEOMETRIC_REPRESENTATION_CONTEXT(2) 
PARAMETRIC_REPRESENTATION_CONTEXT() REPRESENTATION_CONTEXT('2D SPACE',''
  ) );
#3147 = ORIENTED_EDGE('',*,*,#3065,.F.);
#3148 = ORIENTED_EDGE('',*,*,#3149,.T.);
#3149 = EDGE_CURVE('',#3010,#3122,#3150,.T.);
#3150 = SURFACE_CURVE('',#3151,(#3155,#3162),.PCURVE_S1.);
#3151 = LINE('',#3152,#3153);
#3152 = CARTESIAN_POINT('',(-1.198366641998,0.70038330555,0.864000022411
    ));
#3153 = VECTOR('',#3154,1.);
#3154 = DIRECTION('',(0.707106781187,0.707106781187,0.));
#3155 = PCURVE('',#3081,#3156);
#3156 = DEFINITIONAL_REPRESENTATION('',(#3157),#3161);
#3157 = LINE('',#3158,#3159);
#3158 = CARTESIAN_POINT('',(-6.101114896564E-03,-5.439368246849E-04));
#3159 = VECTOR('',#3160,1.);
#3160 = DIRECTION('',(1.,-1.659148038106E-31));
#3161 = ( GEOMETRIC_REPRESENTATION_CONTEXT(2) 
PARAMETRIC_REPRESENTATION_CONTEXT() REPRESENTATION_CONTEXT('2D SPACE',''
  ) );
#3162 = PCURVE('',#3163,#3168);
#3163 = PLANE('',#3164);
#3164 = AXIS2_PLACEMENT_3D('',#3165,#3166,#3167);
#3165 = CARTESIAN_POINT('',(-1.236182625457,0.75,0.864000022411));
#3166 = DIRECTION('',(-0.,-0.,-1.));
#3167 = DIRECTION('',(-1.,0.,0.));
#3168 = DEFINITIONAL_REPRESENTATION('',(#3169),#3172);
#3169 = B_SPLINE_CURVE_WITH_KNOTS('',1,(#3170,#3171),.UNSPECIFIED.,.F.,
  .F.,(2,2),(0.,1.12901291917E-02),.PIECEWISE_BEZIER_KNOTS.);
#3170 = CARTESIAN_POINT('',(-3.781598345829E-02,-4.961669445038E-02));
#3171 = CARTESIAN_POINT('',(-4.579931037021E-02,-4.163336753845E-02));
#3172 = ( GEOMETRIC_REPRESENTATION_CONTEXT(2) 
PARAMETRIC_REPRESENTATION_CONTEXT() REPRESENTATION_CONTEXT('2D SPACE',''
  ) );
#3173 = ADVANCED_FACE('',(#3174),#3137,.T.);
#3174 = FACE_BOUND('',#3175,.T.);
#3175 = EDGE_LOOP('',(#3176,#3203,#3228));
#3176 = ORIENTED_EDGE('',*,*,#3177,.T.);
#3177 = EDGE_CURVE('',#3122,#3178,#3180,.T.);
#3178 = VERTEX_POINT('',#3179);
#3179 = CARTESIAN_POINT('',(-1.18390750885,0.717615008354,0.865999996662
    ));
#3180 = SURFACE_CURVE('',#3181,(#3185,#3192),.PCURVE_S1.);
#3181 = LINE('',#3182,#3183);
#3182 = CARTESIAN_POINT('',(-1.190383315086,0.708366632462,
    0.864000022411));
#3183 = VECTOR('',#3184,1.);
#3184 = DIRECTION('',(0.564784960876,0.806593561653,0.174426988359));
#3185 = PCURVE('',#3137,#3186);
#3186 = DEFINITIONAL_REPRESENTATION('',(#3187),#3191);
#3187 = LINE('',#3188,#3189);
#3188 = CARTESIAN_POINT('',(-5.189047384858E-03,-1.4560376817E-03));
#3189 = VECTOR('',#3190,1.);
#3190 = DIRECTION('',(0.984670110104,0.174426988359));
#3191 = ( GEOMETRIC_REPRESENTATION_CONTEXT(2) 
PARAMETRIC_REPRESENTATION_CONTEXT() REPRESENTATION_CONTEXT('2D SPACE',''
  ) );
#3192 = PCURVE('',#3193,#3198);
#3193 = PLANE('',#3194);
#3194 = AXIS2_PLACEMENT_3D('',#3195,#3196,#3197);
#3195 = CARTESIAN_POINT('',(-1.186883831472,0.713364394703,0.86454395898
    ));
#3196 = DIRECTION('',(0.819151057168,-0.573577846103,-3.63009458953E-16)
  );
#3197 = DIRECTION('',(0.573577846103,0.819151057168,-2.465190328816E-32)
  );
#3198 = DEFINITIONAL_REPRESENTATION('',(#3199),#3202);
#3199 = B_SPLINE_CURVE_WITH_KNOTS('',1,(#3200,#3201),.UNSPECIFIED.,.F.,
  .F.,(2,2),(0.,1.14659679079E-02),.PIECEWISE_BEZIER_KNOTS.);
#3200 = CARTESIAN_POINT('',(-6.101148497465E-03,-5.439365690932E-04));
#3201 = CARTESIAN_POINT('',(5.189047384858E-03,1.4560376817E-03));
#3202 = ( GEOMETRIC_REPRESENTATION_CONTEXT(2) 
PARAMETRIC_REPRESENTATION_CONTEXT() REPRESENTATION_CONTEXT('2D SPACE',''
  ) );
#3203 = ORIENTED_EDGE('',*,*,#3204,.T.);
#3204 = EDGE_CURVE('',#3178,#3066,#3205,.T.);
#3205 = SURFACE_CURVE('',#3206,(#3210,#3217),.PCURVE_S1.);
#3206 = LINE('',#3207,#3208);
#3207 = CARTESIAN_POINT('',(-1.18390750885,0.717615008354,0.865999996662
    ));
#3208 = VECTOR('',#3209,1.);
#3209 = DIRECTION('',(-0.573577846103,-0.819151057168,0.));
#3210 = PCURVE('',#3137,#3211);
#3211 = DEFINITIONAL_REPRESENTATION('',(#3212),#3216);
#3212 = LINE('',#3213,#3214);
#3213 = CARTESIAN_POINT('',(6.101148497465E-03,5.439365690934E-04));
#3214 = VECTOR('',#3215,1.);
#3215 = DIRECTION('',(-1.,0.));
#3216 = ( GEOMETRIC_REPRESENTATION_CONTEXT(2) 
PARAMETRIC_REPRESENTATION_CONTEXT() REPRESENTATION_CONTEXT('2D SPACE',''
  ) );
#3217 = PCURVE('',#3218,#3223);
#3218 = PLANE('',#3219);
#3219 = AXIS2_PLACEMENT_3D('',#3220,#3221,#3222);
#3220 = CARTESIAN_POINT('',(-1.236240594633,0.750662883142,
    0.865999996662));
#3221 = DIRECTION('',(7.250588607821E-29,9.644453667398E-29,1.));
#3222 = DIRECTION('',(0.,1.,-9.644453667398E-29));
#3223 = DEFINITIONAL_REPRESENTATION('',(#3224),#3227);
#3224 = B_SPLINE_CURVE_WITH_KNOTS('',1,(#3225,#3226),.UNSPECIFIED.,.F.,
  .F.,(2,2),(0.,1.129019588232E-02),.PIECEWISE_BEZIER_KNOTS.);
#3225 = CARTESIAN_POINT('',(-3.30478747877E-02,-5.233308578271E-02));
#3226 = CARTESIAN_POINT('',(-4.229625068034E-02,-4.585727954645E-02));
#3227 = ( GEOMETRIC_REPRESENTATION_CONTEXT(2) 
PARAMETRIC_REPRESENTATION_CONTEXT() REPRESENTATION_CONTEXT('2D SPACE',''
  ) );
#3228 = ORIENTED_EDGE('',*,*,#3121,.F.);
#3229 = ADVANCED_FACE('',(#3230),#3193,.T.);
#3230 = FACE_BOUND('',#3231,.T.);
#3231 = EDGE_LOOP('',(#3232,#3259,#3260));
#3232 = ORIENTED_EDGE('',*,*,#3233,.T.);
#3233 = EDGE_CURVE('',#3234,#3178,#3236,.T.);
#3234 = VERTEX_POINT('',#3235);
#3235 = CARTESIAN_POINT('',(-1.18390750885,0.717615008354,0.864000022411
    ));
#3236 = SURFACE_CURVE('',#3237,(#3241,#3248),.PCURVE_S1.);
#3237 = LINE('',#3238,#3239);
#3238 = CARTESIAN_POINT('',(-1.18390750885,0.717615008354,0.864000022411
    ));
#3239 = VECTOR('',#3240,1.);
#3240 = DIRECTION('',(0.,0.,1.));
#3241 = PCURVE('',#3193,#3242);
#3242 = DEFINITIONAL_REPRESENTATION('',(#3243),#3247);
#3243 = LINE('',#3244,#3245);
#3244 = CARTESIAN_POINT('',(5.189047384858E-03,-5.439365690932E-04));
#3245 = VECTOR('',#3246,1.);
#3246 = DIRECTION('',(0.,1.));
#3247 = ( GEOMETRIC_REPRESENTATION_CONTEXT(2) 
PARAMETRIC_REPRESENTATION_CONTEXT() REPRESENTATION_CONTEXT('2D SPACE',''
  ) );
#3248 = PCURVE('',#3249,#3254);
#3249 = PLANE('',#3250);
#3250 = AXIS2_PLACEMENT_3D('',#3251,#3252,#3253);
#3251 = CARTESIAN_POINT('',(-1.181714566033,0.722317850245,
    0.865456059726));
#3252 = DIRECTION('',(0.906309881282,-0.422613770587,-3.630090529905E-16
    ));
#3253 = DIRECTION('',(0.422613770587,0.906309881282,0.));
#3254 = DEFINITIONAL_REPRESENTATION('',(#3255),#3258);
#3255 = B_SPLINE_CURVE_WITH_KNOTS('',1,(#3256,#3257),.UNSPECIFIED.,.F.,
  .F.,(2,2),(0.,1.999974250793E-03),.PIECEWISE_BEZIER_KNOTS.);
#3256 = CARTESIAN_POINT('',(-5.188999908572E-03,-1.456037314983E-03));
#3257 = CARTESIAN_POINT('',(-5.188999908572E-03,5.439369358103E-04));
#3258 = ( GEOMETRIC_REPRESENTATION_CONTEXT(2) 
PARAMETRIC_REPRESENTATION_CONTEXT() REPRESENTATION_CONTEXT('2D SPACE',''
  ) );
#3259 = ORIENTED_EDGE('',*,*,#3177,.F.);
#3260 = ORIENTED_EDGE('',*,*,#3261,.T.);
#3261 = EDGE_CURVE('',#3122,#3234,#3262,.T.);
#3262 = SURFACE_CURVE('',#3263,(#3267,#3274),.PCURVE_S1.);
#3263 = LINE('',#3264,#3265);
#3264 = CARTESIAN_POINT('',(-1.190383315086,0.708366632462,
    0.864000022411));
#3265 = VECTOR('',#3266,1.);
#3266 = DIRECTION('',(0.573577846103,0.819151057168,0.));
#3267 = PCURVE('',#3193,#3268);
#3268 = DEFINITIONAL_REPRESENTATION('',(#3269),#3273);
#3269 = LINE('',#3270,#3271);
#3270 = CARTESIAN_POINT('',(-6.101148497465E-03,-5.439365690932E-04));
#3271 = VECTOR('',#3272,1.);
#3272 = DIRECTION('',(1.,4.930380657631E-32));
#3273 = ( GEOMETRIC_REPRESENTATION_CONTEXT(2) 
PARAMETRIC_REPRESENTATION_CONTEXT() REPRESENTATION_CONTEXT('2D SPACE',''
  ) );
#3274 = PCURVE('',#3275,#3280);
#3275 = PLANE('',#3276);
#3276 = AXIS2_PLACEMENT_3D('',#3277,#3278,#3279);
#3277 = CARTESIAN_POINT('',(-1.232407358849,0.754465739859,
    0.864000022411));
#3278 = DIRECTION('',(-0.,-0.,-1.));
#3279 = DIRECTION('',(-1.,0.,0.));
#3280 = DEFINITIONAL_REPRESENTATION('',(#3281),#3284);
#3281 = B_SPLINE_CURVE_WITH_KNOTS('',1,(#3282,#3283),.UNSPECIFIED.,.F.,
  .F.,(2,2),(0.,1.129019588232E-02),.PIECEWISE_BEZIER_KNOTS.);
#3282 = CARTESIAN_POINT('',(-4.202404376238E-02,-4.609910739767E-02));
#3283 = CARTESIAN_POINT('',(-4.849984999865E-02,-3.685073150503E-02));
#3284 = ( GEOMETRIC_REPRESENTATION_CONTEXT(2) 
PARAMETRIC_REPRESENTATION_CONTEXT() REPRESENTATION_CONTEXT('2D SPACE',''
  ) );
#3285 = ADVANCED_FACE('',(#3286),#3249,.T.);
#3286 = FACE_BOUND('',#3287,.T.);
#3287 = EDGE_LOOP('',(#3288,#3315,#3340));
#3288 = ORIENTED_EDGE('',*,*,#3289,.T.);
#3289 = EDGE_CURVE('',#3234,#3290,#3292,.T.);
#3290 = VERTEX_POINT('',#3291);
#3291 = CARTESIAN_POINT('',(-1.179136157036,0.727847337723,
    0.865999996662));
#3292 = SURFACE_CURVE('',#3293,(#3297,#3304),.PCURVE_S1.);
#3293 = LINE('',#3294,#3295);
#3294 = CARTESIAN_POINT('',(-1.18390750885,0.717615008354,0.864000022411
    ));
#3295 = VECTOR('',#3296,1.);
#3296 = DIRECTION('',(0.416135040712,0.892416020475,0.174428421687));
#3297 = PCURVE('',#3249,#3298);
#3298 = DEFINITIONAL_REPRESENTATION('',(#3299),#3303);
#3299 = LINE('',#3300,#3301);
#3300 = CARTESIAN_POINT('',(-5.188999908572E-03,-1.456037314983E-03));
#3301 = VECTOR('',#3302,1.);
#3302 = DIRECTION('',(0.984669856199,0.174428421687));
#3303 = ( GEOMETRIC_REPRESENTATION_CONTEXT(2) 
PARAMETRIC_REPRESENTATION_CONTEXT() REPRESENTATION_CONTEXT('2D SPACE',''
  ) );
#3304 = PCURVE('',#3305,#3310);
#3305 = PLANE('',#3306);
#3306 = AXIS2_PLACEMENT_3D('',#3307,#3308,#3309);
#3307 = CARTESIAN_POINT('',(-1.181329099853,0.723144495832,
    0.864543959347));
#3308 = DIRECTION('',(0.906309881282,-0.422613770587,-3.630090529905E-16
    ));
#3309 = DIRECTION('',(0.422613770587,0.906309881282,0.));
#3310 = DEFINITIONAL_REPRESENTATION('',(#3311),#3314);
#3311 = B_SPLINE_CURVE_WITH_KNOTS('',1,(#3312,#3313),.UNSPECIFIED.,.F.,
  .F.,(2,2),(0.,1.146587368876E-02),.PIECEWISE_BEZIER_KNOTS.);
#3312 = CARTESIAN_POINT('',(-6.101100287745E-03,-5.439369358102E-04));
#3313 = CARTESIAN_POINT('',(5.188999908572E-03,1.456037314983E-03));
#3314 = ( GEOMETRIC_REPRESENTATION_CONTEXT(2) 
PARAMETRIC_REPRESENTATION_CONTEXT() REPRESENTATION_CONTEXT('2D SPACE',''
  ) );
#3315 = ORIENTED_EDGE('',*,*,#3316,.T.);
#3316 = EDGE_CURVE('',#3290,#3178,#3317,.T.);
#3317 = SURFACE_CURVE('',#3318,(#3322,#3329),.PCURVE_S1.);
#3318 = LINE('',#3319,#3320);
#3319 = CARTESIAN_POINT('',(-1.179136157036,0.727847337723,
    0.865999996662));
#3320 = VECTOR('',#3321,1.);
#3321 = DIRECTION('',(-0.422613770587,-0.906309881282,0.));
#3322 = PCURVE('',#3249,#3323);
#3323 = DEFINITIONAL_REPRESENTATION('',(#3324),#3328);
#3324 = LINE('',#3325,#3326);
#3325 = CARTESIAN_POINT('',(6.101100287745E-03,5.439369358103E-04));
#3326 = VECTOR('',#3327,1.);
#3327 = DIRECTION('',(-1.,-2.015105043887E-32));
#3328 = ( GEOMETRIC_REPRESENTATION_CONTEXT(2) 
PARAMETRIC_REPRESENTATION_CONTEXT() REPRESENTATION_CONTEXT('2D SPACE',''
  ) );
#3329 = PCURVE('',#3330,#3335);
#3330 = PLANE('',#3331);
#3331 = AXIS2_PLACEMENT_3D('',#3332,#3333,#3334);
#3332 = CARTESIAN_POINT('',(-1.233298195026,0.755716363721,
    0.865999996662));
#3333 = DIRECTION('',(-3.301276099687E-28,-5.213406106245E-28,1.));
#3334 = DIRECTION('',(0.,1.,5.213406106245E-28));
#3335 = DEFINITIONAL_REPRESENTATION('',(#3336),#3339);
#3336 = B_SPLINE_CURVE_WITH_KNOTS('',1,(#3337,#3338),.UNSPECIFIED.,.F.,
  .F.,(2,2),(0.,1.129010019632E-02),.PIECEWISE_BEZIER_KNOTS.);
#3337 = CARTESIAN_POINT('',(-2.786902599851E-02,-5.416203799039E-02));
#3338 = CARTESIAN_POINT('',(-3.81013553671E-02,-4.939068617612E-02));
#3339 = ( GEOMETRIC_REPRESENTATION_CONTEXT(2) 
PARAMETRIC_REPRESENTATION_CONTEXT() REPRESENTATION_CONTEXT('2D SPACE',''
  ) );
#3340 = ORIENTED_EDGE('',*,*,#3233,.F.);
#3341 = ADVANCED_FACE('',(#3342),#3305,.T.);
#3342 = FACE_BOUND('',#3343,.T.);
#3343 = EDGE_LOOP('',(#3344,#3371,#3372));
#3344 = ORIENTED_EDGE('',*,*,#3345,.T.);
#3345 = EDGE_CURVE('',#3346,#3290,#3348,.T.);
#3346 = VERTEX_POINT('',#3347);
#3347 = CARTESIAN_POINT('',(-1.179136157036,0.727847337723,
    0.864000022411));
#3348 = SURFACE_CURVE('',#3349,(#3353,#3360),.PCURVE_S1.);
#3349 = LINE('',#3350,#3351);
#3350 = CARTESIAN_POINT('',(-1.179136157036,0.727847337723,
    0.864000022411));
#3351 = VECTOR('',#3352,1.);
#3352 = DIRECTION('',(0.,0.,1.));
#3353 = PCURVE('',#3305,#3354);
#3354 = DEFINITIONAL_REPRESENTATION('',(#3355),#3359);
#3355 = LINE('',#3356,#3357);
#3356 = CARTESIAN_POINT('',(5.188999908572E-03,-5.439369358102E-04));
#3357 = VECTOR('',#3358,1.);
#3358 = DIRECTION('',(0.,1.));
#3359 = ( GEOMETRIC_REPRESENTATION_CONTEXT(2) 
PARAMETRIC_REPRESENTATION_CONTEXT() REPRESENTATION_CONTEXT('2D SPACE',''
  ) );
#3360 = PCURVE('',#3361,#3366);
#3361 = PLANE('',#3362);
#3362 = AXIS2_PLACEMENT_3D('',#3363,#3364,#3365);
#3363 = CARTESIAN_POINT('',(-1.17779310564,0.732859549864,0.865456059978
    ));
#3364 = DIRECTION('',(0.965924226755,-0.258825014571,0.));
#3365 = DIRECTION('',(0.258825014571,0.965924226755,0.));
#3366 = DEFINITIONAL_REPRESENTATION('',(#3367),#3370);
#3367 = B_SPLINE_CURVE_WITH_KNOTS('',1,(#3368,#3369),.UNSPECIFIED.,.F.,
  .F.,(2,2),(0.,1.999974250793E-03),.PIECEWISE_BEZIER_KNOTS.);
#3368 = CARTESIAN_POINT('',(-5.189032434196E-03,-1.456037566219E-03));
#3369 = CARTESIAN_POINT('',(-5.189032434196E-03,5.439366845748E-04));
#3370 = ( GEOMETRIC_REPRESENTATION_CONTEXT(2) 
PARAMETRIC_REPRESENTATION_CONTEXT() REPRESENTATION_CONTEXT('2D SPACE',''
  ) );
#3371 = ORIENTED_EDGE('',*,*,#3289,.F.);
#3372 = ORIENTED_EDGE('',*,*,#3373,.T.);
#3373 = EDGE_CURVE('',#3234,#3346,#3374,.T.);
#3374 = SURFACE_CURVE('',#3375,(#3379,#3386),.PCURVE_S1.);
#3375 = LINE('',#3376,#3377);
#3376 = CARTESIAN_POINT('',(-1.18390750885,0.717615008354,0.864000022411
    ));
#3377 = VECTOR('',#3378,1.);
#3378 = DIRECTION('',(0.422613770587,0.906309881282,0.));
#3379 = PCURVE('',#3305,#3380);
#3380 = DEFINITIONAL_REPRESENTATION('',(#3381),#3385);
#3381 = LINE('',#3382,#3383);
#3382 = CARTESIAN_POINT('',(-6.101100287745E-03,-5.439369358102E-04));
#3383 = VECTOR('',#3384,1.);
#3384 = DIRECTION('',(1.,2.015105043887E-32));
#3385 = ( GEOMETRIC_REPRESENTATION_CONTEXT(2) 
PARAMETRIC_REPRESENTATION_CONTEXT() REPRESENTATION_CONTEXT('2D SPACE',''
  ) );
#3386 = PCURVE('',#3387,#3392);
#3387 = PLANE('',#3388);
#3388 = AXIS2_PLACEMENT_3D('',#3389,#3390,#3391);
#3389 = CARTESIAN_POINT('',(-1.229447899559,0.759506132691,
    0.864000022411));
#3390 = DIRECTION('',(-1.305439608137E-28,-1.633442793045E-28,-1.));
#3391 = DIRECTION('',(0.,-1.,1.633442793045E-28));
#3392 = DEFINITIONAL_REPRESENTATION('',(#3393),#3396);
#3393 = B_SPLINE_CURVE_WITH_KNOTS('',1,(#3394,#3395),.UNSPECIFIED.,.F.,
  .F.,(2,2),(0.,1.129010019632E-02),.PIECEWISE_BEZIER_KNOTS.);
#3394 = CARTESIAN_POINT('',(4.189112433644E-02,-4.554039070909E-02));
#3395 = CARTESIAN_POINT('',(3.165879496785E-02,-5.031174252336E-02));
#3396 = ( GEOMETRIC_REPRESENTATION_CONTEXT(2) 
PARAMETRIC_REPRESENTATION_CONTEXT() REPRESENTATION_CONTEXT('2D SPACE',''
  ) );
#3397 = ADVANCED_FACE('',(#3398),#3361,.T.);
#3398 = FACE_BOUND('',#3399,.T.);
#3399 = EDGE_LOOP('',(#3400,#3427,#3452));
#3400 = ORIENTED_EDGE('',*,*,#3401,.T.);
#3401 = EDGE_CURVE('',#3346,#3402,#3404,.T.);
#3402 = VERTEX_POINT('',#3403);
#3403 = CARTESIAN_POINT('',(-1.176213979721,0.738752782345,
    0.865999996662));
#3404 = SURFACE_CURVE('',#3405,(#3409,#3416),.PCURVE_S1.);
#3405 = LINE('',#3406,#3407);
#3406 = CARTESIAN_POINT('',(-1.179136157036,0.727847337723,
    0.864000022411));
#3407 = VECTOR('',#3408,1.);
#3408 = DIRECTION('',(0.2548572349,0.95111663748,0.174427439723));
#3409 = PCURVE('',#3361,#3410);
#3410 = DEFINITIONAL_REPRESENTATION('',(#3411),#3415);
#3411 = LINE('',#3412,#3413);
#3412 = CARTESIAN_POINT('',(-5.189032434196E-03,-1.456037566219E-03));
#3413 = VECTOR('',#3414,1.);
#3414 = DIRECTION('',(0.984670030148,0.174427439723));
#3415 = ( GEOMETRIC_REPRESENTATION_CONTEXT(2) 
PARAMETRIC_REPRESENTATION_CONTEXT() REPRESENTATION_CONTEXT('2D SPACE',''
  ) );
#3416 = PCURVE('',#3417,#3422);
#3417 = PLANE('',#3418);
#3418 = AXIS2_PLACEMENT_3D('',#3419,#3420,#3421);
#3419 = CARTESIAN_POINT('',(-1.177557031116,0.733740570203,
    0.864543959096));
#3420 = DIRECTION('',(0.965924226755,-0.258825014571,-3.630093311128E-16
    ));
#3421 = DIRECTION('',(0.258825014571,0.965924226755,0.));
#3422 = DEFINITIONAL_REPRESENTATION('',(#3423),#3426);
#3423 = B_SPLINE_CURVE_WITH_KNOTS('',1,(#3424,#3425),.UNSPECIFIED.,.F.,
  .F.,(2,2),(0.,1.146593823754E-02),.PIECEWISE_BEZIER_KNOTS.);
#3424 = CARTESIAN_POINT('',(-6.101133315839E-03,-5.439366845748E-04));
#3425 = CARTESIAN_POINT('',(5.189032434196E-03,1.456037566219E-03));
#3426 = ( GEOMETRIC_REPRESENTATION_CONTEXT(2) 
PARAMETRIC_REPRESENTATION_CONTEXT() REPRESENTATION_CONTEXT('2D SPACE',''
  ) );
#3427 = ORIENTED_EDGE('',*,*,#3428,.T.);
#3428 = EDGE_CURVE('',#3402,#3290,#3429,.T.);
#3429 = SURFACE_CURVE('',#3430,(#3434,#3441),.PCURVE_S1.);
#3430 = LINE('',#3431,#3432);
#3431 = CARTESIAN_POINT('',(-1.176213979721,0.738752782345,
    0.865999996662));
#3432 = VECTOR('',#3433,1.);
#3433 = DIRECTION('',(-0.258825014571,-0.965924226755,0.));
#3434 = PCURVE('',#3361,#3435);
#3435 = DEFINITIONAL_REPRESENTATION('',(#3436),#3440);
#3436 = LINE('',#3437,#3438);
#3437 = CARTESIAN_POINT('',(6.101133315839E-03,5.439366845748E-04));
#3438 = VECTOR('',#3439,1.);
#3439 = DIRECTION('',(-1.,0.));
#3440 = ( GEOMETRIC_REPRESENTATION_CONTEXT(2) 
PARAMETRIC_REPRESENTATION_CONTEXT() REPRESENTATION_CONTEXT('2D SPACE',''
  ) );
#3441 = PCURVE('',#3442,#3447);
#3442 = PLANE('',#3443);
#3443 = AXIS2_PLACEMENT_3D('',#3444,#3445,#3446);
#3444 = CARTESIAN_POINT('',(-1.231258912307,0.761194063153,
    0.865999996662));
#3445 = DIRECTION('',(-9.566520911835E-28,-1.840161502586E-27,1.));
#3446 = DIRECTION('',(0.,1.,1.840161502586E-27));
#3447 = DEFINITIONAL_REPRESENTATION('',(#3448),#3451);
#3448 = B_SPLINE_CURVE_WITH_KNOTS('',1,(#3449,#3450),.UNSPECIFIED.,.F.,
  .F.,(2,2),(0.,1.129016575004E-02),.PIECEWISE_BEZIER_KNOTS.);
#3449 = CARTESIAN_POINT('',(-2.244128080787E-02,-5.504493258633E-02));
#3450 = CARTESIAN_POINT('',(-3.334672542991E-02,-5.212275527157E-02));
#3451 = ( GEOMETRIC_REPRESENTATION_CONTEXT(2) 
PARAMETRIC_REPRESENTATION_CONTEXT() REPRESENTATION_CONTEXT('2D SPACE',''
  ) );
#3452 = ORIENTED_EDGE('',*,*,#3345,.F.);
#3453 = ADVANCED_FACE('',(#3454),#3417,.T.);
#3454 = FACE_BOUND('',#3455,.T.);
#3455 = EDGE_LOOP('',(#3456,#3483,#3484));
#3456 = ORIENTED_EDGE('',*,*,#3457,.T.);
#3457 = EDGE_CURVE('',#3458,#3402,#3460,.T.);
#3458 = VERTEX_POINT('',#3459);
#3459 = CARTESIAN_POINT('',(-1.176213979721,0.738752782345,
    0.864000022411));
#3460 = SURFACE_CURVE('',#3461,(#3465,#3472),.PCURVE_S1.);
#3461 = LINE('',#3462,#3463);
#3462 = CARTESIAN_POINT('',(-1.176213979721,0.738752782345,
    0.864000022411));
#3463 = VECTOR('',#3464,1.);
#3464 = DIRECTION('',(0.,0.,1.));
#3465 = PCURVE('',#3417,#3466);
#3466 = DEFINITIONAL_REPRESENTATION('',(#3467),#3471);
#3467 = LINE('',#3468,#3469);
#3468 = CARTESIAN_POINT('',(5.189032434196E-03,-5.439366845748E-04));
#3469 = VECTOR('',#3470,1.);
#3470 = DIRECTION('',(0.,1.));
#3471 = ( GEOMETRIC_REPRESENTATION_CONTEXT(2) 
PARAMETRIC_REPRESENTATION_CONTEXT() REPRESENTATION_CONTEXT('2D SPACE',''
  ) );
#3472 = PCURVE('',#3473,#3478);
#3473 = PLANE('',#3474);
#3474 = AXIS2_PLACEMENT_3D('',#3475,#3476,#3477);
#3475 = CARTESIAN_POINT('',(-1.175761748374,0.743922075926,
    0.865456060016));
#3476 = DIRECTION('',(0.996195086939,-8.715129808736E-02,0.));
#3477 = DIRECTION('',(8.715129808736E-02,0.996195086939,0.));
#3478 = DEFINITIONAL_REPRESENTATION('',(#3479),#3482);
#3479 = B_SPLINE_CURVE_WITH_KNOTS('',1,(#3480,#3481),.UNSPECIFIED.,.F.,
  .F.,(2,2),(0.,1.999974250793E-03),.PIECEWISE_BEZIER_KNOTS.);
#3480 = CARTESIAN_POINT('',(-5.189037416948E-03,-1.456037604706E-03));
#3481 = CARTESIAN_POINT('',(-5.189037416948E-03,5.439366460871E-04));
#3482 = ( GEOMETRIC_REPRESENTATION_CONTEXT(2) 
PARAMETRIC_REPRESENTATION_CONTEXT() REPRESENTATION_CONTEXT('2D SPACE',''
  ) );
#3483 = ORIENTED_EDGE('',*,*,#3401,.F.);
#3484 = ORIENTED_EDGE('',*,*,#3485,.T.);
#3485 = EDGE_CURVE('',#3346,#3458,#3486,.T.);
#3486 = SURFACE_CURVE('',#3487,(#3491,#3498),.PCURVE_S1.);
#3487 = LINE('',#3488,#3489);
#3488 = CARTESIAN_POINT('',(-1.179136157036,0.727847337723,
    0.864000022411));
#3489 = VECTOR('',#3490,1.);
#3490 = DIRECTION('',(0.258825014571,0.965924226755,0.));
#3491 = PCURVE('',#3417,#3492);
#3492 = DEFINITIONAL_REPRESENTATION('',(#3493),#3497);
#3493 = LINE('',#3494,#3495);
#3494 = CARTESIAN_POINT('',(-6.101133315839E-03,-5.439366845748E-04));
#3495 = VECTOR('',#3496,1.);
#3496 = DIRECTION('',(1.,4.030213175552E-32));
#3497 = ( GEOMETRIC_REPRESENTATION_CONTEXT(2) 
PARAMETRIC_REPRESENTATION_CONTEXT() REPRESENTATION_CONTEXT('2D SPACE',''
  ) );
#3498 = PCURVE('',#3499,#3504);
#3499 = PLANE('',#3500);
#3500 = AXIS2_PLACEMENT_3D('',#3501,#3502,#3503);
#3501 = CARTESIAN_POINT('',(-1.227390483484,0.764972278178,
    0.864000022411));
#3502 = DIRECTION('',(-3.190362265292E-28,-4.866376283399E-28,-1.));
#3503 = DIRECTION('',(0.,-1.,4.866376283399E-28));
#3504 = DEFINITIONAL_REPRESENTATION('',(#3505),#3508);
#3505 = B_SPLINE_CURVE_WITH_KNOTS('',1,(#3506,#3507),.UNSPECIFIED.,.F.,
  .F.,(2,2),(0.,1.129016575004E-02),.PIECEWISE_BEZIER_KNOTS.);
#3506 = CARTESIAN_POINT('',(3.712494045534E-02,-4.825432644834E-02));
#3507 = CARTESIAN_POINT('',(2.621949583331E-02,-5.11765037631E-02));
#3508 = ( GEOMETRIC_REPRESENTATION_CONTEXT(2) 
PARAMETRIC_REPRESENTATION_CONTEXT() REPRESENTATION_CONTEXT('2D SPACE',''
  ) );
#3509 = ADVANCED_FACE('',(#3510),#3473,.T.);
#3510 = FACE_BOUND('',#3511,.T.);
#3511 = EDGE_LOOP('',(#3512,#3532,#3557));
#3512 = ORIENTED_EDGE('',*,*,#3513,.T.);
#3513 = EDGE_CURVE('',#3458,#1522,#3514,.T.);
#3514 = SURFACE_CURVE('',#3515,(#3519,#3526),.PCURVE_S1.);
#3515 = LINE('',#3516,#3517);
#3516 = CARTESIAN_POINT('',(-1.176213979721,0.738752782345,
    0.864000022411));
#3517 = VECTOR('',#3518,1.);
#3518 = DIRECTION('',(8.581527363751E-02,0.980923472836,0.174427289292)
  );
#3519 = PCURVE('',#3473,#3520);
#3520 = DEFINITIONAL_REPRESENTATION('',(#3521),#3525);
#3521 = LINE('',#3522,#3523);
#3522 = CARTESIAN_POINT('',(-5.189037416948E-03,-1.456037604706E-03));
#3523 = VECTOR('',#3524,1.);
#3524 = DIRECTION('',(0.984670056796,0.174427289292));
#3525 = ( GEOMETRIC_REPRESENTATION_CONTEXT(2) 
PARAMETRIC_REPRESENTATION_CONTEXT() REPRESENTATION_CONTEXT('2D SPACE',''
  ) );
#3526 = PCURVE('',#1561,#3527);
#3527 = DEFINITIONAL_REPRESENTATION('',(#3528),#3531);
#3528 = B_SPLINE_CURVE_WITH_KNOTS('',1,(#3529,#3530),.UNSPECIFIED.,.F.,
  .F.,(2,2),(0.,1.146594812607E-02),.PIECEWISE_BEZIER_KNOTS.);
#3529 = CARTESIAN_POINT('',(-6.101138375567E-03,-5.439366460872E-04));
#3530 = CARTESIAN_POINT('',(5.189037416947E-03,1.456037604706E-03));
#3531 = ( GEOMETRIC_REPRESENTATION_CONTEXT(2) 
PARAMETRIC_REPRESENTATION_CONTEXT() REPRESENTATION_CONTEXT('2D SPACE',''
  ) );
#3532 = ORIENTED_EDGE('',*,*,#3533,.T.);
#3533 = EDGE_CURVE('',#1522,#3402,#3534,.T.);
#3534 = SURFACE_CURVE('',#3535,(#3539,#3546),.PCURVE_S1.);
#3535 = LINE('',#3536,#3537);
#3536 = CARTESIAN_POINT('',(-1.175230026245,0.75,0.865999996662));
#3537 = VECTOR('',#3538,1.);
#3538 = DIRECTION('',(-8.715129808736E-02,-0.996195086939,0.));
#3539 = PCURVE('',#3473,#3540);
#3540 = DEFINITIONAL_REPRESENTATION('',(#3541),#3545);
#3541 = LINE('',#3542,#3543);
#3542 = CARTESIAN_POINT('',(6.101138375567E-03,5.439366460871E-04));
#3543 = VECTOR('',#3544,1.);
#3544 = DIRECTION('',(-1.,0.));
#3545 = ( GEOMETRIC_REPRESENTATION_CONTEXT(2) 
PARAMETRIC_REPRESENTATION_CONTEXT() REPRESENTATION_CONTEXT('2D SPACE',''
  ) );
#3546 = PCURVE('',#3547,#3552);
#3547 = PLANE('',#3548);
#3548 = AXIS2_PLACEMENT_3D('',#3549,#3550,#3551);
#3549 = CARTESIAN_POINT('',(-1.230181944852,0.766934449134,
    0.865999996662));
#3550 = DIRECTION('',(-5.166045671281E-28,-1.239454188275E-27,1.));
#3551 = DIRECTION('',(0.,1.,1.239454188275E-27));
#3552 = DEFINITIONAL_REPRESENTATION('',(#3553),#3556);
#3553 = B_SPLINE_CURVE_WITH_KNOTS('',1,(#3554,#3555),.UNSPECIFIED.,.F.,
  .F.,(2,2),(0.,1.129017579251E-02),.PIECEWISE_BEZIER_KNOTS.);
#3554 = CARTESIAN_POINT('',(-1.693444913405E-02,-5.495191860704E-02));
#3555 = CARTESIAN_POINT('',(-2.818166678923E-02,-5.396796513109E-02));
#3556 = ( GEOMETRIC_REPRESENTATION_CONTEXT(2) 
PARAMETRIC_REPRESENTATION_CONTEXT() REPRESENTATION_CONTEXT('2D SPACE',''
  ) );
#3557 = ORIENTED_EDGE('',*,*,#3457,.F.);
#3558 = ADVANCED_FACE('',(#3559),#1561,.T.);
#3559 = FACE_BOUND('',#3560,.T.);
#3560 = EDGE_LOOP('',(#3561,#3562,#3563));
#3561 = ORIENTED_EDGE('',*,*,#1548,.T.);
#3562 = ORIENTED_EDGE('',*,*,#3513,.F.);
#3563 = ORIENTED_EDGE('',*,*,#3564,.T.);
#3564 = EDGE_CURVE('',#3458,#1466,#3565,.T.);
#3565 = SURFACE_CURVE('',#3566,(#3570,#3577),.PCURVE_S1.);
#3566 = LINE('',#3567,#3568);
#3567 = CARTESIAN_POINT('',(-1.176213979721,0.738752782345,
    0.864000022411));
#3568 = VECTOR('',#3569,1.);
#3569 = DIRECTION('',(8.715129808736E-02,0.996195086939,0.));
#3570 = PCURVE('',#1561,#3571);
#3571 = DEFINITIONAL_REPRESENTATION('',(#3572),#3576);
#3572 = LINE('',#3573,#3574);
#3573 = CARTESIAN_POINT('',(-6.101138375567E-03,-5.439366460872E-04));
#3574 = VECTOR('',#3575,1.);
#3575 = DIRECTION('',(1.,5.037767060725E-33));
#3576 = ( GEOMETRIC_REPRESENTATION_CONTEXT(2) 
PARAMETRIC_REPRESENTATION_CONTEXT() REPRESENTATION_CONTEXT('2D SPACE',''
  ) );
#3577 = PCURVE('',#3578,#3583);
#3578 = PLANE('',#3579);
#3579 = AXIS2_PLACEMENT_3D('',#3580,#3581,#3582);
#3580 = CARTESIAN_POINT('',(-1.226294443773,0.770702735576,
    0.864000022411));
#3581 = DIRECTION('',(-0.,-0.,-1.));
#3582 = DIRECTION('',(-1.,0.,0.));
#3583 = DEFINITIONAL_REPRESENTATION('',(#3584),#3587);
#3584 = B_SPLINE_CURVE_WITH_KNOTS('',1,(#3585,#3586),.UNSPECIFIED.,.F.,
  .F.,(2,2),(0.,1.129017579251E-02),.PIECEWISE_BEZIER_KNOTS.);
#3585 = CARTESIAN_POINT('',(-5.008046405213E-02,-3.194995323089E-02));
#3586 = CARTESIAN_POINT('',(-5.106441752808E-02,-2.070273557571E-02));
#3587 = ( GEOMETRIC_REPRESENTATION_CONTEXT(2) 
PARAMETRIC_REPRESENTATION_CONTEXT() REPRESENTATION_CONTEXT('2D SPACE',''
  ) );
#3588 = ADVANCED_FACE('',(#3589),#115,.T.);
#3589 = FACE_BOUND('',#3590,.T.);
#3590 = EDGE_LOOP('',(#3591,#3618,#3638));
#3591 = ORIENTED_EDGE('',*,*,#3592,.T.);
#3592 = EDGE_CURVE('',#93,#3593,#3595,.T.);
#3593 = VERTEX_POINT('',#3594);
#3594 = CARTESIAN_POINT('',(-1.289616703987,0.791633367538,
    0.865999996662));
#3595 = SURFACE_CURVE('',#3596,(#3600,#3607),.PCURVE_S1.);
#3596 = LINE('',#3597,#3598);
#3597 = CARTESIAN_POINT('',(-1.281633377075,0.79961669445,0.864000022411
    ));
#3598 = VECTOR('',#3599,1.);
#3599 = DIRECTION('',(-0.696266786954,-0.696266786954,0.174427987348));
#3600 = PCURVE('',#115,#3601);
#3601 = DEFINITIONAL_REPRESENTATION('',(#3602),#3606);
#3602 = LINE('',#3603,#3604);
#3603 = CARTESIAN_POINT('',(-5.18901429514E-03,-1.456037426109E-03));
#3604 = VECTOR('',#3605,1.);
#3605 = DIRECTION('',(0.98466993314,0.174427987348));
#3606 = ( GEOMETRIC_REPRESENTATION_CONTEXT(2) 
PARAMETRIC_REPRESENTATION_CONTEXT() REPRESENTATION_CONTEXT('2D SPACE',''
  ) );
#3607 = PCURVE('',#3608,#3613);
#3608 = PLANE('',#3609);
#3609 = AXIS2_PLACEMENT_3D('',#3610,#3611,#3612);
#3610 = CARTESIAN_POINT('',(-1.285947516791,0.795302554734,
    0.864543959236));
#3611 = DIRECTION('',(-0.707106781187,0.707106781187,-7.260183520168E-16
    ));
#3612 = DIRECTION('',(-0.707106781187,-0.707106781187,9.860761315263E-32
    ));
#3613 = DEFINITIONAL_REPRESENTATION('',(#3614),#3617);
#3614 = B_SPLINE_CURVE_WITH_KNOTS('',1,(#3615,#3616),.UNSPECIFIED.,.F.,
  .F.,(2,2),(0.,1.146590223965E-02),.PIECEWISE_BEZIER_KNOTS.);
#3615 = CARTESIAN_POINT('',(-6.101114896564E-03,-5.439368246849E-04));
#3616 = CARTESIAN_POINT('',(5.18901429514E-03,1.456037426109E-03));
#3617 = ( GEOMETRIC_REPRESENTATION_CONTEXT(2) 
PARAMETRIC_REPRESENTATION_CONTEXT() REPRESENTATION_CONTEXT('2D SPACE',''
  ) );
#3618 = ORIENTED_EDGE('',*,*,#3619,.T.);
#3619 = EDGE_CURVE('',#3593,#95,#3620,.T.);
#3620 = SURFACE_CURVE('',#3621,(#3625,#3632),.PCURVE_S1.);
#3621 = LINE('',#3622,#3623);
#3622 = CARTESIAN_POINT('',(-1.289616703987,0.791633367538,
    0.865999996662));
#3623 = VECTOR('',#3624,1.);
#3624 = DIRECTION('',(0.707106781187,0.707106781187,0.));
#3625 = PCURVE('',#115,#3626);
#3626 = DEFINITIONAL_REPRESENTATION('',(#3627),#3631);
#3627 = LINE('',#3628,#3629);
#3628 = CARTESIAN_POINT('',(6.101114896564E-03,5.439368246848E-04));
#3629 = VECTOR('',#3630,1.);
#3630 = DIRECTION('',(-1.,0.));
#3631 = ( GEOMETRIC_REPRESENTATION_CONTEXT(2) 
PARAMETRIC_REPRESENTATION_CONTEXT() REPRESENTATION_CONTEXT('2D SPACE',''
  ) );
#3632 = PCURVE('',#198,#3633);
#3633 = DEFINITIONAL_REPRESENTATION('',(#3634),#3637);
#3634 = B_SPLINE_CURVE_WITH_KNOTS('',1,(#3635,#3636),.UNSPECIFIED.,.F.,
  .F.,(2,2),(0.,1.12901291917E-02),.PIECEWISE_BEZIER_KNOTS.);
#3635 = CARTESIAN_POINT('',(-7.41834615749E-03,8.457421935215E-03));
#3636 = CARTESIAN_POINT('',(5.64980754436E-04,4.740950232884E-04));
#3637 = ( GEOMETRIC_REPRESENTATION_CONTEXT(2) 
PARAMETRIC_REPRESENTATION_CONTEXT() REPRESENTATION_CONTEXT('2D SPACE',''
  ) );
#3638 = ORIENTED_EDGE('',*,*,#92,.F.);
#3639 = ADVANCED_FACE('',(#3640),#3608,.T.);
#3640 = FACE_BOUND('',#3641,.T.);
#3641 = EDGE_LOOP('',(#3642,#3669,#3670));
#3642 = ORIENTED_EDGE('',*,*,#3643,.T.);
#3643 = EDGE_CURVE('',#3644,#3593,#3646,.T.);
#3644 = VERTEX_POINT('',#3645);
#3645 = CARTESIAN_POINT('',(-1.289616703987,0.791633367538,
    0.864000022411));
#3646 = SURFACE_CURVE('',#3647,(#3651,#3658),.PCURVE_S1.);
#3647 = LINE('',#3648,#3649);
#3648 = CARTESIAN_POINT('',(-1.289616703987,0.791633367538,
    0.864000022411));
#3649 = VECTOR('',#3650,1.);
#3650 = DIRECTION('',(0.,0.,1.));
#3651 = PCURVE('',#3608,#3652);
#3652 = DEFINITIONAL_REPRESENTATION('',(#3653),#3657);
#3653 = LINE('',#3654,#3655);
#3654 = CARTESIAN_POINT('',(5.18901429514E-03,-5.439368246849E-04));
#3655 = VECTOR('',#3656,1.);
#3656 = DIRECTION('',(0.,1.));
#3657 = ( GEOMETRIC_REPRESENTATION_CONTEXT(2) 
PARAMETRIC_REPRESENTATION_CONTEXT() REPRESENTATION_CONTEXT('2D SPACE',''
  ) );
#3658 = PCURVE('',#3659,#3664);
#3659 = PLANE('',#3660);
#3660 = AXIS2_PLACEMENT_3D('',#3661,#3662,#3663);
#3661 = CARTESIAN_POINT('',(-1.292593026609,0.787382753887,
    0.865456060093));
#3662 = DIRECTION('',(-0.819151057168,0.573577846103,-0.));
#3663 = DIRECTION('',(-0.573577846103,-0.819151057168,0.));
#3664 = DEFINITIONAL_REPRESENTATION('',(#3665),#3668);
#3665 = B_SPLINE_CURVE_WITH_KNOTS('',1,(#3666,#3667),.UNSPECIFIED.,.F.,
  .F.,(2,2),(0.,1.999974250793E-03),.PIECEWISE_BEZIER_KNOTS.);
#3666 = CARTESIAN_POINT('',(-5.189047384858E-03,-1.4560376817E-03));
#3667 = CARTESIAN_POINT('',(-5.189047384858E-03,5.439365690934E-04));
#3668 = ( GEOMETRIC_REPRESENTATION_CONTEXT(2) 
PARAMETRIC_REPRESENTATION_CONTEXT() REPRESENTATION_CONTEXT('2D SPACE',''
  ) );
#3669 = ORIENTED_EDGE('',*,*,#3592,.F.);
#3670 = ORIENTED_EDGE('',*,*,#3671,.T.);
#3671 = EDGE_CURVE('',#93,#3644,#3672,.T.);
#3672 = SURFACE_CURVE('',#3673,(#3677,#3684),.PCURVE_S1.);
#3673 = LINE('',#3674,#3675);
#3674 = CARTESIAN_POINT('',(-1.281633377075,0.79961669445,0.864000022411
    ));
#3675 = VECTOR('',#3676,1.);
#3676 = DIRECTION('',(-0.707106781187,-0.707106781187,0.));
#3677 = PCURVE('',#3608,#3678);
#3678 = DEFINITIONAL_REPRESENTATION('',(#3679),#3683);
#3679 = LINE('',#3680,#3681);
#3680 = CARTESIAN_POINT('',(-6.101114896564E-03,-5.439368246849E-04));
#3681 = VECTOR('',#3682,1.);
#3682 = DIRECTION('',(1.,-1.659148038106E-31));
#3683 = ( GEOMETRIC_REPRESENTATION_CONTEXT(2) 
PARAMETRIC_REPRESENTATION_CONTEXT() REPRESENTATION_CONTEXT('2D SPACE',''
  ) );
#3684 = PCURVE('',#3685,#3690);
#3685 = PLANE('',#3686);
#3686 = AXIS2_PLACEMENT_3D('',#3687,#3688,#3689);
#3687 = CARTESIAN_POINT('',(-1.289051748294,0.791159269233,
    0.864000022411));
#3688 = DIRECTION('',(3.228541988616E-26,-2.721417550083E-26,-1.));
#3689 = DIRECTION('',(-1.,0.,-3.228541988616E-26));
#3690 = DEFINITIONAL_REPRESENTATION('',(#3691),#3694);
#3691 = B_SPLINE_CURVE_WITH_KNOTS('',1,(#3692,#3693),.UNSPECIFIED.,.F.,
  .F.,(2,2),(0.,1.12901291917E-02),.PIECEWISE_BEZIER_KNOTS.);
#3692 = CARTESIAN_POINT('',(-7.418371218913E-03,8.457425217597E-03));
#3693 = CARTESIAN_POINT('',(5.64955693013E-04,4.740983056706E-04));
#3694 = ( GEOMETRIC_REPRESENTATION_CONTEXT(2) 
PARAMETRIC_REPRESENTATION_CONTEXT() REPRESENTATION_CONTEXT('2D SPACE',''
  ) );
#3695 = ADVANCED_FACE('',(#3696),#3659,.T.);
#3696 = FACE_BOUND('',#3697,.T.);
#3697 = EDGE_LOOP('',(#3698,#3725,#3750));
#3698 = ORIENTED_EDGE('',*,*,#3699,.T.);
#3699 = EDGE_CURVE('',#3644,#3700,#3702,.T.);
#3700 = VERTEX_POINT('',#3701);
#3701 = CARTESIAN_POINT('',(-1.296092510223,0.782384991646,
    0.865999996662));
#3702 = SURFACE_CURVE('',#3703,(#3707,#3714),.PCURVE_S1.);
#3703 = LINE('',#3704,#3705);
#3704 = CARTESIAN_POINT('',(-1.289616703987,0.791633367538,
    0.864000022411));
#3705 = VECTOR('',#3706,1.);
#3706 = DIRECTION('',(-0.564784960876,-0.806593561653,0.174426988359));
#3707 = PCURVE('',#3659,#3708);
#3708 = DEFINITIONAL_REPRESENTATION('',(#3709),#3713);
#3709 = LINE('',#3710,#3711);
#3710 = CARTESIAN_POINT('',(-5.189047384858E-03,-1.4560376817E-03));
#3711 = VECTOR('',#3712,1.);
#3712 = DIRECTION('',(0.984670110104,0.174426988359));
#3713 = ( GEOMETRIC_REPRESENTATION_CONTEXT(2) 
PARAMETRIC_REPRESENTATION_CONTEXT() REPRESENTATION_CONTEXT('2D SPACE',''
  ) );
#3714 = PCURVE('',#3715,#3720);
#3715 = PLANE('',#3716);
#3716 = AXIS2_PLACEMENT_3D('',#3717,#3718,#3719);
#3717 = CARTESIAN_POINT('',(-1.293116187601,0.786635605297,0.86454395898
    ));
#3718 = DIRECTION('',(-0.819151057168,0.573577846103,-0.));
#3719 = DIRECTION('',(-0.573577846103,-0.819151057168,0.));
#3720 = DEFINITIONAL_REPRESENTATION('',(#3721),#3724);
#3721 = B_SPLINE_CURVE_WITH_KNOTS('',1,(#3722,#3723),.UNSPECIFIED.,.F.,
  .F.,(2,2),(0.,1.14659679079E-02),.PIECEWISE_BEZIER_KNOTS.);
#3722 = CARTESIAN_POINT('',(-6.101148497465E-03,-5.439365690932E-04));
#3723 = CARTESIAN_POINT('',(5.189047384858E-03,1.4560376817E-03));
#3724 = ( GEOMETRIC_REPRESENTATION_CONTEXT(2) 
PARAMETRIC_REPRESENTATION_CONTEXT() REPRESENTATION_CONTEXT('2D SPACE',''
  ) );
#3725 = ORIENTED_EDGE('',*,*,#3726,.T.);
#3726 = EDGE_CURVE('',#3700,#3593,#3727,.T.);
#3727 = SURFACE_CURVE('',#3728,(#3732,#3739),.PCURVE_S1.);
#3728 = LINE('',#3729,#3730);
#3729 = CARTESIAN_POINT('',(-1.296092510223,0.782384991646,
    0.865999996662));
#3730 = VECTOR('',#3731,1.);
#3731 = DIRECTION('',(0.573577846103,0.819151057168,0.));
#3732 = PCURVE('',#3659,#3733);
#3733 = DEFINITIONAL_REPRESENTATION('',(#3734),#3738);
#3734 = LINE('',#3735,#3736);
#3735 = CARTESIAN_POINT('',(6.101148497465E-03,5.439365690934E-04));
#3736 = VECTOR('',#3737,1.);
#3737 = DIRECTION('',(-1.,0.));
#3738 = ( GEOMETRIC_REPRESENTATION_CONTEXT(2) 
PARAMETRIC_REPRESENTATION_CONTEXT() REPRESENTATION_CONTEXT('2D SPACE',''
  ) );
#3739 = PCURVE('',#3740,#3745);
#3740 = PLANE('',#3741);
#3741 = AXIS2_PLACEMENT_3D('',#3742,#3743,#3744);
#3742 = CARTESIAN_POINT('',(-1.295453740023,0.78201625391,0.865999996662
    ));
#3743 = DIRECTION('',(0.,0.,1.));
#3744 = DIRECTION('',(1.,0.,-0.));
#3745 = DEFINITIONAL_REPRESENTATION('',(#3746),#3749);
#3746 = B_SPLINE_CURVE_WITH_KNOTS('',1,(#3747,#3748),.UNSPECIFIED.,.F.,
  .F.,(2,2),(0.,1.129019588232E-02),.PIECEWISE_BEZIER_KNOTS.);
#3747 = CARTESIAN_POINT('',(-6.387702006154E-04,3.687377358471E-04));
#3748 = CARTESIAN_POINT('',(5.837036035652E-03,9.617113628486E-03));
#3749 = ( GEOMETRIC_REPRESENTATION_CONTEXT(2) 
PARAMETRIC_REPRESENTATION_CONTEXT() REPRESENTATION_CONTEXT('2D SPACE',''
  ) );
#3750 = ORIENTED_EDGE('',*,*,#3643,.F.);
#3751 = ADVANCED_FACE('',(#3752),#3715,.T.);
#3752 = FACE_BOUND('',#3753,.T.);
#3753 = EDGE_LOOP('',(#3754,#3781,#3782));
#3754 = ORIENTED_EDGE('',*,*,#3755,.T.);
#3755 = EDGE_CURVE('',#3756,#3700,#3758,.T.);
#3756 = VERTEX_POINT('',#3757);
#3757 = CARTESIAN_POINT('',(-1.296092510223,0.782384991646,
    0.864000022411));
#3758 = SURFACE_CURVE('',#3759,(#3763,#3770),.PCURVE_S1.);
#3759 = LINE('',#3760,#3761);
#3760 = CARTESIAN_POINT('',(-1.296092510223,0.782384991646,
    0.864000022411));
#3761 = VECTOR('',#3762,1.);
#3762 = DIRECTION('',(0.,0.,1.));
#3763 = PCURVE('',#3715,#3764);
#3764 = DEFINITIONAL_REPRESENTATION('',(#3765),#3769);
#3765 = LINE('',#3766,#3767);
#3766 = CARTESIAN_POINT('',(5.189047384858E-03,-5.439365690932E-04));
#3767 = VECTOR('',#3768,1.);
#3768 = DIRECTION('',(0.,1.));
#3769 = ( GEOMETRIC_REPRESENTATION_CONTEXT(2) 
PARAMETRIC_REPRESENTATION_CONTEXT() REPRESENTATION_CONTEXT('2D SPACE',''
  ) );
#3770 = PCURVE('',#3771,#3776);
#3771 = PLANE('',#3772);
#3772 = AXIS2_PLACEMENT_3D('',#3773,#3774,#3775);
#3773 = CARTESIAN_POINT('',(-1.29828545304,0.777682149755,0.865456059726
    ));
#3774 = DIRECTION('',(-0.906309881282,0.422613770587,-3.630090529905E-16
    ));
#3775 = DIRECTION('',(-0.422613770587,-0.906309881282,0.));
#3776 = DEFINITIONAL_REPRESENTATION('',(#3777),#3780);
#3777 = B_SPLINE_CURVE_WITH_KNOTS('',1,(#3778,#3779),.UNSPECIFIED.,.F.,
  .F.,(2,2),(0.,1.999974250793E-03),.PIECEWISE_BEZIER_KNOTS.);
#3778 = CARTESIAN_POINT('',(-5.188999908572E-03,-1.456037314983E-03));
#3779 = CARTESIAN_POINT('',(-5.188999908572E-03,5.439369358103E-04));
#3780 = ( GEOMETRIC_REPRESENTATION_CONTEXT(2) 
PARAMETRIC_REPRESENTATION_CONTEXT() REPRESENTATION_CONTEXT('2D SPACE',''
  ) );
#3781 = ORIENTED_EDGE('',*,*,#3699,.F.);
#3782 = ORIENTED_EDGE('',*,*,#3783,.T.);
#3783 = EDGE_CURVE('',#3644,#3756,#3784,.T.);
#3784 = SURFACE_CURVE('',#3785,(#3789,#3796),.PCURVE_S1.);
#3785 = LINE('',#3786,#3787);
#3786 = CARTESIAN_POINT('',(-1.289616703987,0.791633367538,
    0.864000022411));
#3787 = VECTOR('',#3788,1.);
#3788 = DIRECTION('',(-0.573577846103,-0.819151057168,0.));
#3789 = PCURVE('',#3715,#3790);
#3790 = DEFINITIONAL_REPRESENTATION('',(#3791),#3795);
#3791 = LINE('',#3792,#3793);
#3792 = CARTESIAN_POINT('',(-6.101148497465E-03,-5.439365690932E-04));
#3793 = VECTOR('',#3794,1.);
#3794 = DIRECTION('',(1.,0.));
#3795 = ( GEOMETRIC_REPRESENTATION_CONTEXT(2) 
PARAMETRIC_REPRESENTATION_CONTEXT() REPRESENTATION_CONTEXT('2D SPACE',''
  ) );
#3796 = PCURVE('',#3685,#3797);
#3797 = DEFINITIONAL_REPRESENTATION('',(#3798),#3801);
#3798 = B_SPLINE_CURVE_WITH_KNOTS('',1,(#3799,#3800),.UNSPECIFIED.,.F.,
  .F.,(2,2),(0.,1.129019588232E-02),.PIECEWISE_BEZIER_KNOTS.);
#3799 = CARTESIAN_POINT('',(5.64955693013E-04,4.740983056706E-04));
#3800 = CARTESIAN_POINT('',(7.04076192928E-03,-8.774277586969E-03));
#3801 = ( GEOMETRIC_REPRESENTATION_CONTEXT(2) 
PARAMETRIC_REPRESENTATION_CONTEXT() REPRESENTATION_CONTEXT('2D SPACE',''
  ) );
#3802 = ADVANCED_FACE('',(#3803),#3771,.T.);
#3803 = FACE_BOUND('',#3804,.T.);
#3804 = EDGE_LOOP('',(#3805,#3832,#3852));
#3805 = ORIENTED_EDGE('',*,*,#3806,.T.);
#3806 = EDGE_CURVE('',#3756,#3807,#3809,.T.);
#3807 = VERTEX_POINT('',#3808);
#3808 = CARTESIAN_POINT('',(-1.300863862038,0.772152662277,
    0.865999996662));
#3809 = SURFACE_CURVE('',#3810,(#3814,#3821),.PCURVE_S1.);
#3810 = LINE('',#3811,#3812);
#3811 = CARTESIAN_POINT('',(-1.296092510223,0.782384991646,
    0.864000022411));
#3812 = VECTOR('',#3813,1.);
#3813 = DIRECTION('',(-0.416135040712,-0.892416020475,0.174428421687));
#3814 = PCURVE('',#3771,#3815);
#3815 = DEFINITIONAL_REPRESENTATION('',(#3816),#3820);
#3816 = LINE('',#3817,#3818);
#3817 = CARTESIAN_POINT('',(-5.188999908572E-03,-1.456037314983E-03));
#3818 = VECTOR('',#3819,1.);
#3819 = DIRECTION('',(0.984669856199,0.174428421687));
#3820 = ( GEOMETRIC_REPRESENTATION_CONTEXT(2) 
PARAMETRIC_REPRESENTATION_CONTEXT() REPRESENTATION_CONTEXT('2D SPACE',''
  ) );
#3821 = PCURVE('',#3822,#3827);
#3822 = PLANE('',#3823);
#3823 = AXIS2_PLACEMENT_3D('',#3824,#3825,#3826);
#3824 = CARTESIAN_POINT('',(-1.298670919221,0.776855504168,
    0.864543959347));
#3825 = DIRECTION('',(-0.906309881282,0.422613770587,-3.630090529905E-16
    ));
#3826 = DIRECTION('',(-0.422613770587,-0.906309881282,0.));
#3827 = DEFINITIONAL_REPRESENTATION('',(#3828),#3831);
#3828 = B_SPLINE_CURVE_WITH_KNOTS('',1,(#3829,#3830),.UNSPECIFIED.,.F.,
  .F.,(2,2),(0.,1.146587368876E-02),.PIECEWISE_BEZIER_KNOTS.);
#3829 = CARTESIAN_POINT('',(-6.101100287745E-03,-5.439369358102E-04));
#3830 = CARTESIAN_POINT('',(5.188999908572E-03,1.456037314983E-03));
#3831 = ( GEOMETRIC_REPRESENTATION_CONTEXT(2) 
PARAMETRIC_REPRESENTATION_CONTEXT() REPRESENTATION_CONTEXT('2D SPACE',''
  ) );
#3832 = ORIENTED_EDGE('',*,*,#3833,.T.);
#3833 = EDGE_CURVE('',#3807,#3700,#3834,.T.);
#3834 = SURFACE_CURVE('',#3835,(#3839,#3846),.PCURVE_S1.);
#3835 = LINE('',#3836,#3837);
#3836 = CARTESIAN_POINT('',(-1.300863862038,0.772152662277,
    0.865999996662));
#3837 = VECTOR('',#3838,1.);
#3838 = DIRECTION('',(0.422613770587,0.906309881282,0.));
#3839 = PCURVE('',#3771,#3840);
#3840 = DEFINITIONAL_REPRESENTATION('',(#3841),#3845);
#3841 = LINE('',#3842,#3843);
#3842 = CARTESIAN_POINT('',(6.101100287745E-03,5.439369358103E-04));
#3843 = VECTOR('',#3844,1.);
#3844 = DIRECTION('',(-1.,-2.015105043887E-32));
#3845 = ( GEOMETRIC_REPRESENTATION_CONTEXT(2) 
PARAMETRIC_REPRESENTATION_CONTEXT() REPRESENTATION_CONTEXT('2D SPACE',''
  ) );
#3846 = PCURVE('',#3740,#3847);
#3847 = DEFINITIONAL_REPRESENTATION('',(#3848),#3851);
#3848 = B_SPLINE_CURVE_WITH_KNOTS('',1,(#3849,#3850),.UNSPECIFIED.,.F.,
  .F.,(2,2),(0.,1.129010019632E-02),.PIECEWISE_BEZIER_KNOTS.);
#3849 = CARTESIAN_POINT('',(-5.410122014885E-03,-9.863591632744E-03));
#3850 = CARTESIAN_POINT('',(-6.387702006154E-04,3.687377358471E-04));
#3851 = ( GEOMETRIC_REPRESENTATION_CONTEXT(2) 
PARAMETRIC_REPRESENTATION_CONTEXT() REPRESENTATION_CONTEXT('2D SPACE',''
  ) );
#3852 = ORIENTED_EDGE('',*,*,#3755,.F.);
#3853 = ADVANCED_FACE('',(#3854),#3822,.T.);
#3854 = FACE_BOUND('',#3855,.T.);
#3855 = EDGE_LOOP('',(#3856,#3883,#3884));
#3856 = ORIENTED_EDGE('',*,*,#3857,.T.);
#3857 = EDGE_CURVE('',#3858,#3807,#3860,.T.);
#3858 = VERTEX_POINT('',#3859);
#3859 = CARTESIAN_POINT('',(-1.300863862038,0.772152662277,
    0.864000022411));
#3860 = SURFACE_CURVE('',#3861,(#3865,#3872),.PCURVE_S1.);
#3861 = LINE('',#3862,#3863);
#3862 = CARTESIAN_POINT('',(-1.300863862038,0.772152662277,
    0.864000022411));
#3863 = VECTOR('',#3864,1.);
#3864 = DIRECTION('',(0.,0.,1.));
#3865 = PCURVE('',#3822,#3866);
#3866 = DEFINITIONAL_REPRESENTATION('',(#3867),#3871);
#3867 = LINE('',#3868,#3869);
#3868 = CARTESIAN_POINT('',(5.188999908572E-03,-5.439369358102E-04));
#3869 = VECTOR('',#3870,1.);
#3870 = DIRECTION('',(0.,1.));
#3871 = ( GEOMETRIC_REPRESENTATION_CONTEXT(2) 
PARAMETRIC_REPRESENTATION_CONTEXT() REPRESENTATION_CONTEXT('2D SPACE',''
  ) );
#3872 = PCURVE('',#3873,#3878);
#3873 = PLANE('',#3874);
#3874 = AXIS2_PLACEMENT_3D('',#3875,#3876,#3877);
#3875 = CARTESIAN_POINT('',(-1.302206913433,0.767140450136,
    0.865456059978));
#3876 = DIRECTION('',(-0.965924226755,0.258825014571,-0.));
#3877 = DIRECTION('',(-0.258825014571,-0.965924226755,0.));
#3878 = DEFINITIONAL_REPRESENTATION('',(#3879),#3882);
#3879 = B_SPLINE_CURVE_WITH_KNOTS('',1,(#3880,#3881),.UNSPECIFIED.,.F.,
  .F.,(2,2),(0.,1.999974250793E-03),.PIECEWISE_BEZIER_KNOTS.);
#3880 = CARTESIAN_POINT('',(-5.189032434196E-03,-1.456037566219E-03));
#3881 = CARTESIAN_POINT('',(-5.189032434196E-03,5.439366845748E-04));
#3882 = ( GEOMETRIC_REPRESENTATION_CONTEXT(2) 
PARAMETRIC_REPRESENTATION_CONTEXT() REPRESENTATION_CONTEXT('2D SPACE',''
  ) );
#3883 = ORIENTED_EDGE('',*,*,#3806,.F.);
#3884 = ORIENTED_EDGE('',*,*,#3885,.T.);
#3885 = EDGE_CURVE('',#3756,#3858,#3886,.T.);
#3886 = SURFACE_CURVE('',#3887,(#3891,#3898),.PCURVE_S1.);
#3887 = LINE('',#3888,#3889);
#3888 = CARTESIAN_POINT('',(-1.296092510223,0.782384991646,
    0.864000022411));
#3889 = VECTOR('',#3890,1.);
#3890 = DIRECTION('',(-0.422613770587,-0.906309881282,0.));
#3891 = PCURVE('',#3822,#3892);
#3892 = DEFINITIONAL_REPRESENTATION('',(#3893),#3897);
#3893 = LINE('',#3894,#3895);
#3894 = CARTESIAN_POINT('',(-6.101100287745E-03,-5.439369358102E-04));
#3895 = VECTOR('',#3896,1.);
#3896 = DIRECTION('',(1.,2.015105043887E-32));
#3897 = ( GEOMETRIC_REPRESENTATION_CONTEXT(2) 
PARAMETRIC_REPRESENTATION_CONTEXT() REPRESENTATION_CONTEXT('2D SPACE',''
  ) );
#3898 = PCURVE('',#3899,#3904);
#3899 = PLANE('',#3900);
#3900 = AXIS2_PLACEMENT_3D('',#3901,#3902,#3903);
#3901 = CARTESIAN_POINT('',(-1.291663972409,0.786149286043,
    0.864000022411));
#3902 = DIRECTION('',(-2.256702574973E-27,1.655471080909E-27,-1.));
#3903 = DIRECTION('',(-1.,0.,2.256702574973E-27));
#3904 = DEFINITIONAL_REPRESENTATION('',(#3905),#3908);
#3905 = B_SPLINE_CURVE_WITH_KNOTS('',1,(#3906,#3907),.UNSPECIFIED.,.F.,
  .F.,(2,2),(0.,1.129010019632E-02),.PIECEWISE_BEZIER_KNOTS.);
#3906 = CARTESIAN_POINT('',(4.428537814033E-03,-3.764294397317E-03));
#3907 = CARTESIAN_POINT('',(9.199889628303E-03,-1.399662376591E-02));
#3908 = ( GEOMETRIC_REPRESENTATION_CONTEXT(2) 
PARAMETRIC_REPRESENTATION_CONTEXT() REPRESENTATION_CONTEXT('2D SPACE',''
  ) );
#3909 = ADVANCED_FACE('',(#3910),#3873,.T.);
#3910 = FACE_BOUND('',#3911,.T.);
#3911 = EDGE_LOOP('',(#3912,#3939,#3964));
#3912 = ORIENTED_EDGE('',*,*,#3913,.T.);
#3913 = EDGE_CURVE('',#3858,#3914,#3916,.T.);
#3914 = VERTEX_POINT('',#3915);
#3915 = CARTESIAN_POINT('',(-1.303786039352,0.761247217655,
    0.865999996662));
#3916 = SURFACE_CURVE('',#3917,(#3921,#3928),.PCURVE_S1.);
#3917 = LINE('',#3918,#3919);
#3918 = CARTESIAN_POINT('',(-1.300863862038,0.772152662277,
    0.864000022411));
#3919 = VECTOR('',#3920,1.);
#3920 = DIRECTION('',(-0.2548572349,-0.95111663748,0.174427439723));
#3921 = PCURVE('',#3873,#3922);
#3922 = DEFINITIONAL_REPRESENTATION('',(#3923),#3927);
#3923 = LINE('',#3924,#3925);
#3924 = CARTESIAN_POINT('',(-5.189032434196E-03,-1.456037566219E-03));
#3925 = VECTOR('',#3926,1.);
#3926 = DIRECTION('',(0.984670030148,0.174427439723));
#3927 = ( GEOMETRIC_REPRESENTATION_CONTEXT(2) 
PARAMETRIC_REPRESENTATION_CONTEXT() REPRESENTATION_CONTEXT('2D SPACE',''
  ) );
#3928 = PCURVE('',#3929,#3934);
#3929 = PLANE('',#3930);
#3930 = AXIS2_PLACEMENT_3D('',#3931,#3932,#3933);
#3931 = CARTESIAN_POINT('',(-1.302442987957,0.766259429797,
    0.864543959096));
#3932 = DIRECTION('',(-0.965924226755,0.258825014571,-0.));
#3933 = DIRECTION('',(-0.258825014571,-0.965924226755,0.));
#3934 = DEFINITIONAL_REPRESENTATION('',(#3935),#3938);
#3935 = B_SPLINE_CURVE_WITH_KNOTS('',1,(#3936,#3937),.UNSPECIFIED.,.F.,
  .F.,(2,2),(0.,1.146593823754E-02),.PIECEWISE_BEZIER_KNOTS.);
#3936 = CARTESIAN_POINT('',(-6.101133315839E-03,-5.439366845748E-04));
#3937 = CARTESIAN_POINT('',(5.189032434196E-03,1.456037566219E-03));
#3938 = ( GEOMETRIC_REPRESENTATION_CONTEXT(2) 
PARAMETRIC_REPRESENTATION_CONTEXT() REPRESENTATION_CONTEXT('2D SPACE',''
  ) );
#3939 = ORIENTED_EDGE('',*,*,#3940,.T.);
#3940 = EDGE_CURVE('',#3914,#3807,#3941,.T.);
#3941 = SURFACE_CURVE('',#3942,(#3946,#3953),.PCURVE_S1.);
#3942 = LINE('',#3943,#3944);
#3943 = CARTESIAN_POINT('',(-1.303786039352,0.761247217655,
    0.865999996662));
#3944 = VECTOR('',#3945,1.);
#3945 = DIRECTION('',(0.258825014571,0.965924226755,0.));
#3946 = PCURVE('',#3873,#3947);
#3947 = DEFINITIONAL_REPRESENTATION('',(#3948),#3952);
#3948 = LINE('',#3949,#3950);
#3949 = CARTESIAN_POINT('',(6.101133315839E-03,5.439366845748E-04));
#3950 = VECTOR('',#3951,1.);
#3951 = DIRECTION('',(-1.,0.));
#3952 = ( GEOMETRIC_REPRESENTATION_CONTEXT(2) 
PARAMETRIC_REPRESENTATION_CONTEXT() REPRESENTATION_CONTEXT('2D SPACE',''
  ) );
#3953 = PCURVE('',#3954,#3959);
#3954 = PLANE('',#3955);
#3955 = AXIS2_PLACEMENT_3D('',#3956,#3957,#3958);
#3956 = CARTESIAN_POINT('',(-1.29715634105,0.776628748399,0.865999996662
    ));
#3957 = DIRECTION('',(0.,0.,1.));
#3958 = DIRECTION('',(1.,0.,-0.));
#3959 = DEFINITIONAL_REPRESENTATION('',(#3960),#3963);
#3960 = B_SPLINE_CURVE_WITH_KNOTS('',1,(#3961,#3962),.UNSPECIFIED.,.F.,
  .F.,(2,2),(0.,1.129016575004E-02),.PIECEWISE_BEZIER_KNOTS.);
#3961 = CARTESIAN_POINT('',(-6.629698302555E-03,-1.538153074421E-02));
#3962 = CARTESIAN_POINT('',(-3.707520987797E-03,-4.47608612217E-03));
#3963 = ( GEOMETRIC_REPRESENTATION_CONTEXT(2) 
PARAMETRIC_REPRESENTATION_CONTEXT() REPRESENTATION_CONTEXT('2D SPACE',''
  ) );
#3964 = ORIENTED_EDGE('',*,*,#3857,.F.);
#3965 = ADVANCED_FACE('',(#3966),#3929,.T.);
#3966 = FACE_BOUND('',#3967,.T.);
#3967 = EDGE_LOOP('',(#3968,#3995,#3996));
#3968 = ORIENTED_EDGE('',*,*,#3969,.T.);
#3969 = EDGE_CURVE('',#3970,#3914,#3972,.T.);
#3970 = VERTEX_POINT('',#3971);
#3971 = CARTESIAN_POINT('',(-1.303786039352,0.761247217655,
    0.864000022411));
#3972 = SURFACE_CURVE('',#3973,(#3977,#3984),.PCURVE_S1.);
#3973 = LINE('',#3974,#3975);
#3974 = CARTESIAN_POINT('',(-1.303786039352,0.761247217655,
    0.864000022411));
#3975 = VECTOR('',#3976,1.);
#3976 = DIRECTION('',(0.,0.,1.));
#3977 = PCURVE('',#3929,#3978);
#3978 = DEFINITIONAL_REPRESENTATION('',(#3979),#3983);
#3979 = LINE('',#3980,#3981);
#3980 = CARTESIAN_POINT('',(5.189032434196E-03,-5.439366845748E-04));
#3981 = VECTOR('',#3982,1.);
#3982 = DIRECTION('',(0.,1.));
#3983 = ( GEOMETRIC_REPRESENTATION_CONTEXT(2) 
PARAMETRIC_REPRESENTATION_CONTEXT() REPRESENTATION_CONTEXT('2D SPACE',''
  ) );
#3984 = PCURVE('',#3985,#3990);
#3985 = PLANE('',#3986);
#3986 = AXIS2_PLACEMENT_3D('',#3987,#3988,#3989);
#3987 = CARTESIAN_POINT('',(-1.303884357798,0.756079419429,
    0.865455902623));
#3988 = DIRECTION('',(-0.999819069813,1.902176749301E-02,-0.));
#3989 = DIRECTION('',(-1.902176749301E-02,-0.999819069813,0.));
#3990 = DEFINITIONAL_REPRESENTATION('',(#3991),#3994);
#3991 = B_SPLINE_CURVE_WITH_KNOTS('',1,(#3992,#3993),.UNSPECIFIED.,.F.,
  .F.,(2,2),(0.,1.999974250793E-03),.PIECEWISE_BEZIER_KNOTS.);
#3992 = CARTESIAN_POINT('',(-5.168733406513E-03,-1.455880211198E-03));
#3993 = CARTESIAN_POINT('',(-5.168733406513E-03,5.440940395952E-04));
#3994 = ( GEOMETRIC_REPRESENTATION_CONTEXT(2) 
PARAMETRIC_REPRESENTATION_CONTEXT() REPRESENTATION_CONTEXT('2D SPACE',''
  ) );
#3995 = ORIENTED_EDGE('',*,*,#3913,.F.);
#3996 = ORIENTED_EDGE('',*,*,#3997,.T.);
#3997 = EDGE_CURVE('',#3858,#3970,#3998,.T.);
#3998 = SURFACE_CURVE('',#3999,(#4003,#4010),.PCURVE_S1.);
#3999 = LINE('',#4000,#4001);
#4000 = CARTESIAN_POINT('',(-1.300863862038,0.772152662277,
    0.864000022411));
#4001 = VECTOR('',#4002,1.);
#4002 = DIRECTION('',(-0.258825014571,-0.965924226755,0.));
#4003 = PCURVE('',#3929,#4004);
#4004 = DEFINITIONAL_REPRESENTATION('',(#4005),#4009);
#4005 = LINE('',#4006,#4007);
#4006 = CARTESIAN_POINT('',(-6.101133315839E-03,-5.439366845748E-04));
#4007 = VECTOR('',#4008,1.);
#4008 = DIRECTION('',(1.,0.));
#4009 = ( GEOMETRIC_REPRESENTATION_CONTEXT(2) 
PARAMETRIC_REPRESENTATION_CONTEXT() REPRESENTATION_CONTEXT('2D SPACE',''
  ) );
#4010 = PCURVE('',#4011,#4016);
#4011 = PLANE('',#4012);
#4012 = AXIS2_PLACEMENT_3D('',#4013,#4014,#4015);
#4013 = CARTESIAN_POINT('',(-1.293378125423,0.780743646259,
    0.864000022411));
#4014 = DIRECTION('',(7.10158912762E-28,-4.218493930472E-28,-1.));
#4015 = DIRECTION('',(-1.,0.,-7.10158912762E-28));
#4016 = DEFINITIONAL_REPRESENTATION('',(#4017),#4020);
#4017 = B_SPLINE_CURVE_WITH_KNOTS('',1,(#4018,#4019),.UNSPECIFIED.,.F.,
  .F.,(2,2),(0.,1.129016575004E-02),.PIECEWISE_BEZIER_KNOTS.);
#4018 = CARTESIAN_POINT('',(7.485736615113E-03,-8.590983981635E-03));
#4019 = CARTESIAN_POINT('',(1.040791392987E-02,-1.949642860368E-02));
#4020 = ( GEOMETRIC_REPRESENTATION_CONTEXT(2) 
PARAMETRIC_REPRESENTATION_CONTEXT() REPRESENTATION_CONTEXT('2D SPACE',''
  ) );
#4021 = ADVANCED_FACE('',(#4022),#3985,.T.);
#4022 = FACE_BOUND('',#4023,.T.);
#4023 = EDGE_LOOP('',(#4024,#4044,#4069));
#4024 = ORIENTED_EDGE('',*,*,#4025,.T.);
#4025 = EDGE_CURVE('',#3970,#2085,#4026,.T.);
#4026 = SURFACE_CURVE('',#4027,(#4031,#4038),.PCURVE_S1.);
#4027 = LINE('',#4028,#4029);
#4028 = CARTESIAN_POINT('',(-1.303786039352,0.761247217655,
    0.864000022411));
#4029 = VECTOR('',#4030,1.);
#4030 = DIRECTION('',(-1.872808839075E-02,-0.984382756287,0.175042417232
    ));
#4031 = PCURVE('',#3985,#4032);
#4032 = DEFINITIONAL_REPRESENTATION('',(#4033),#4037);
#4033 = LINE('',#4034,#4035);
#4034 = CARTESIAN_POINT('',(-5.168733406513E-03,-1.455880211198E-03));
#4035 = VECTOR('',#4036,1.);
#4036 = DIRECTION('',(0.984560893073,0.175042417232));
#4037 = ( GEOMETRIC_REPRESENTATION_CONTEXT(2) 
PARAMETRIC_REPRESENTATION_CONTEXT() REPRESENTATION_CONTEXT('2D SPACE',''
  ) );
#4038 = PCURVE('',#2125,#4039);
#4039 = DEFINITIONAL_REPRESENTATION('',(#4040),#4043);
#4040 = B_SPLINE_CURVE_WITH_KNOTS('',1,(#4041,#4042),.UNSPECIFIED.,.F.,
  .F.,(2,2),(0.,1.142565489222E-02),.PIECEWISE_BEZIER_KNOTS.);
#4041 = CARTESIAN_POINT('',(-6.080519578116E-03,-5.440940395952E-04));
#4042 = CARTESIAN_POINT('',(5.168733406513E-03,1.455880211198E-03));
#4043 = ( GEOMETRIC_REPRESENTATION_CONTEXT(2) 
PARAMETRIC_REPRESENTATION_CONTEXT() REPRESENTATION_CONTEXT('2D SPACE',''
  ) );
#4044 = ORIENTED_EDGE('',*,*,#4045,.T.);
#4045 = EDGE_CURVE('',#2085,#3914,#4046,.T.);
#4046 = SURFACE_CURVE('',#4047,(#4051,#4058),.PCURVE_S1.);
#4047 = LINE('',#4048,#4049);
#4048 = CARTESIAN_POINT('',(-1.304000020027,0.75,0.865999996662));
#4049 = VECTOR('',#4050,1.);
#4050 = DIRECTION('',(1.902176749301E-02,0.999819069813,0.));
#4051 = PCURVE('',#3985,#4052);
#4052 = DEFINITIONAL_REPRESENTATION('',(#4053),#4057);
#4053 = LINE('',#4054,#4055);
#4054 = CARTESIAN_POINT('',(6.080519578116E-03,5.440940395952E-04));
#4055 = VECTOR('',#4056,1.);
#4056 = DIRECTION('',(-1.,0.));
#4057 = ( GEOMETRIC_REPRESENTATION_CONTEXT(2) 
PARAMETRIC_REPRESENTATION_CONTEXT() REPRESENTATION_CONTEXT('2D SPACE',''
  ) );
#4058 = PCURVE('',#4059,#4064);
#4059 = PLANE('',#4060);
#4060 = AXIS2_PLACEMENT_3D('',#4061,#4062,#4063);
#4061 = CARTESIAN_POINT('',(-1.297665220719,0.771015214134,
    0.865999996662));
#4062 = DIRECTION('',(0.,0.,1.));
#4063 = DIRECTION('',(1.,0.,-0.));
#4064 = DEFINITIONAL_REPRESENTATION('',(#4065),#4068);
#4065 = B_SPLINE_CURVE_WITH_KNOTS('',1,(#4066,#4067),.UNSPECIFIED.,.F.,
  .F.,(2,2),(0.,1.124925298463E-02),.PIECEWISE_BEZIER_KNOTS.);
#4066 = CARTESIAN_POINT('',(-6.334799307956E-03,-2.101521413373E-02));
#4067 = CARTESIAN_POINT('',(-6.120818633213E-03,-9.767996478552E-03));
#4068 = ( GEOMETRIC_REPRESENTATION_CONTEXT(2) 
PARAMETRIC_REPRESENTATION_CONTEXT() REPRESENTATION_CONTEXT('2D SPACE',''
  ) );
#4069 = ORIENTED_EDGE('',*,*,#3969,.F.);
#4070 = ADVANCED_FACE('',(#4071),#2125,.T.);
#4071 = FACE_BOUND('',#4072,.T.);
#4072 = EDGE_LOOP('',(#4073,#4074,#4075));
#4073 = ORIENTED_EDGE('',*,*,#2111,.F.);
#4074 = ORIENTED_EDGE('',*,*,#4025,.F.);
#4075 = ORIENTED_EDGE('',*,*,#4076,.T.);
#4076 = EDGE_CURVE('',#3970,#2058,#4077,.T.);
#4077 = SURFACE_CURVE('',#4078,(#4082,#4089),.PCURVE_S1.);
#4078 = LINE('',#4079,#4080);
#4079 = CARTESIAN_POINT('',(-1.303786039352,0.761247217655,
    0.864000022411));
#4080 = VECTOR('',#4081,1.);
#4081 = DIRECTION('',(-1.902176749301E-02,-0.999819069813,0.));
#4082 = PCURVE('',#2125,#4083);
#4083 = DEFINITIONAL_REPRESENTATION('',(#4084),#4088);
#4084 = LINE('',#4085,#4086);
#4085 = CARTESIAN_POINT('',(-6.080519578116E-03,-5.440940395952E-04));
#4086 = VECTOR('',#4087,1.);
#4087 = DIRECTION('',(1.,0.));
#4088 = ( GEOMETRIC_REPRESENTATION_CONTEXT(2) 
PARAMETRIC_REPRESENTATION_CONTEXT() REPRESENTATION_CONTEXT('2D SPACE',''
  ) );
#4089 = PCURVE('',#4090,#4095);
#4090 = PLANE('',#4091);
#4091 = AXIS2_PLACEMENT_3D('',#4092,#4093,#4094);
#4092 = CARTESIAN_POINT('',(-1.293906539497,0.775111508567,
    0.864000022411));
#4093 = DIRECTION('',(-0.,-0.,-1.));
#4094 = DIRECTION('',(-1.,0.,0.));
#4095 = DEFINITIONAL_REPRESENTATION('',(#4096),#4099);
#4096 = B_SPLINE_CURVE_WITH_KNOTS('',1,(#4097,#4098),.UNSPECIFIED.,.F.,
  .F.,(2,2),(0.,1.124925298463E-02),.PIECEWISE_BEZIER_KNOTS.);
#4097 = CARTESIAN_POINT('',(9.879499855109E-03,-1.386429091132E-02));
#4098 = CARTESIAN_POINT('',(1.009348052985E-02,-2.51115085665E-02));
#4099 = ( GEOMETRIC_REPRESENTATION_CONTEXT(2) 
PARAMETRIC_REPRESENTATION_CONTEXT() REPRESENTATION_CONTEXT('2D SPACE',''
  ) );
#4100 = ADVANCED_FACE('',(#4101),#4090,.T.);
#4101 = FACE_BOUND('',#4102,.T.);
#4102 = EDGE_LOOP('',(#4103,#4123,#4143));
#4103 = ORIENTED_EDGE('',*,*,#4104,.T.);
#4104 = EDGE_CURVE('',#3970,#93,#4105,.T.);
#4105 = SURFACE_CURVE('',#4106,(#4110,#4117),.PCURVE_S1.);
#4106 = LINE('',#4107,#4108);
#4107 = CARTESIAN_POINT('',(-1.303786039352,0.761247217655,
    0.864000022411));
#4108 = VECTOR('',#4109,1.);
#4109 = DIRECTION('',(0.500000584369,0.866025066399,0.));
#4110 = PCURVE('',#4090,#4111);
#4111 = DEFINITIONAL_REPRESENTATION('',(#4112),#4116);
#4112 = LINE('',#4113,#4114);
#4113 = CARTESIAN_POINT('',(9.879499855109E-03,-1.386429091132E-02));
#4114 = VECTOR('',#4115,1.);
#4115 = DIRECTION('',(-0.500000584369,0.866025066399));
#4116 = ( GEOMETRIC_REPRESENTATION_CONTEXT(2) 
PARAMETRIC_REPRESENTATION_CONTEXT() REPRESENTATION_CONTEXT('2D SPACE',''
  ) );
#4117 = PCURVE('',#4011,#4118);
#4118 = DEFINITIONAL_REPRESENTATION('',(#4119),#4122);
#4119 = B_SPLINE_CURVE_WITH_KNOTS('',1,(#4120,#4121),.UNSPECIFIED.,.F.,
  .F.,(2,2),(0.,4.430527277318E-02),.PIECEWISE_BEZIER_KNOTS.);
#4120 = CARTESIAN_POINT('',(1.040791392987E-02,-1.949642860368E-02));
#4121 = CARTESIAN_POINT('',(-1.174474834735E-02,1.887304819152E-02));
#4122 = ( GEOMETRIC_REPRESENTATION_CONTEXT(2) 
PARAMETRIC_REPRESENTATION_CONTEXT() REPRESENTATION_CONTEXT('2D SPACE',''
  ) );
#4123 = ORIENTED_EDGE('',*,*,#4124,.T.);
#4124 = EDGE_CURVE('',#93,#2058,#4125,.T.);
#4125 = SURFACE_CURVE('',#4126,(#4130,#4137),.PCURVE_S1.);
#4126 = LINE('',#4127,#4128);
#4127 = CARTESIAN_POINT('',(-1.281633377075,0.79961669445,0.864000022411
    ));
#4128 = VECTOR('',#4129,1.);
#4129 = DIRECTION('',(-0.410962492674,-0.91165225257,0.));
#4130 = PCURVE('',#4090,#4131);
#4131 = DEFINITIONAL_REPRESENTATION('',(#4132),#4136);
#4132 = LINE('',#4133,#4134);
#4133 = CARTESIAN_POINT('',(-1.227316242211E-02,2.450518588388E-02));
#4134 = VECTOR('',#4135,1.);
#4135 = DIRECTION('',(0.410962492674,-0.91165225257));
#4136 = ( GEOMETRIC_REPRESENTATION_CONTEXT(2) 
PARAMETRIC_REPRESENTATION_CONTEXT() REPRESENTATION_CONTEXT('2D SPACE',''
  ) );
#4137 = PCURVE('',#2155,#4138);
#4138 = DEFINITIONAL_REPRESENTATION('',(#4139),#4142);
#4139 = B_SPLINE_CURVE_WITH_KNOTS('',1,(#4140,#4141),.UNSPECIFIED.,.F.,
  .F.,(2,2),(0.,5.442502260103E-02),.PIECEWISE_BEZIER_KNOTS.);
#4140 = CARTESIAN_POINT('',(-1.208539755714E-02,3.02250503989E-02));
#4141 = CARTESIAN_POINT('',(1.028124539483E-02,-1.939164405148E-02));
#4142 = ( GEOMETRIC_REPRESENTATION_CONTEXT(2) 
PARAMETRIC_REPRESENTATION_CONTEXT() REPRESENTATION_CONTEXT('2D SPACE',''
  ) );
#4143 = ORIENTED_EDGE('',*,*,#4076,.F.);
#4144 = ADVANCED_FACE('',(#4145),#4011,.T.);
#4145 = FACE_BOUND('',#4146,.T.);
#4146 = EDGE_LOOP('',(#4147,#4167,#4168));
#4147 = ORIENTED_EDGE('',*,*,#4148,.T.);
#4148 = EDGE_CURVE('',#3858,#93,#4149,.T.);
#4149 = SURFACE_CURVE('',#4150,(#4154,#4161),.PCURVE_S1.);
#4150 = LINE('',#4151,#4152);
#4151 = CARTESIAN_POINT('',(-1.300863862038,0.772152662277,
    0.864000022411));
#4152 = VECTOR('',#4153,1.);
#4153 = DIRECTION('',(0.573575687938,0.819152568333,0.));
#4154 = PCURVE('',#4011,#4155);
#4155 = DEFINITIONAL_REPRESENTATION('',(#4156),#4160);
#4156 = LINE('',#4157,#4158);
#4157 = CARTESIAN_POINT('',(7.485736615113E-03,-8.590983981635E-03));
#4158 = VECTOR('',#4159,1.);
#4159 = DIRECTION('',(-0.573575687938,0.819152568333));
#4160 = ( GEOMETRIC_REPRESENTATION_CONTEXT(2) 
PARAMETRIC_REPRESENTATION_CONTEXT() REPRESENTATION_CONTEXT('2D SPACE',''
  ) );
#4161 = PCURVE('',#3899,#4162);
#4162 = DEFINITIONAL_REPRESENTATION('',(#4163),#4166);
#4163 = B_SPLINE_CURVE_WITH_KNOTS('',1,(#4164,#4165),.UNSPECIFIED.,.F.,
  .F.,(2,2),(0.,3.352737113315E-02),.PIECEWISE_BEZIER_KNOTS.);
#4164 = CARTESIAN_POINT('',(9.199889628303E-03,-1.399662376591E-02));
#4165 = CARTESIAN_POINT('',(-1.003059533416E-02,1.346740840725E-02));
#4166 = ( GEOMETRIC_REPRESENTATION_CONTEXT(2) 
PARAMETRIC_REPRESENTATION_CONTEXT() REPRESENTATION_CONTEXT('2D SPACE',''
  ) );
#4167 = ORIENTED_EDGE('',*,*,#4104,.F.);
#4168 = ORIENTED_EDGE('',*,*,#3997,.F.);
#4169 = ADVANCED_FACE('',(#4170),#3899,.T.);
#4170 = FACE_BOUND('',#4171,.T.);
#4171 = EDGE_LOOP('',(#4172,#4192,#4193));
#4172 = ORIENTED_EDGE('',*,*,#4173,.T.);
#4173 = EDGE_CURVE('',#3756,#93,#4174,.T.);
#4174 = SURFACE_CURVE('',#4175,(#4179,#4186),.PCURVE_S1.);
#4175 = LINE('',#4176,#4177);
#4176 = CARTESIAN_POINT('',(-1.296092510223,0.782384991646,
    0.864000022411));
#4177 = VECTOR('',#4178,1.);
#4178 = DIRECTION('',(0.642788070923,0.766044056095,0.));
#4179 = PCURVE('',#3899,#4180);
#4180 = DEFINITIONAL_REPRESENTATION('',(#4181),#4185);
#4181 = LINE('',#4182,#4183);
#4182 = CARTESIAN_POINT('',(4.428537814033E-03,-3.764294397317E-03));
#4183 = VECTOR('',#4184,1.);
#4184 = DIRECTION('',(-0.642788070923,0.766044056095));
#4185 = ( GEOMETRIC_REPRESENTATION_CONTEXT(2) 
PARAMETRIC_REPRESENTATION_CONTEXT() REPRESENTATION_CONTEXT('2D SPACE',''
  ) );
#4186 = PCURVE('',#3685,#4187);
#4187 = DEFINITIONAL_REPRESENTATION('',(#4188),#4191);
#4188 = B_SPLINE_CURVE_WITH_KNOTS('',1,(#4189,#4190),.UNSPECIFIED.,.F.,
  .F.,(2,2),(0.,2.249440181339E-02),.PIECEWISE_BEZIER_KNOTS.);
#4189 = CARTESIAN_POINT('',(7.04076192928E-03,-8.774277586969E-03));
#4190 = CARTESIAN_POINT('',(-7.418371218913E-03,8.457425217597E-03));
#4191 = ( GEOMETRIC_REPRESENTATION_CONTEXT(2) 
PARAMETRIC_REPRESENTATION_CONTEXT() REPRESENTATION_CONTEXT('2D SPACE',''
  ) );
#4192 = ORIENTED_EDGE('',*,*,#4148,.F.);
#4193 = ORIENTED_EDGE('',*,*,#3885,.F.);
#4194 = ADVANCED_FACE('',(#4195),#3685,.T.);
#4195 = FACE_BOUND('',#4196,.T.);
#4196 = EDGE_LOOP('',(#4197,#4198,#4199));
#4197 = ORIENTED_EDGE('',*,*,#3671,.F.);
#4198 = ORIENTED_EDGE('',*,*,#4173,.F.);
#4199 = ORIENTED_EDGE('',*,*,#3783,.F.);
#4200 = ADVANCED_FACE('',(#4201),#167,.T.);
#4201 = FACE_BOUND('',#4202,.T.);
#4202 = EDGE_LOOP('',(#4203,#4223,#4224));
#4203 = ORIENTED_EDGE('',*,*,#4204,.T.);
#4204 = EDGE_CURVE('',#239,#93,#4205,.T.);
#4205 = SURFACE_CURVE('',#4206,(#4210,#4217),.PCURVE_S1.);
#4206 = LINE('',#4207,#4208);
#4207 = CARTESIAN_POINT('',(-1.262152671814,0.810863912106,
    0.864000022411));
#4208 = VECTOR('',#4209,1.);
#4209 = DIRECTION('',(-0.866024879639,-0.500000907846,0.));
#4210 = PCURVE('',#167,#4211);
#4211 = DEFINITIONAL_REPRESENTATION('',(#4212),#4216);
#4212 = LINE('',#4213,#4214);
#4213 = CARTESIAN_POINT('',(-5.410169000904E-03,-9.863582458079E-03));
#4214 = VECTOR('',#4215,1.);
#4215 = DIRECTION('',(0.500000907846,0.866024879639));
#4216 = ( GEOMETRIC_REPRESENTATION_CONTEXT(2) 
PARAMETRIC_REPRESENTATION_CONTEXT() REPRESENTATION_CONTEXT('2D SPACE',''
  ) );
#4217 = PCURVE('',#386,#4218);
#4218 = DEFINITIONAL_REPRESENTATION('',(#4219),#4222);
#4219 = B_SPLINE_CURVE_WITH_KNOTS('',1,(#4220,#4221),.UNSPECIFIED.,.F.,
  .F.,(2,2),(0.,2.249439446747E-02),.PIECEWISE_BEZIER_KNOTS.);
#4220 = CARTESIAN_POINT('',(-4.476064587934E-03,3.707584468798E-03));
#4221 = CARTESIAN_POINT('',(1.50046406733E-02,-7.539633186384E-03));
#4222 = ( GEOMETRIC_REPRESENTATION_CONTEXT(2) 
PARAMETRIC_REPRESENTATION_CONTEXT() REPRESENTATION_CONTEXT('2D SPACE',''
  ) );
#4223 = ORIENTED_EDGE('',*,*,#153,.F.);
#4224 = ORIENTED_EDGE('',*,*,#265,.F.);
#4225 = ADVANCED_FACE('',(#4226),#386,.T.);
#4226 = FACE_BOUND('',#4227,.T.);
#4227 = EDGE_LOOP('',(#4228,#4248,#4249));
#4228 = ORIENTED_EDGE('',*,*,#4229,.T.);
#4229 = EDGE_CURVE('',#346,#93,#4230,.T.);
#4230 = SURFACE_CURVE('',#4231,(#4235,#4242),.PCURVE_S1.);
#4231 = LINE('',#4232,#4233);
#4232 = CARTESIAN_POINT('',(-1.251247167587,0.813785970211,
    0.864000022411));
#4233 = VECTOR('',#4234,1.);
#4234 = DIRECTION('',(-0.906308317411,-0.422617124347,0.));
#4235 = PCURVE('',#386,#4236);
#4236 = DEFINITIONAL_REPRESENTATION('',(#4237),#4241);
#4237 = LINE('',#4238,#4239);
#4238 = CARTESIAN_POINT('',(-1.538156881462E-02,6.629642574266E-03));
#4239 = VECTOR('',#4240,1.);
#4240 = DIRECTION('',(0.906308317411,-0.422617124347));
#4241 = ( GEOMETRIC_REPRESENTATION_CONTEXT(2) 
PARAMETRIC_REPRESENTATION_CONTEXT() REPRESENTATION_CONTEXT('2D SPACE',''
  ) );
#4242 = PCURVE('',#498,#4243);
#4243 = DEFINITIONAL_REPRESENTATION('',(#4244),#4247);
#4244 = B_SPLINE_CURVE_WITH_KNOTS('',1,(#4245,#4246),.UNSPECIFIED.,.F.,
  .F.,(2,2),(0.,3.352745296954E-02),.PIECEWISE_BEZIER_KNOTS.);
#4245 = CARTESIAN_POINT('',(-9.76041140898E-03,5.880236249365E-03));
#4246 = CARTESIAN_POINT('',(2.062579807894E-02,-8.289039511285E-03));
#4247 = ( GEOMETRIC_REPRESENTATION_CONTEXT(2) 
PARAMETRIC_REPRESENTATION_CONTEXT() REPRESENTATION_CONTEXT('2D SPACE',''
  ) );
#4248 = ORIENTED_EDGE('',*,*,#4204,.F.);
#4249 = ORIENTED_EDGE('',*,*,#372,.F.);
#4250 = ADVANCED_FACE('',(#4251),#498,.T.);
#4251 = FACE_BOUND('',#4252,.T.);
#4252 = EDGE_LOOP('',(#4253,#4273,#4274));
#4253 = ORIENTED_EDGE('',*,*,#4254,.T.);
#4254 = EDGE_CURVE('',#458,#93,#4255,.T.);
#4255 = SURFACE_CURVE('',#4256,(#4260,#4267),.PCURVE_S1.);
#4256 = LINE('',#4257,#4258);
#4257 = CARTESIAN_POINT('',(-1.240000009537,0.814769983292,
    0.864000022411));
#4258 = VECTOR('',#4259,1.);
#4259 = DIRECTION('',(-0.939692749147,-0.342019790657,0.));
#4260 = PCURVE('',#498,#4261);
#4261 = DEFINITIONAL_REPRESENTATION('',(#4262),#4266);
#4262 = LINE('',#4263,#4264);
#4263 = CARTESIAN_POINT('',(-2.100756945952E-02,6.864249329962E-03));
#4264 = VECTOR('',#4265,1.);
#4265 = DIRECTION('',(0.939692749147,-0.342019790657));
#4266 = ( GEOMETRIC_REPRESENTATION_CONTEXT(2) 
PARAMETRIC_REPRESENTATION_CONTEXT() REPRESENTATION_CONTEXT('2D SPACE',''
  ) );
#4267 = PCURVE('',#610,#4268);
#4268 = DEFINITIONAL_REPRESENTATION('',(#4269),#4272);
#4269 = B_SPLINE_CURVE_WITH_KNOTS('',1,(#4270,#4271),.UNSPECIFIED.,.F.,
  .F.,(2,2),(0.,4.430529827569E-02),.PIECEWISE_BEZIER_KNOTS.);
#4270 = CARTESIAN_POINT('',(-7.095854089099E-03,-1.53211750737E-02));
#4271 = CARTESIAN_POINT('',(8.057434752148E-03,2.631219246475E-02));
#4272 = ( GEOMETRIC_REPRESENTATION_CONTEXT(2) 
PARAMETRIC_REPRESENTATION_CONTEXT() REPRESENTATION_CONTEXT('2D SPACE',''
  ) );
#4273 = ORIENTED_EDGE('',*,*,#4229,.F.);
#4274 = ORIENTED_EDGE('',*,*,#484,.F.);
#4275 = ADVANCED_FACE('',(#4276),#610,.T.);
#4276 = FACE_BOUND('',#4277,.T.);
#4277 = EDGE_LOOP('',(#4278,#4298,#4299));
#4278 = ORIENTED_EDGE('',*,*,#4279,.T.);
#4279 = EDGE_CURVE('',#570,#93,#4280,.T.);
#4280 = SURFACE_CURVE('',#4281,(#4285,#4292),.PCURVE_S1.);
#4281 = LINE('',#4282,#4283);
#4282 = CARTESIAN_POINT('',(-1.228752851486,0.813785970211,
    0.864000022411));
#4283 = VECTOR('',#4284,1.);
#4284 = DIRECTION('',(-0.965925910159,-0.258818732094,0.));
#4285 = PCURVE('',#610,#4286);
#4286 = DEFINITIONAL_REPRESENTATION('',(#4287),#4291);
#4287 = LINE('',#4288,#4289);
#4288 = CARTESIAN_POINT('',(-6.111841008502E-03,-2.656833312424E-02));
#4289 = VECTOR('',#4290,1.);
#4290 = DIRECTION('',(0.258818732094,0.965925910159));
#4291 = ( GEOMETRIC_REPRESENTATION_CONTEXT(2) 
PARAMETRIC_REPRESENTATION_CONTEXT() REPRESENTATION_CONTEXT('2D SPACE',''
  ) );
#4292 = PCURVE('',#722,#4293);
#4293 = DEFINITIONAL_REPRESENTATION('',(#4294),#4297);
#4294 = B_SPLINE_CURVE_WITH_KNOTS('',1,(#4295,#4296),.UNSPECIFIED.,.F.,
  .F.,(2,2),(0.,5.474594379631E-02),.PIECEWISE_BEZIER_KNOTS.);
#4295 = CARTESIAN_POINT('',(-7.32269451946E-03,-2.0987513776E-02));
#4296 = CARTESIAN_POINT('',(6.84658124119E-03,3.189301181299E-02));
#4297 = ( GEOMETRIC_REPRESENTATION_CONTEXT(2) 
PARAMETRIC_REPRESENTATION_CONTEXT() REPRESENTATION_CONTEXT('2D SPACE',''
  ) );
#4298 = ORIENTED_EDGE('',*,*,#4254,.F.);
#4299 = ORIENTED_EDGE('',*,*,#596,.F.);
#4300 = ADVANCED_FACE('',(#4301),#722,.T.);
#4301 = FACE_BOUND('',#4302,.T.);
#4302 = EDGE_LOOP('',(#4303,#4323,#4324));
#4303 = ORIENTED_EDGE('',*,*,#4304,.T.);
#4304 = EDGE_CURVE('',#682,#93,#4305,.T.);
#4305 = SURFACE_CURVE('',#4306,(#4310,#4317),.PCURVE_S1.);
#4306 = LINE('',#4307,#4308);
#4307 = CARTESIAN_POINT('',(-1.21784734726,0.810863912106,0.864000022411
    ));
#4308 = VECTOR('',#4309,1.);
#4309 = DIRECTION('',(-0.984807701246,-0.173648471247,0.));
#4310 = PCURVE('',#722,#4311);
#4311 = DEFINITIONAL_REPRESENTATION('',(#4312),#4316);
#4312 = LINE('',#4313,#4314);
#4313 = CARTESIAN_POINT('',(-4.400636413992E-03,-3.189301800268E-02));
#4314 = VECTOR('',#4315,1.);
#4315 = DIRECTION('',(0.173648471247,0.984807701246));
#4316 = ( GEOMETRIC_REPRESENTATION_CONTEXT(2) 
PARAMETRIC_REPRESENTATION_CONTEXT() REPRESENTATION_CONTEXT('2D SPACE',''
  ) );
#4317 = PCURVE('',#834,#4318);
#4318 = DEFINITIONAL_REPRESENTATION('',(#4319),#4322);
#4319 = B_SPLINE_CURVE_WITH_KNOTS('',1,(#4320,#4321),.UNSPECIFIED.,.F.,
  .F.,(2,2),(0.,6.477003554599E-02),.PIECEWISE_BEZIER_KNOTS.);
#4320 = CARTESIAN_POINT('',(-6.55939949977E-03,-2.65859581809E-02));
#4321 = CARTESIAN_POINT('',(4.687818155412E-03,3.720007163478E-02));
#4322 = ( GEOMETRIC_REPRESENTATION_CONTEXT(2) 
PARAMETRIC_REPRESENTATION_CONTEXT() REPRESENTATION_CONTEXT('2D SPACE',''
  ) );
#4323 = ORIENTED_EDGE('',*,*,#4279,.F.);
#4324 = ORIENTED_EDGE('',*,*,#708,.F.);
#4325 = ADVANCED_FACE('',(#4326),#834,.T.);
#4326 = FACE_BOUND('',#4327,.T.);
#4327 = EDGE_LOOP('',(#4328,#4348,#4349));
#4328 = ORIENTED_EDGE('',*,*,#4329,.T.);
#4329 = EDGE_CURVE('',#794,#93,#4330,.T.);
#4330 = SURFACE_CURVE('',#4331,(#4335,#4342),.PCURVE_S1.);
#4331 = LINE('',#4332,#4333);
#4332 = CARTESIAN_POINT('',(-1.207615017891,0.806092441082,
    0.864000022411));
#4333 = VECTOR('',#4334,1.);
#4334 = DIRECTION('',(-0.996194722269,-8.71554664041E-02,0.));
#4335 = PCURVE('',#834,#4336);
#4336 = DEFINITIONAL_REPRESENTATION('',(#4337),#4341);
#4337 = LINE('',#4338,#4339);
#4338 = CARTESIAN_POINT('',(-1.78792847621E-03,-3.681828754949E-02));
#4339 = VECTOR('',#4340,1.);
#4340 = DIRECTION('',(8.71554664041E-02,0.996194722269));
#4341 = ( GEOMETRIC_REPRESENTATION_CONTEXT(2) 
PARAMETRIC_REPRESENTATION_CONTEXT() REPRESENTATION_CONTEXT('2D SPACE',''
  ) );
#4342 = PCURVE('',#946,#4343);
#4343 = DEFINITIONAL_REPRESENTATION('',(#4344),#4347);
#4344 = B_SPLINE_CURVE_WITH_KNOTS('',1,(#4345,#4346),.UNSPECIFIED.,.F.,
  .F.,(2,2),(0.,7.430109548834E-02),.PIECEWISE_BEZIER_KNOTS.);
#4345 = CARTESIAN_POINT('',(-4.834523471319E-03,-3.194522927136E-02));
#4346 = CARTESIAN_POINT('',(1.641223160304E-03,4.20731299129E-02));
#4347 = ( GEOMETRIC_REPRESENTATION_CONTEXT(2) 
PARAMETRIC_REPRESENTATION_CONTEXT() REPRESENTATION_CONTEXT('2D SPACE',''
  ) );
#4348 = ORIENTED_EDGE('',*,*,#4304,.F.);
#4349 = ORIENTED_EDGE('',*,*,#820,.F.);
#4350 = ADVANCED_FACE('',(#4351),#946,.T.);
#4351 = FACE_BOUND('',#4352,.T.);
#4352 = EDGE_LOOP('',(#4353,#4373,#4374));
#4353 = ORIENTED_EDGE('',*,*,#4354,.T.);
#4354 = EDGE_CURVE('',#906,#93,#4355,.T.);
#4355 = SURFACE_CURVE('',#4356,(#4360,#4367),.PCURVE_S1.);
#4356 = LINE('',#4357,#4358);
#4357 = CARTESIAN_POINT('',(-1.198366641998,0.79961669445,0.864000022411
    ));
#4358 = VECTOR('',#4359,1.);
#4359 = DIRECTION('',(-1.,0.,0.));
#4360 = PCURVE('',#946,#4361);
#4361 = DEFINITIONAL_REPRESENTATION('',(#4362),#4366);
#4362 = LINE('',#4363,#4364);
#4363 = CARTESIAN_POINT('',(1.641223160304E-03,-4.1193605164E-02));
#4364 = VECTOR('',#4365,1.);
#4365 = DIRECTION('',(0.,1.));
#4366 = ( GEOMETRIC_REPRESENTATION_CONTEXT(2) 
PARAMETRIC_REPRESENTATION_CONTEXT() REPRESENTATION_CONTEXT('2D SPACE',''
  ) );
#4367 = PCURVE('',#1058,#4368);
#4368 = DEFINITIONAL_REPRESENTATION('',(#4369),#4372);
#4369 = B_SPLINE_CURVE_WITH_KNOTS('',1,(#4370,#4371),.UNSPECIFIED.,.F.,
  .F.,(2,2),(0.,8.32667350769E-02),.PIECEWISE_BEZIER_KNOTS.);
#4370 = CARTESIAN_POINT('',(-2.206205544327E-03,-3.690214320044E-02));
#4371 = CARTESIAN_POINT('',(-2.206205544327E-03,4.636459187646E-02));
#4372 = ( GEOMETRIC_REPRESENTATION_CONTEXT(2) 
PARAMETRIC_REPRESENTATION_CONTEXT() REPRESENTATION_CONTEXT('2D SPACE',''
  ) );
#4373 = ORIENTED_EDGE('',*,*,#4329,.F.);
#4374 = ORIENTED_EDGE('',*,*,#932,.F.);
#4375 = ADVANCED_FACE('',(#4376),#1058,.T.);
#4376 = FACE_BOUND('',#4377,.T.);
#4377 = EDGE_LOOP('',(#4378,#4398,#4399));
#4378 = ORIENTED_EDGE('',*,*,#4379,.T.);
#4379 = EDGE_CURVE('',#1018,#93,#4380,.T.);
#4380 = SURFACE_CURVE('',#4381,(#4385,#4392),.PCURVE_S1.);
#4381 = LINE('',#4382,#4383);
#4382 = CARTESIAN_POINT('',(-1.190383315086,0.791633367538,
    0.864000022411));
#4383 = VECTOR('',#4384,1.);
#4384 = DIRECTION('',(-0.996194716156,8.715553626675E-02,0.));
#4385 = PCURVE('',#1058,#4386);
#4386 = DEFINITIONAL_REPRESENTATION('',(#4387),#4391);
#4387 = LINE('',#4388,#4389);
#4388 = CARTESIAN_POINT('',(5.777121367599E-03,-4.488547011237E-02));
#4389 = VECTOR('',#4390,1.);
#4390 = DIRECTION('',(-8.715553626675E-02,0.996194716156));
#4391 = ( GEOMETRIC_REPRESENTATION_CONTEXT(2) 
PARAMETRIC_REPRESENTATION_CONTEXT() REPRESENTATION_CONTEXT('2D SPACE',''
  ) );
#4392 = PCURVE('',#1170,#4393);
#4393 = DEFINITIONAL_REPRESENTATION('',(#4394),#4397);
#4394 = B_SPLINE_CURVE_WITH_KNOTS('',1,(#4395,#4396),.UNSPECIFIED.,.F.,
  .F.,(2,2),(0.,9.159862074042E-02),.PIECEWISE_BEZIER_KNOTS.);
#4395 = CARTESIAN_POINT('',(1.240117195858E-03,-4.130596010194E-02));
#4396 = CARTESIAN_POINT('',(-6.743209716068E-03,4.994410188689E-02));
#4397 = ( GEOMETRIC_REPRESENTATION_CONTEXT(2) 
PARAMETRIC_REPRESENTATION_CONTEXT() REPRESENTATION_CONTEXT('2D SPACE',''
  ) );
#4398 = ORIENTED_EDGE('',*,*,#4354,.F.);
#4399 = ORIENTED_EDGE('',*,*,#1044,.F.);
#4400 = ADVANCED_FACE('',(#4401),#1170,.T.);
#4401 = FACE_BOUND('',#4402,.T.);
#4402 = EDGE_LOOP('',(#4403,#4423,#4424));
#4403 = ORIENTED_EDGE('',*,*,#4404,.T.);
#4404 = EDGE_CURVE('',#1130,#93,#4405,.T.);
#4405 = SURFACE_CURVE('',#4406,(#4410,#4417),.PCURVE_S1.);
#4406 = LINE('',#4407,#4408);
#4407 = CARTESIAN_POINT('',(-1.18390750885,0.782384991646,0.864000022411
    ));
#4408 = VECTOR('',#4409,1.);
#4409 = DIRECTION('',(-0.984807760727,0.173648133915,0.));
#4410 = PCURVE('',#1170,#4411);
#4411 = DEFINITIONAL_REPRESENTATION('',(#4412),#4416);
#4412 = LINE('',#4413,#4414);
#4413 = CARTESIAN_POINT('',(1.04884930885E-02,-4.778176633821E-02));
#4414 = VECTOR('',#4415,1.);
#4415 = DIRECTION('',(-0.173648133915,0.984807760727));
#4416 = ( GEOMETRIC_REPRESENTATION_CONTEXT(2) 
PARAMETRIC_REPRESENTATION_CONTEXT() REPRESENTATION_CONTEXT('2D SPACE',''
  ) );
#4417 = PCURVE('',#1282,#4418);
#4418 = DEFINITIONAL_REPRESENTATION('',(#4419),#4422);
#4419 = B_SPLINE_CURVE_WITH_KNOTS('',1,(#4420,#4421),.UNSPECIFIED.,.F.,
  .F.,(2,2),(0.,9.923344648804E-02),.PIECEWISE_BEZIER_KNOTS.);
#4420 = CARTESIAN_POINT('',(-4.502353910235E-02,-5.39420070589E-03));
#4421 = CARTESIAN_POINT('',(5.270232912275E-02,1.183750209867E-02));
#4422 = ( GEOMETRIC_REPRESENTATION_CONTEXT(2) 
PARAMETRIC_REPRESENTATION_CONTEXT() REPRESENTATION_CONTEXT('2D SPACE',''
  ) );
#4423 = ORIENTED_EDGE('',*,*,#4379,.F.);
#4424 = ORIENTED_EDGE('',*,*,#1156,.F.);
#4425 = ADVANCED_FACE('',(#4426),#1282,.T.);
#4426 = FACE_BOUND('',#4427,.T.);
#4427 = EDGE_LOOP('',(#4428,#4448,#4449));
#4428 = ORIENTED_EDGE('',*,*,#4429,.T.);
#4429 = EDGE_CURVE('',#1242,#93,#4430,.T.);
#4430 = SURFACE_CURVE('',#4431,(#4435,#4442),.PCURVE_S1.);
#4431 = LINE('',#4432,#4433);
#4432 = CARTESIAN_POINT('',(-1.179136157036,0.772152662277,
    0.864000022411));
#4433 = VECTOR('',#4434,1.);
#4434 = DIRECTION('',(-0.965925862012,0.258818911781,0.));
#4435 = PCURVE('',#1282,#4436);
#4436 = DEFINITIONAL_REPRESENTATION('',(#4437),#4441);
#4437 = LINE('',#4438,#4439);
#4438 = CARTESIAN_POINT('',(-4.979489091662E-02,-1.562653007448E-02));
#4439 = VECTOR('',#4440,1.);
#4440 = DIRECTION('',(0.965925862012,0.258818911781));
#4441 = ( GEOMETRIC_REPRESENTATION_CONTEXT(2) 
PARAMETRIC_REPRESENTATION_CONTEXT() REPRESENTATION_CONTEXT('2D SPACE',''
  ) );
#4442 = PCURVE('',#1394,#4443);
#4443 = DEFINITIONAL_REPRESENTATION('',(#4444),#4447);
#4444 = B_SPLINE_CURVE_WITH_KNOTS('',1,(#4445,#4446),.UNSPECIFIED.,.F.,
  .F.,(2,2),(0.,0.106112926541),.PIECEWISE_BEZIER_KNOTS.);
#4445 = CARTESIAN_POINT('',(1.012419630085E-02,-4.794263049322E-02));
#4446 = CARTESIAN_POINT('',(-1.733983587231E-02,5.455458954615E-02));
#4447 = ( GEOMETRIC_REPRESENTATION_CONTEXT(2) 
PARAMETRIC_REPRESENTATION_CONTEXT() REPRESENTATION_CONTEXT('2D SPACE',''
  ) );
#4448 = ORIENTED_EDGE('',*,*,#4404,.F.);
#4449 = ORIENTED_EDGE('',*,*,#1268,.F.);
#4450 = ADVANCED_FACE('',(#4451),#1394,.T.);
#4451 = FACE_BOUND('',#4452,.T.);
#4452 = EDGE_LOOP('',(#4453,#4473,#4474));
#4453 = ORIENTED_EDGE('',*,*,#4454,.T.);
#4454 = EDGE_CURVE('',#1354,#93,#4455,.T.);
#4455 = SURFACE_CURVE('',#4456,(#4460,#4467),.PCURVE_S1.);
#4456 = LINE('',#4457,#4458);
#4457 = CARTESIAN_POINT('',(-1.176213979721,0.761247217655,
    0.864000022411));
#4458 = VECTOR('',#4459,1.);
#4459 = DIRECTION('',(-0.939692752443,0.3420197816,0.));
#4460 = PCURVE('',#1394,#4461);
#4461 = DEFINITIONAL_REPRESENTATION('',(#4462),#4466);
#4462 = LINE('',#4463,#4464);
#4463 = CARTESIAN_POINT('',(2.102964092288E-02,-5.086480780798E-02));
#4464 = VECTOR('',#4465,1.);
#4465 = DIRECTION('',(-0.3420197816,0.939692752443));
#4466 = ( GEOMETRIC_REPRESENTATION_CONTEXT(2) 
PARAMETRIC_REPRESENTATION_CONTEXT() REPRESENTATION_CONTEXT('2D SPACE',''
  ) );
#4467 = PCURVE('',#1506,#4468);
#4468 = DEFINITIONAL_REPRESENTATION('',(#4469),#4472);
#4469 = B_SPLINE_CURVE_WITH_KNOTS('',1,(#4470,#4471),.UNSPECIFIED.,.F.,
  .F.,(2,2),(0.,0.112184963734),.PIECEWISE_BEZIER_KNOTS.);
#4470 = CARTESIAN_POINT('',(-4.997630171854E-02,-1.528102453778E-02));
#4471 = CARTESIAN_POINT('',(5.544309563558E-02,2.308845225741E-02));
#4472 = ( GEOMETRIC_REPRESENTATION_CONTEXT(2) 
PARAMETRIC_REPRESENTATION_CONTEXT() REPRESENTATION_CONTEXT('2D SPACE',''
  ) );
#4473 = ORIENTED_EDGE('',*,*,#4429,.F.);
#4474 = ORIENTED_EDGE('',*,*,#1380,.F.);
#4475 = ADVANCED_FACE('',(#4476),#1506,.T.);
#4476 = FACE_BOUND('',#4477,.T.);
#4477 = EDGE_LOOP('',(#4478,#4498,#4499));
#4478 = ORIENTED_EDGE('',*,*,#4479,.T.);
#4479 = EDGE_CURVE('',#1466,#93,#4480,.T.);
#4480 = SURFACE_CURVE('',#4481,(#4485,#4492),.PCURVE_S1.);
#4481 = LINE('',#4482,#4483);
#4482 = CARTESIAN_POINT('',(-1.175230026245,0.75,0.864000022411));
#4483 = VECTOR('',#4484,1.);
#4484 = DIRECTION('',(-0.906307796482,0.422618241486,0.));
#4485 = PCURVE('',#1506,#4486);
#4486 = DEFINITIONAL_REPRESENTATION('',(#4487),#4491);
#4487 = LINE('',#4488,#4489);
#4488 = CARTESIAN_POINT('',(-5.096025519449E-02,-2.652824219297E-02));
#4489 = VECTOR('',#4490,1.);
#4490 = DIRECTION('',(0.906307796482,0.422618241486));
#4491 = ( GEOMETRIC_REPRESENTATION_CONTEXT(2) 
PARAMETRIC_REPRESENTATION_CONTEXT() REPRESENTATION_CONTEXT('2D SPACE',''
  ) );
#4492 = PCURVE('',#3578,#4493);
#4493 = DEFINITIONAL_REPRESENTATION('',(#4494),#4497);
#4494 = B_SPLINE_CURVE_WITH_KNOTS('',1,(#4495,#4496),.UNSPECIFIED.,.F.,
  .F.,(2,2),(0.,0.117403106586),.PIECEWISE_BEZIER_KNOTS.);
#4495 = CARTESIAN_POINT('',(-5.106441752808E-02,-2.070273557571E-02));
#4496 = CARTESIAN_POINT('',(5.5338933302E-02,2.891395887467E-02));
#4497 = ( GEOMETRIC_REPRESENTATION_CONTEXT(2) 
PARAMETRIC_REPRESENTATION_CONTEXT() REPRESENTATION_CONTEXT('2D SPACE',''
  ) );
#4498 = ORIENTED_EDGE('',*,*,#4454,.F.);
#4499 = ORIENTED_EDGE('',*,*,#1492,.F.);
#4500 = ADVANCED_FACE('',(#4501),#3578,.T.);
#4501 = FACE_BOUND('',#4502,.T.);
#4502 = EDGE_LOOP('',(#4503,#4523,#4524));
#4503 = ORIENTED_EDGE('',*,*,#4504,.T.);
#4504 = EDGE_CURVE('',#3458,#93,#4505,.T.);
#4505 = SURFACE_CURVE('',#4506,(#4510,#4517),.PCURVE_S1.);
#4506 = LINE('',#4507,#4508);
#4507 = CARTESIAN_POINT('',(-1.176213979721,0.738752782345,
    0.864000022411));
#4508 = VECTOR('',#4509,1.);
#4509 = DIRECTION('',(-0.866025422761,0.499999967132,0.));
#4510 = PCURVE('',#3578,#4511);
#4511 = DEFINITIONAL_REPRESENTATION('',(#4512),#4516);
#4512 = LINE('',#4513,#4514);
#4513 = CARTESIAN_POINT('',(-5.008046405213E-02,-3.194995323089E-02));
#4514 = VECTOR('',#4515,1.);
#4515 = DIRECTION('',(0.866025422761,0.499999967132));
#4516 = ( GEOMETRIC_REPRESENTATION_CONTEXT(2) 
PARAMETRIC_REPRESENTATION_CONTEXT() REPRESENTATION_CONTEXT('2D SPACE',''
  ) );
#4517 = PCURVE('',#3499,#4518);
#4518 = DEFINITIONAL_REPRESENTATION('',(#4519),#4522);
#4519 = B_SPLINE_CURVE_WITH_KNOTS('',1,(#4520,#4521),.UNSPECIFIED.,.F.,
  .F.,(2,2),(0.,0.121727832213),.PIECEWISE_BEZIER_KNOTS.);
#4520 = CARTESIAN_POINT('',(2.621949583331E-02,-5.11765037631E-02));
#4521 = CARTESIAN_POINT('',(-3.464441627226E-02,5.424289359103E-02));
#4522 = ( GEOMETRIC_REPRESENTATION_CONTEXT(2) 
PARAMETRIC_REPRESENTATION_CONTEXT() REPRESENTATION_CONTEXT('2D SPACE',''
  ) );
#4523 = ORIENTED_EDGE('',*,*,#4479,.F.);
#4524 = ORIENTED_EDGE('',*,*,#3564,.F.);
#4525 = ADVANCED_FACE('',(#4526),#3499,.T.);
#4526 = FACE_BOUND('',#4527,.T.);
#4527 = EDGE_LOOP('',(#4528,#4548,#4549));
#4528 = ORIENTED_EDGE('',*,*,#4529,.T.);
#4529 = EDGE_CURVE('',#3346,#93,#4530,.T.);
#4530 = SURFACE_CURVE('',#4531,(#4535,#4542),.PCURVE_S1.);
#4531 = LINE('',#4532,#4533);
#4532 = CARTESIAN_POINT('',(-1.179136157036,0.727847337723,
    0.864000022411));
#4533 = VECTOR('',#4534,1.);
#4534 = DIRECTION('',(-0.819151929347,0.573576600505,0.));
#4535 = PCURVE('',#3499,#4536);
#4536 = DEFINITIONAL_REPRESENTATION('',(#4537),#4541);
#4537 = LINE('',#4538,#4539);
#4538 = CARTESIAN_POINT('',(3.712494045534E-02,-4.825432644834E-02));
#4539 = VECTOR('',#4540,1.);
#4540 = DIRECTION('',(-0.573576600505,0.819151929347));
#4541 = ( GEOMETRIC_REPRESENTATION_CONTEXT(2) 
PARAMETRIC_REPRESENTATION_CONTEXT() REPRESENTATION_CONTEXT('2D SPACE',''
  ) );
#4542 = PCURVE('',#3387,#4543);
#4543 = DEFINITIONAL_REPRESENTATION('',(#4544),#4547);
#4544 = B_SPLINE_CURVE_WITH_KNOTS('',1,(#4545,#4546),.UNSPECIFIED.,.F.,
  .F.,(2,2),(0.,0.1251260192),.PIECEWISE_BEZIER_KNOTS.);
#4545 = CARTESIAN_POINT('',(3.165879496785E-02,-5.031174252336E-02));
#4546 = CARTESIAN_POINT('',(-4.011056175975E-02,5.2185477516E-02));
#4547 = ( GEOMETRIC_REPRESENTATION_CONTEXT(2) 
PARAMETRIC_REPRESENTATION_CONTEXT() REPRESENTATION_CONTEXT('2D SPACE',''
  ) );
#4548 = ORIENTED_EDGE('',*,*,#4504,.F.);
#4549 = ORIENTED_EDGE('',*,*,#3485,.F.);
#4550 = ADVANCED_FACE('',(#4551),#3387,.T.);
#4551 = FACE_BOUND('',#4552,.T.);
#4552 = EDGE_LOOP('',(#4553,#4573,#4574));
#4553 = ORIENTED_EDGE('',*,*,#4554,.T.);
#4554 = EDGE_CURVE('',#3234,#93,#4555,.T.);
#4555 = SURFACE_CURVE('',#4556,(#4560,#4567),.PCURVE_S1.);
#4556 = LINE('',#4557,#4558);
#4557 = CARTESIAN_POINT('',(-1.18390750885,0.717615008354,0.864000022411
    ));
#4558 = VECTOR('',#4559,1.);
#4559 = DIRECTION('',(-0.766044651116,0.642787361805,0.));
#4560 = PCURVE('',#3387,#4561);
#4561 = DEFINITIONAL_REPRESENTATION('',(#4562),#4566);
#4562 = LINE('',#4563,#4564);
#4563 = CARTESIAN_POINT('',(4.189112433644E-02,-4.554039070909E-02));
#4564 = VECTOR('',#4565,1.);
#4565 = DIRECTION('',(-0.642787361805,0.766044651116));
#4566 = ( GEOMETRIC_REPRESENTATION_CONTEXT(2) 
PARAMETRIC_REPRESENTATION_CONTEXT() REPRESENTATION_CONTEXT('2D SPACE',''
  ) );
#4567 = PCURVE('',#3275,#4568);
#4568 = DEFINITIONAL_REPRESENTATION('',(#4569),#4572);
#4569 = B_SPLINE_CURVE_WITH_KNOTS('',1,(#4570,#4571),.UNSPECIFIED.,.F.,
  .F.,(2,2),(0.,0.127572026099),.PIECEWISE_BEZIER_KNOTS.);
#4570 = CARTESIAN_POINT('',(-4.849984999865E-02,-3.685073150503E-02));
#4571 = CARTESIAN_POINT('',(4.922601822645E-02,4.515095459116E-02));
#4572 = ( GEOMETRIC_REPRESENTATION_CONTEXT(2) 
PARAMETRIC_REPRESENTATION_CONTEXT() REPRESENTATION_CONTEXT('2D SPACE',''
  ) );
#4573 = ORIENTED_EDGE('',*,*,#4529,.F.);
#4574 = ORIENTED_EDGE('',*,*,#3373,.F.);
#4575 = ADVANCED_FACE('',(#4576),#3275,.T.);
#4576 = FACE_BOUND('',#4577,.T.);
#4577 = EDGE_LOOP('',(#4578,#4598,#4599));
#4578 = ORIENTED_EDGE('',*,*,#4579,.T.);
#4579 = EDGE_CURVE('',#3122,#93,#4580,.T.);
#4580 = SURFACE_CURVE('',#4581,(#4585,#4592),.PCURVE_S1.);
#4581 = LINE('',#4582,#4583);
#4582 = CARTESIAN_POINT('',(-1.190383315086,0.708366632462,
    0.864000022411));
#4583 = VECTOR('',#4584,1.);
#4584 = DIRECTION('',(-0.707106781187,0.707106781187,0.));
#4585 = PCURVE('',#3275,#4586);
#4586 = DEFINITIONAL_REPRESENTATION('',(#4587),#4591);
#4587 = LINE('',#4588,#4589);
#4588 = CARTESIAN_POINT('',(-4.202404376238E-02,-4.609910739767E-02));
#4589 = VECTOR('',#4590,1.);
#4590 = DIRECTION('',(0.707106781187,0.707106781187));
#4591 = ( GEOMETRIC_REPRESENTATION_CONTEXT(2) 
PARAMETRIC_REPRESENTATION_CONTEXT() REPRESENTATION_CONTEXT('2D SPACE',''
  ) );
#4592 = PCURVE('',#3163,#4593);
#4593 = DEFINITIONAL_REPRESENTATION('',(#4594),#4597);
#4594 = B_SPLINE_CURVE_WITH_KNOTS('',1,(#4595,#4596),.UNSPECIFIED.,.F.,
  .F.,(2,2),(0.,0.129047075232),.PIECEWISE_BEZIER_KNOTS.);
#4595 = CARTESIAN_POINT('',(-4.579931037021E-02,-4.163336753845E-02));
#4596 = CARTESIAN_POINT('',(4.545075161862E-02,4.961669445038E-02));
#4597 = ( GEOMETRIC_REPRESENTATION_CONTEXT(2) 
PARAMETRIC_REPRESENTATION_CONTEXT() REPRESENTATION_CONTEXT('2D SPACE',''
  ) );
#4598 = ORIENTED_EDGE('',*,*,#4554,.F.);
#4599 = ORIENTED_EDGE('',*,*,#3261,.F.);
#4600 = ADVANCED_FACE('',(#4601),#3163,.T.);
#4601 = FACE_BOUND('',#4602,.T.);
#4602 = EDGE_LOOP('',(#4603,#4623,#4624));
#4603 = ORIENTED_EDGE('',*,*,#4604,.T.);
#4604 = EDGE_CURVE('',#3010,#93,#4605,.T.);
#4605 = SURFACE_CURVE('',#4606,(#4610,#4617),.PCURVE_S1.);
#4606 = LINE('',#4607,#4608);
#4607 = CARTESIAN_POINT('',(-1.198366641998,0.70038330555,0.864000022411
    ));
#4608 = VECTOR('',#4609,1.);
#4609 = DIRECTION('',(-0.642787768464,0.766044309889,0.));
#4610 = PCURVE('',#3163,#4611);
#4611 = DEFINITIONAL_REPRESENTATION('',(#4612),#4616);
#4612 = LINE('',#4613,#4614);
#4613 = CARTESIAN_POINT('',(-3.781598345829E-02,-4.961669445038E-02));
#4614 = VECTOR('',#4615,1.);
#4615 = DIRECTION('',(0.642787768464,0.766044309889));
#4616 = ( GEOMETRIC_REPRESENTATION_CONTEXT(2) 
PARAMETRIC_REPRESENTATION_CONTEXT() REPRESENTATION_CONTEXT('2D SPACE',''
  ) );
#4617 = PCURVE('',#3051,#4618);
#4618 = DEFINITIONAL_REPRESENTATION('',(#4619),#4622);
#4619 = B_SPLINE_CURVE_WITH_KNOTS('',1,(#4620,#4621),.UNSPECIFIED.,.F.,
  .F.,(2,2),(0.,0.129540011746),.PIECEWISE_BEZIER_KNOTS.);
#4620 = CARTESIAN_POINT('',(-4.229625473593E-02,-4.585730116875E-02));
#4621 = CARTESIAN_POINT('',(4.097048034097E-02,5.337608773201E-02));
#4622 = ( GEOMETRIC_REPRESENTATION_CONTEXT(2) 
PARAMETRIC_REPRESENTATION_CONTEXT() REPRESENTATION_CONTEXT('2D SPACE',''
  ) );
#4623 = ORIENTED_EDGE('',*,*,#4579,.F.);
#4624 = ORIENTED_EDGE('',*,*,#3149,.F.);
#4625 = ADVANCED_FACE('',(#4626),#3051,.T.);
#4626 = FACE_BOUND('',#4627,.T.);
#4627 = EDGE_LOOP('',(#4628,#4648,#4649));
#4628 = ORIENTED_EDGE('',*,*,#4629,.T.);
#4629 = EDGE_CURVE('',#2898,#93,#4630,.T.);
#4630 = SURFACE_CURVE('',#4631,(#4635,#4642),.PCURVE_S1.);
#4631 = LINE('',#4632,#4633);
#4632 = CARTESIAN_POINT('',(-1.207615017891,0.693907558918,
    0.864000022411));
#4633 = VECTOR('',#4634,1.);
#4634 = DIRECTION('',(-0.573576569604,0.819151950984,0.));
#4635 = PCURVE('',#3051,#4636);
#4636 = DEFINITIONAL_REPRESENTATION('',(#4637),#4641);
#4637 = LINE('',#4638,#4639);
#4638 = CARTESIAN_POINT('',(-3.30478788433E-02,-5.233304780037E-02));
#4639 = VECTOR('',#4640,1.);
#4640 = DIRECTION('',(0.573576569604,0.819151950984));
#4641 = ( GEOMETRIC_REPRESENTATION_CONTEXT(2) 
PARAMETRIC_REPRESENTATION_CONTEXT() REPRESENTATION_CONTEXT('2D SPACE',''
  ) );
#4642 = PCURVE('',#2939,#4643);
#4643 = DEFINITIONAL_REPRESENTATION('',(#4644),#4647);
#4644 = B_SPLINE_CURVE_WITH_KNOTS('',1,(#4645,#4646),.UNSPECIFIED.,.F.,
  .F.,(2,2),(0.,0.129047041157),.PIECEWISE_BEZIER_KNOTS.);
#4645 = CARTESIAN_POINT('',(-3.810135013864E-02,-4.939061657554E-02));
#4646 = CARTESIAN_POINT('',(3.591700904563E-02,5.631851895684E-02));
#4647 = ( GEOMETRIC_REPRESENTATION_CONTEXT(2) 
PARAMETRIC_REPRESENTATION_CONTEXT() REPRESENTATION_CONTEXT('2D SPACE',''
  ) );
#4648 = ORIENTED_EDGE('',*,*,#4604,.F.);
#4649 = ORIENTED_EDGE('',*,*,#3037,.F.);
#4650 = ADVANCED_FACE('',(#4651),#2939,.T.);
#4651 = FACE_BOUND('',#4652,.T.);
#4652 = EDGE_LOOP('',(#4653,#4673,#4674));
#4653 = ORIENTED_EDGE('',*,*,#4654,.T.);
#4654 = EDGE_CURVE('',#2786,#93,#4655,.T.);
#4655 = SURFACE_CURVE('',#4656,(#4660,#4667),.PCURVE_S1.);
#4656 = LINE('',#4657,#4658);
#4657 = CARTESIAN_POINT('',(-1.21784734726,0.689136087894,0.864000022411
    ));
#4658 = VECTOR('',#4659,1.);
#4659 = DIRECTION('',(-0.500000128635,0.866025329517,0.));
#4660 = PCURVE('',#2939,#4661);
#4661 = DEFINITIONAL_REPRESENTATION('',(#4662),#4666);
#4662 = LINE('',#4663,#4664);
#4663 = CARTESIAN_POINT('',(-2.786902077005E-02,-5.41620875991E-02));
#4664 = VECTOR('',#4665,1.);
#4665 = DIRECTION('',(0.500000128635,0.866025329517));
#4666 = ( GEOMETRIC_REPRESENTATION_CONTEXT(2) 
PARAMETRIC_REPRESENTATION_CONTEXT() REPRESENTATION_CONTEXT('2D SPACE',''
  ) );
#4667 = PCURVE('',#2827,#4668);
#4668 = DEFINITIONAL_REPRESENTATION('',(#4669),#4672);
#4669 = B_SPLINE_CURVE_WITH_KNOTS('',1,(#4670,#4671),.UNSPECIFIED.,.F.,
  .F.,(2,2),(0.,0.127572026811),.PIECEWISE_BEZIER_KNOTS.);
#4670 = CARTESIAN_POINT('',(-3.33467365228E-02,-5.212280928907E-02));
#4671 = CARTESIAN_POINT('',(3.043929329288E-02,5.835779726686E-02));
#4672 = ( GEOMETRIC_REPRESENTATION_CONTEXT(2) 
PARAMETRIC_REPRESENTATION_CONTEXT() REPRESENTATION_CONTEXT('2D SPACE',''
  ) );
#4673 = ORIENTED_EDGE('',*,*,#4629,.F.);
#4674 = ORIENTED_EDGE('',*,*,#2925,.F.);
#4675 = ADVANCED_FACE('',(#4676),#2827,.T.);
#4676 = FACE_BOUND('',#4677,.T.);
#4677 = EDGE_LOOP('',(#4678,#4698,#4699));
#4678 = ORIENTED_EDGE('',*,*,#4679,.T.);
#4679 = EDGE_CURVE('',#2674,#93,#4680,.T.);
#4680 = SURFACE_CURVE('',#4681,(#4685,#4692),.PCURVE_S1.);
#4681 = LINE('',#4682,#4683);
#4682 = CARTESIAN_POINT('',(-1.228752851486,0.686214029789,
    0.864000022411));
#4683 = VECTOR('',#4684,1.);
#4684 = DIRECTION('',(-0.422618226307,0.90630780356,0.));
#4685 = PCURVE('',#2827,#4686);
#4686 = DEFINITIONAL_REPRESENTATION('',(#4687),#4691);
#4687 = LINE('',#4688,#4689);
#4688 = CARTESIAN_POINT('',(-2.244123229611E-02,-5.504486739454E-02));
#4689 = VECTOR('',#4690,1.);
#4690 = DIRECTION('',(0.422618226307,0.90630780356));
#4691 = ( GEOMETRIC_REPRESENTATION_CONTEXT(2) 
PARAMETRIC_REPRESENTATION_CONTEXT() REPRESENTATION_CONTEXT('2D SPACE',''
  ) );
#4692 = PCURVE('',#2715,#4693);
#4693 = DEFINITIONAL_REPRESENTATION('',(#4694),#4697);
#4694 = B_SPLINE_CURVE_WITH_KNOTS('',1,(#4695,#4696),.UNSPECIFIED.,.F.,
  .F.,(2,2),(0.,0.125125993858),.PIECEWISE_BEZIER_KNOTS.);
#4695 = CARTESIAN_POINT('',(-2.818162820278E-02,-5.396793186761E-02));
#4696 = CARTESIAN_POINT('',(2.469889738621E-02,5.94347327938E-02));
#4697 = ( GEOMETRIC_REPRESENTATION_CONTEXT(2) 
PARAMETRIC_REPRESENTATION_CONTEXT() REPRESENTATION_CONTEXT('2D SPACE',''
  ) );
#4698 = ORIENTED_EDGE('',*,*,#4654,.F.);
#4699 = ORIENTED_EDGE('',*,*,#2813,.F.);
#4700 = ADVANCED_FACE('',(#4701),#2715,.T.);
#4701 = FACE_BOUND('',#4702,.T.);
#4702 = EDGE_LOOP('',(#4703,#4723,#4724));
#4703 = ORIENTED_EDGE('',*,*,#4704,.T.);
#4704 = EDGE_CURVE('',#2562,#93,#4705,.T.);
#4705 = SURFACE_CURVE('',#4706,(#4710,#4717),.PCURVE_S1.);
#4706 = LINE('',#4707,#4708);
#4707 = CARTESIAN_POINT('',(-1.240000009537,0.685230016708,
    0.864000022411));
#4708 = VECTOR('',#4709,1.);
#4709 = DIRECTION('',(-0.342020300331,0.939692563641,0.));
#4710 = PCURVE('',#2715,#4711);
#4711 = DEFINITIONAL_REPRESENTATION('',(#4712),#4716);
#4712 = LINE('',#4713,#4714);
#4713 = CARTESIAN_POINT('',(-1.693447015224E-02,-5.495194494821E-02));
#4714 = VECTOR('',#4715,1.);
#4715 = DIRECTION('',(0.342020300331,0.939692563641));
#4716 = ( GEOMETRIC_REPRESENTATION_CONTEXT(2) 
PARAMETRIC_REPRESENTATION_CONTEXT() REPRESENTATION_CONTEXT('2D SPACE',''
  ) );
#4717 = PCURVE('',#2603,#4718);
#4718 = DEFINITIONAL_REPRESENTATION('',(#4719),#4722);
#4719 = B_SPLINE_CURVE_WITH_KNOTS('',1,(#4720,#4721),.UNSPECIFIED.,.F.,
  .F.,(2,2),(0.,0.121727767323),.PIECEWISE_BEZIER_KNOTS.);
#4720 = CARTESIAN_POINT('',(-2.276817187831E-02,-5.486764776744E-02));
#4721 = CARTESIAN_POINT('',(1.886519566014E-02,5.951902997456E-02));
#4722 = ( GEOMETRIC_REPRESENTATION_CONTEXT(2) 
PARAMETRIC_REPRESENTATION_CONTEXT() REPRESENTATION_CONTEXT('2D SPACE',''
  ) );
#4723 = ORIENTED_EDGE('',*,*,#4679,.F.);
#4724 = ORIENTED_EDGE('',*,*,#2701,.F.);
#4725 = ADVANCED_FACE('',(#4726),#2603,.T.);
#4726 = FACE_BOUND('',#4727,.T.);
#4727 = EDGE_LOOP('',(#4728,#4748,#4749));
#4728 = ORIENTED_EDGE('',*,*,#4729,.T.);
#4729 = EDGE_CURVE('',#2450,#93,#4730,.T.);
#4730 = SURFACE_CURVE('',#4731,(#4735,#4742),.PCURVE_S1.);
#4731 = LINE('',#4732,#4733);
#4732 = CARTESIAN_POINT('',(-1.251247167587,0.686214029789,
    0.864000022411));
#4733 = VECTOR('',#4734,1.);
#4734 = DIRECTION('',(-0.258819498662,0.965925704758,0.));
#4735 = PCURVE('',#2603,#4736);
#4736 = DEFINITIONAL_REPRESENTATION('',(#4737),#4741);
#4737 = LINE('',#4738,#4739);
#4738 = CARTESIAN_POINT('',(-1.152101382777E-02,-5.388363468685E-02));
#4739 = VECTOR('',#4740,1.);
#4740 = DIRECTION('',(0.258819498662,0.965925704758));
#4741 = ( GEOMETRIC_REPRESENTATION_CONTEXT(2) 
PARAMETRIC_REPRESENTATION_CONTEXT() REPRESENTATION_CONTEXT('2D SPACE',''
  ) );
#4742 = PCURVE('',#2491,#4743);
#4743 = DEFINITIONAL_REPRESENTATION('',(#4744),#4747);
#4744 = B_SPLINE_CURVE_WITH_KNOTS('',1,(#4745,#4746),.UNSPECIFIED.,.F.,
  .F.,(2,2),(0.,0.11740309229),.PIECEWISE_BEZIER_KNOTS.);
#4745 = CARTESIAN_POINT('',(-1.72760918482E-02,-5.479261610355E-02));
#4746 = CARTESIAN_POINT('',(1.311011763972E-02,5.861004855786E-02));
#4747 = ( GEOMETRIC_REPRESENTATION_CONTEXT(2) 
PARAMETRIC_REPRESENTATION_CONTEXT() REPRESENTATION_CONTEXT('2D SPACE',''
  ) );
#4748 = ORIENTED_EDGE('',*,*,#4704,.F.);
#4749 = ORIENTED_EDGE('',*,*,#2589,.F.);
#4750 = ADVANCED_FACE('',(#4751),#2491,.T.);
#4751 = FACE_BOUND('',#4752,.T.);
#4752 = EDGE_LOOP('',(#4753,#4773,#4774));
#4753 = ORIENTED_EDGE('',*,*,#4754,.T.);
#4754 = EDGE_CURVE('',#2338,#93,#4755,.T.);
#4755 = SURFACE_CURVE('',#4756,(#4760,#4767),.PCURVE_S1.);
#4756 = LINE('',#4757,#4758);
#4757 = CARTESIAN_POINT('',(-1.262152671814,0.689136087894,
    0.864000022411));
#4758 = VECTOR('',#4759,1.);
#4759 = DIRECTION('',(-0.173648121304,0.98480776295,0.));
#4760 = PCURVE('',#2491,#4761);
#4761 = DEFINITIONAL_REPRESENTATION('',(#4762),#4766);
#4762 = LINE('',#4763,#4764);
#4763 = CARTESIAN_POINT('',(-6.370587621513E-03,-5.187055799808E-02));
#4764 = VECTOR('',#4765,1.);
#4765 = DIRECTION('',(0.173648121304,0.98480776295));
#4766 = ( GEOMETRIC_REPRESENTATION_CONTEXT(2) 
PARAMETRIC_REPRESENTATION_CONTEXT() REPRESENTATION_CONTEXT('2D SPACE',''
  ) );
#4767 = PCURVE('',#2379,#4768);
#4768 = DEFINITIONAL_REPRESENTATION('',(#4769),#4772);
#4769 = B_SPLINE_CURVE_WITH_KNOTS('',1,(#4770,#4771),.UNSPECIFIED.,.F.,
  .F.,(2,2),(0.,0.112184946862),.PIECEWISE_BEZIER_KNOTS.);
#4770 = CARTESIAN_POINT('',(-1.187758709608E-02,-5.374380257006E-02));
#4771 = CARTESIAN_POINT('',(7.603118165148E-03,5.673680398588E-02));
#4772 = ( GEOMETRIC_REPRESENTATION_CONTEXT(2) 
PARAMETRIC_REPRESENTATION_CONTEXT() REPRESENTATION_CONTEXT('2D SPACE',''
  ) );
#4773 = ORIENTED_EDGE('',*,*,#4729,.F.);
#4774 = ORIENTED_EDGE('',*,*,#2477,.F.);
#4775 = ADVANCED_FACE('',(#4776),#2379,.T.);
#4776 = FACE_BOUND('',#4777,.T.);
#4777 = EDGE_LOOP('',(#4778,#4798,#4799));
#4778 = ORIENTED_EDGE('',*,*,#4779,.T.);
#4779 = EDGE_CURVE('',#2226,#93,#4780,.T.);
#4780 = SURFACE_CURVE('',#4781,(#4785,#4792),.PCURVE_S1.);
#4781 = LINE('',#4782,#4783);
#4782 = CARTESIAN_POINT('',(-1.272385001183,0.693907558918,
    0.864000022411));
#4783 = VECTOR('',#4784,1.);
#4784 = DIRECTION('',(-8.715597564358E-02,0.996194677716,0.));
#4785 = PCURVE('',#2379,#4786);
#4786 = DEFINITIONAL_REPRESENTATION('',(#4787),#4791);
#4787 = LINE('',#4788,#4789);
#4788 = CARTESIAN_POINT('',(-1.645257727491E-03,-4.89723315465E-02));
#4789 = VECTOR('',#4790,1.);
#4790 = DIRECTION('',(8.715597564358E-02,0.996194677716));
#4791 = ( GEOMETRIC_REPRESENTATION_CONTEXT(2) 
PARAMETRIC_REPRESENTATION_CONTEXT() REPRESENTATION_CONTEXT('2D SPACE',''
  ) );
#4792 = PCURVE('',#2267,#4793);
#4793 = DEFINITIONAL_REPRESENTATION('',(#4794),#4797);
#4794 = B_SPLINE_CURVE_WITH_KNOTS('',1,(#4795,#4796),.UNSPECIFIED.,.F.,
  .F.,(2,2),(0.,0.106112929427),.PIECEWISE_BEZIER_KNOTS.);
#4795 = CARTESIAN_POINT('',(-6.742362322026E-03,-5.175191247421E-02));
#4796 = CARTESIAN_POINT('',(2.506013570613E-03,5.395722305817E-02));
#4797 = ( GEOMETRIC_REPRESENTATION_CONTEXT(2) 
PARAMETRIC_REPRESENTATION_CONTEXT() REPRESENTATION_CONTEXT('2D SPACE',''
  ) );
#4798 = ORIENTED_EDGE('',*,*,#4754,.F.);
#4799 = ORIENTED_EDGE('',*,*,#2365,.F.);
#4800 = ADVANCED_FACE('',(#4801),#2267,.T.);
#4801 = FACE_BOUND('',#4802,.T.);
#4802 = EDGE_LOOP('',(#4803,#4823,#4824));
#4803 = ORIENTED_EDGE('',*,*,#4804,.T.);
#4804 = EDGE_CURVE('',#1577,#93,#4805,.T.);
#4805 = SURFACE_CURVE('',#4806,(#4810,#4817),.PCURVE_S1.);
#4806 = LINE('',#4807,#4808);
#4807 = CARTESIAN_POINT('',(-1.281633377075,0.70038330555,0.864000022411
    ));
#4808 = VECTOR('',#4809,1.);
#4809 = DIRECTION('',(0.,1.,0.));
#4810 = PCURVE('',#2267,#4811);
#4811 = DEFINITIONAL_REPRESENTATION('',(#4812),#4816);
#4812 = LINE('',#4813,#4814);
#4813 = CARTESIAN_POINT('',(2.506013570613E-03,-4.527616584258E-02));
#4814 = VECTOR('',#4815,1.);
#4815 = DIRECTION('',(0.,1.));
#4816 = ( GEOMETRIC_REPRESENTATION_CONTEXT(2) 
PARAMETRIC_REPRESENTATION_CONTEXT() REPRESENTATION_CONTEXT('2D SPACE',''
  ) );
#4817 = PCURVE('',#1651,#4818);
#4818 = DEFINITIONAL_REPRESENTATION('',(#4819),#4822);
#4819 = B_SPLINE_CURVE_WITH_KNOTS('',1,(#4820,#4821),.UNSPECIFIED.,.F.,
  .F.,(2,2),(0.,9.923338890076E-02),.PIECEWISE_BEZIER_KNOTS.);
#4820 = CARTESIAN_POINT('',(-2.03192616853E-03,-4.887713356833E-02));
#4821 = CARTESIAN_POINT('',(-2.03192616853E-03,5.035625533242E-02));
#4822 = ( GEOMETRIC_REPRESENTATION_CONTEXT(2) 
PARAMETRIC_REPRESENTATION_CONTEXT() REPRESENTATION_CONTEXT('2D SPACE',''
  ) );
#4823 = ORIENTED_EDGE('',*,*,#4779,.F.);
#4824 = ORIENTED_EDGE('',*,*,#2253,.F.);
#4825 = ADVANCED_FACE('',(#4826),#1651,.T.);
#4826 = FACE_BOUND('',#4827,.T.);
#4827 = EDGE_LOOP('',(#4828,#4848,#4849));
#4828 = ORIENTED_EDGE('',*,*,#4829,.T.);
#4829 = EDGE_CURVE('',#1611,#93,#4830,.T.);
#4830 = SURFACE_CURVE('',#4831,(#4835,#4842),.PCURVE_S1.);
#4831 = LINE('',#4832,#4833);
#4832 = CARTESIAN_POINT('',(-1.289616703987,0.708366632462,
    0.864000022411));
#4833 = VECTOR('',#4834,1.);
#4834 = DIRECTION('',(8.715553626675E-02,0.996194716156,0.));
#4835 = PCURVE('',#1651,#4836);
#4836 = DEFINITIONAL_REPRESENTATION('',(#4837),#4841);
#4837 = LINE('',#4838,#4839);
#4838 = CARTESIAN_POINT('',(5.951400743396E-03,-4.089380665641E-02));
#4839 = VECTOR('',#4840,1.);
#4840 = DIRECTION('',(-8.715553626675E-02,0.996194716156));
#4841 = ( GEOMETRIC_REPRESENTATION_CONTEXT(2) 
PARAMETRIC_REPRESENTATION_CONTEXT() REPRESENTATION_CONTEXT('2D SPACE',''
  ) );
#4842 = PCURVE('',#1763,#4843);
#4843 = DEFINITIONAL_REPRESENTATION('',(#4844),#4847);
#4844 = B_SPLINE_CURVE_WITH_KNOTS('',1,(#4845,#4846),.UNSPECIFIED.,.F.,
  .F.,(2,2),(0.,9.159862074042E-02),.PIECEWISE_BEZIER_KNOTS.);
#4845 = CARTESIAN_POINT('',(2.104893004705E-03,-4.520674262661E-02));
#4846 = CARTESIAN_POINT('',(-5.878433907221E-03,4.604331936222E-02));
#4847 = ( GEOMETRIC_REPRESENTATION_CONTEXT(2) 
PARAMETRIC_REPRESENTATION_CONTEXT() REPRESENTATION_CONTEXT('2D SPACE',''
  ) );
#4848 = ORIENTED_EDGE('',*,*,#4804,.F.);
#4849 = ORIENTED_EDGE('',*,*,#1637,.F.);
#4850 = ADVANCED_FACE('',(#4851),#1763,.T.);
#4851 = FACE_BOUND('',#4852,.T.);
#4852 = EDGE_LOOP('',(#4853,#4873,#4874));
#4853 = ORIENTED_EDGE('',*,*,#4854,.T.);
#4854 = EDGE_CURVE('',#1723,#93,#4855,.T.);
#4855 = SURFACE_CURVE('',#4856,(#4860,#4867),.PCURVE_S1.);
#4856 = LINE('',#4857,#4858);
#4857 = CARTESIAN_POINT('',(-1.296092510223,0.717615008354,
    0.864000022411));
#4858 = VECTOR('',#4859,1.);
#4859 = DIRECTION('',(0.173648450519,0.984807704901,0.));
#4860 = PCURVE('',#1763,#4861);
#4861 = DEFINITIONAL_REPRESENTATION('',(#4862),#4866);
#4862 = LINE('',#4863,#4864);
#4863 = CARTESIAN_POINT('',(8.580699240972E-03,-3.595836673397E-02));
#4864 = VECTOR('',#4865,1.);
#4865 = DIRECTION('',(-0.173648450519,0.984807704901));
#4866 = ( GEOMETRIC_REPRESENTATION_CONTEXT(2) 
PARAMETRIC_REPRESENTATION_CONTEXT() REPRESENTATION_CONTEXT('2D SPACE',''
  ) );
#4867 = PCURVE('',#1875,#4868);
#4868 = DEFINITIONAL_REPRESENTATION('',(#4869),#4872);
#4869 = B_SPLINE_CURVE_WITH_KNOTS('',1,(#4870,#4871),.UNSPECIFIED.,.F.,
  .F.,(2,2),(0.,8.326669834943E-02),.PIECEWISE_BEZIER_KNOTS.);
#4870 = CARTESIAN_POINT('',(5.53692802203E-03,-4.085275996611E-02));
#4871 = CARTESIAN_POINT('',(-8.922205126163E-03,4.114892613009E-02));
#4872 = ( GEOMETRIC_REPRESENTATION_CONTEXT(2) 
PARAMETRIC_REPRESENTATION_CONTEXT() REPRESENTATION_CONTEXT('2D SPACE',''
  ) );
#4873 = ORIENTED_EDGE('',*,*,#4829,.F.);
#4874 = ORIENTED_EDGE('',*,*,#1749,.F.);
#4875 = ADVANCED_FACE('',(#4876),#1875,.T.);
#4876 = FACE_BOUND('',#4877,.T.);
#4877 = EDGE_LOOP('',(#4878,#4898,#4899));
#4878 = ORIENTED_EDGE('',*,*,#4879,.T.);
#4879 = EDGE_CURVE('',#1835,#93,#4880,.T.);
#4880 = SURFACE_CURVE('',#4881,(#4885,#4892),.PCURVE_S1.);
#4881 = LINE('',#4882,#4883);
#4882 = CARTESIAN_POINT('',(-1.300863862038,0.727847337723,
    0.864000022411));
#4883 = VECTOR('',#4884,1.);
#4884 = DIRECTION('',(0.258818339213,0.965926015431,0.));
#4885 = PCURVE('',#1875,#4886);
#4886 = DEFINITIONAL_REPRESENTATION('',(#4887),#4891);
#4887 = LINE('',#4888,#4889);
#4888 = CARTESIAN_POINT('',(1.03082798363E-02,-3.062043059752E-02));
#4889 = VECTOR('',#4890,1.);
#4890 = DIRECTION('',(-0.258818339213,0.965926015431));
#4891 = ( GEOMETRIC_REPRESENTATION_CONTEXT(2) 
PARAMETRIC_REPRESENTATION_CONTEXT() REPRESENTATION_CONTEXT('2D SPACE',''
  ) );
#4892 = PCURVE('',#1987,#4893);
#4893 = DEFINITIONAL_REPRESENTATION('',(#4894),#4897);
#4894 = B_SPLINE_CURVE_WITH_KNOTS('',1,(#4895,#4896),.UNSPECIFIED.,.F.,
  .F.,(2,2),(0.,7.430109095421E-02),.PIECEWISE_BEZIER_KNOTS.);
#4895 = CARTESIAN_POINT('',(8.154172444897E-03,-3.594846564133E-02));
#4896 = CARTESIAN_POINT('',(-1.107631251757E-02,3.582089108627E-02));
#4897 = ( GEOMETRIC_REPRESENTATION_CONTEXT(2) 
PARAMETRIC_REPRESENTATION_CONTEXT() REPRESENTATION_CONTEXT('2D SPACE',''
  ) );
#4898 = ORIENTED_EDGE('',*,*,#4854,.F.);
#4899 = ORIENTED_EDGE('',*,*,#1861,.F.);
#4900 = ADVANCED_FACE('',(#4901),#1987,.T.);
#4901 = FACE_BOUND('',#4902,.T.);
#4902 = EDGE_LOOP('',(#4903,#4923,#4924));
#4903 = ORIENTED_EDGE('',*,*,#4904,.T.);
#4904 = EDGE_CURVE('',#1947,#93,#4905,.T.);
#4905 = SURFACE_CURVE('',#4906,(#4910,#4917),.PCURVE_S1.);
#4906 = LINE('',#4907,#4908);
#4907 = CARTESIAN_POINT('',(-1.303786039352,0.738752782345,
    0.864000022411));
#4908 = VECTOR('',#4909,1.);
#4909 = DIRECTION('',(0.342020278701,0.939692571513,0.));
#4910 = PCURVE('',#1987,#4911);
#4911 = DEFINITIONAL_REPRESENTATION('',(#4912),#4916);
#4912 = LINE('',#4913,#4914);
#4913 = CARTESIAN_POINT('',(1.107634975966E-02,-2.504302101929E-02));
#4914 = VECTOR('',#4915,1.);
#4915 = DIRECTION('',(-0.342020278701,0.939692571513));
#4916 = ( GEOMETRIC_REPRESENTATION_CONTEXT(2) 
PARAMETRIC_REPRESENTATION_CONTEXT() REPRESENTATION_CONTEXT('2D SPACE',''
  ) );
#4917 = PCURVE('',#2155,#4918);
#4918 = DEFINITIONAL_REPRESENTATION('',(#4919),#4922);
#4919 = B_SPLINE_CURVE_WITH_KNOTS('',1,(#4920,#4921),.UNSPECIFIED.,.F.,
  .F.,(2,2),(0.,6.477002580486E-02),.PIECEWISE_BEZIER_KNOTS.);
#4920 = CARTESIAN_POINT('',(1.006726472008E-02,-3.063886170666E-02));
#4921 = CARTESIAN_POINT('',(-1.208539755714E-02,3.02250503989E-02));
#4922 = ( GEOMETRIC_REPRESENTATION_CONTEXT(2) 
PARAMETRIC_REPRESENTATION_CONTEXT() REPRESENTATION_CONTEXT('2D SPACE',''
  ) );
#4923 = ORIENTED_EDGE('',*,*,#4879,.F.);
#4924 = ORIENTED_EDGE('',*,*,#1973,.F.);
#4925 = ADVANCED_FACE('',(#4926),#2155,.T.);
#4926 = FACE_BOUND('',#4927,.T.);
#4927 = EDGE_LOOP('',(#4928,#4929,#4930));
#4928 = ORIENTED_EDGE('',*,*,#4124,.F.);
#4929 = ORIENTED_EDGE('',*,*,#4904,.F.);
#4930 = ORIENTED_EDGE('',*,*,#2141,.F.);
#4931 = ADVANCED_FACE('',(#4932),#2100,.T.);
#4932 = FACE_BOUND('',#4933,.T.);
#4933 = EDGE_LOOP('',(#4934,#4954,#4974));
#4934 = ORIENTED_EDGE('',*,*,#4935,.T.);
#4935 = EDGE_CURVE('',#2003,#3593,#4936,.T.);
#4936 = SURFACE_CURVE('',#4937,(#4941,#4948),.PCURVE_S1.);
#4937 = LINE('',#4938,#4939);
#4938 = CARTESIAN_POINT('',(-1.303786039352,0.738752782345,
    0.865999996662));
#4939 = VECTOR('',#4940,1.);
#4940 = DIRECTION('',(0.258819475723,0.965925710904,0.));
#4941 = PCURVE('',#2100,#4942);
#4942 = DEFINITIONAL_REPRESENTATION('',(#4943),#4947);
#4943 = LINE('',#4944,#4945);
#4944 = CARTESIAN_POINT('',(-6.306668616388E-03,-2.656329878579E-02));
#4945 = VECTOR('',#4946,1.);
#4946 = DIRECTION('',(0.258819475723,0.965925710904));
#4947 = ( GEOMETRIC_REPRESENTATION_CONTEXT(2) 
PARAMETRIC_REPRESENTATION_CONTEXT() REPRESENTATION_CONTEXT('2D SPACE',''
  ) );
#4948 = PCURVE('',#2018,#4949);
#4949 = DEFINITIONAL_REPRESENTATION('',(#4950),#4953);
#4950 = B_SPLINE_CURVE_WITH_KNOTS('',1,(#4951,#4952),.UNSPECIFIED.,.F.,
  .F.,(2,2),(0.,5.47460167968E-02),.PIECEWISE_BEZIER_KNOTS.);
#4951 = CARTESIAN_POINT('',(-7.322757375678E-03,-2.098756677931E-02));
#4952 = CARTESIAN_POINT('',(6.846577989617E-03,3.189301841432E-02));
#4953 = ( GEOMETRIC_REPRESENTATION_CONTEXT(2) 
PARAMETRIC_REPRESENTATION_CONTEXT() REPRESENTATION_CONTEXT('2D SPACE',''
  ) );
#4954 = ORIENTED_EDGE('',*,*,#4955,.T.);
#4955 = EDGE_CURVE('',#3593,#2085,#4956,.T.);
#4956 = SURFACE_CURVE('',#4957,(#4961,#4968),.PCURVE_S1.);
#4957 = LINE('',#4958,#4959);
#4958 = CARTESIAN_POINT('',(-1.289616703987,0.791633367538,
    0.865999996662));
#4959 = VECTOR('',#4960,1.);
#4960 = DIRECTION('',(-0.326538100623,-0.945184039667,0.));
#4961 = PCURVE('',#2100,#4962);
#4962 = DEFINITIONAL_REPRESENTATION('',(#4963),#4967);
#4963 = LINE('',#4964,#4965);
#4964 = CARTESIAN_POINT('',(7.862666748907E-03,2.631728640785E-02));
#4965 = VECTOR('',#4966,1.);
#4966 = DIRECTION('',(-0.326538100623,-0.945184039667));
#4967 = ( GEOMETRIC_REPRESENTATION_CONTEXT(2) 
PARAMETRIC_REPRESENTATION_CONTEXT() REPRESENTATION_CONTEXT('2D SPACE',''
  ) );
#4968 = PCURVE('',#4059,#4969);
#4969 = DEFINITIONAL_REPRESENTATION('',(#4970),#4973);
#4970 = B_SPLINE_CURVE_WITH_KNOTS('',1,(#4971,#4972),.UNSPECIFIED.,.F.,
  .F.,(2,2),(0.,4.404789521532E-02),.PIECEWISE_BEZIER_KNOTS.);
#4971 = CARTESIAN_POINT('',(8.048516732083E-03,2.061815340472E-02));
#4972 = CARTESIAN_POINT('',(-6.334799307956E-03,-2.101521413373E-02));
#4973 = ( GEOMETRIC_REPRESENTATION_CONTEXT(2) 
PARAMETRIC_REPRESENTATION_CONTEXT() REPRESENTATION_CONTEXT('2D SPACE',''
  ) );
#4974 = ORIENTED_EDGE('',*,*,#2084,.F.);
#4975 = ADVANCED_FACE('',(#4976),#2018,.T.);
#4976 = FACE_BOUND('',#4977,.T.);
#4977 = EDGE_LOOP('',(#4978,#4998,#4999));
#4978 = ORIENTED_EDGE('',*,*,#4979,.T.);
#4979 = EDGE_CURVE('',#1891,#3593,#4980,.T.);
#4980 = SURFACE_CURVE('',#4981,(#4985,#4992),.PCURVE_S1.);
#4981 = LINE('',#4982,#4983);
#4982 = CARTESIAN_POINT('',(-1.300863862038,0.727847337723,
    0.865999996662));
#4983 = VECTOR('',#4984,1.);
#4984 = DIRECTION('',(0.173647578746,0.984807858618,0.));
#4985 = PCURVE('',#2018,#4986);
#4986 = DEFINITIONAL_REPRESENTATION('',(#4987),#4991);
#4987 = LINE('',#4988,#4989);
#4988 = CARTESIAN_POINT('',(-4.40058006092E-03,-3.189301140135E-02));
#4989 = VECTOR('',#4990,1.);
#4990 = DIRECTION('',(0.173647578746,0.984807858618));
#4991 = ( GEOMETRIC_REPRESENTATION_CONTEXT(2) 
PARAMETRIC_REPRESENTATION_CONTEXT() REPRESENTATION_CONTEXT('2D SPACE',''
  ) );
#4992 = PCURVE('',#1906,#4993);
#4993 = DEFINITIONAL_REPRESENTATION('',(#4994),#4997);
#4994 = B_SPLINE_CURVE_WITH_KNOTS('',1,(#4995,#4996),.UNSPECIFIED.,.F.,
  .F.,(2,2),(0.,6.477002519576E-02),.PIECEWISE_BEZIER_KNOTS.);
#4995 = CARTESIAN_POINT('',(-6.559339518958E-03,-2.658596844428E-02));
#4996 = CARTESIAN_POINT('',(4.68781853158E-03,3.720006137139E-02));
#4997 = ( GEOMETRIC_REPRESENTATION_CONTEXT(2) 
PARAMETRIC_REPRESENTATION_CONTEXT() REPRESENTATION_CONTEXT('2D SPACE',''
  ) );
#4998 = ORIENTED_EDGE('',*,*,#4935,.F.);
#4999 = ORIENTED_EDGE('',*,*,#2002,.F.);
#5000 = ADVANCED_FACE('',(#5001),#1906,.T.);
#5001 = FACE_BOUND('',#5002,.T.);
#5002 = EDGE_LOOP('',(#5003,#5023,#5024));
#5003 = ORIENTED_EDGE('',*,*,#5004,.T.);
#5004 = EDGE_CURVE('',#1779,#3593,#5005,.T.);
#5005 = SURFACE_CURVE('',#5006,(#5010,#5017),.PCURVE_S1.);
#5006 = LINE('',#5007,#5008);
#5007 = CARTESIAN_POINT('',(-1.296092510223,0.717615008354,
    0.865999996662));
#5008 = VECTOR('',#5009,1.);
#5009 = DIRECTION('',(8.715626251453E-02,0.996194652618,0.));
#5010 = PCURVE('',#1906,#5011);
#5011 = DEFINITIONAL_REPRESENTATION('',(#5012),#5016);
#5012 = LINE('',#5013,#5014);
#5013 = CARTESIAN_POINT('',(-1.787987704688E-03,-3.681829781288E-02));
#5014 = VECTOR('',#5015,1.);
#5015 = DIRECTION('',(8.715626251453E-02,0.996194652618));
#5016 = ( GEOMETRIC_REPRESENTATION_CONTEXT(2) 
PARAMETRIC_REPRESENTATION_CONTEXT() REPRESENTATION_CONTEXT('2D SPACE',''
  ) );
#5017 = PCURVE('',#1794,#5018);
#5018 = DEFINITIONAL_REPRESENTATION('',(#5019),#5022);
#5019 = B_SPLINE_CURVE_WITH_KNOTS('',1,(#5020,#5021),.UNSPECIFIED.,.F.,
  .F.,(2,2),(0.,7.430110068324E-02),.PIECEWISE_BEZIER_KNOTS.);
#5020 = CARTESIAN_POINT('',(-4.834567597281E-03,-3.194522202314E-02));
#5021 = CARTESIAN_POINT('',(1.641238638986E-03,4.207313716113E-02));
#5022 = ( GEOMETRIC_REPRESENTATION_CONTEXT(2) 
PARAMETRIC_REPRESENTATION_CONTEXT() REPRESENTATION_CONTEXT('2D SPACE',''
  ) );
#5023 = ORIENTED_EDGE('',*,*,#4979,.F.);
#5024 = ORIENTED_EDGE('',*,*,#1890,.F.);
#5025 = ADVANCED_FACE('',(#5026),#1794,.T.);
#5026 = FACE_BOUND('',#5027,.T.);
#5027 = EDGE_LOOP('',(#5028,#5048,#5049));
#5028 = ORIENTED_EDGE('',*,*,#5029,.T.);
#5029 = EDGE_CURVE('',#1667,#3593,#5030,.T.);
#5030 = SURFACE_CURVE('',#5031,(#5035,#5042),.PCURVE_S1.);
#5031 = LINE('',#5032,#5033);
#5032 = CARTESIAN_POINT('',(-1.289616703987,0.708366632462,
    0.865999996662));
#5033 = VECTOR('',#5034,1.);
#5034 = DIRECTION('',(0.,1.,0.));
#5035 = PCURVE('',#1794,#5036);
#5036 = DEFINITIONAL_REPRESENTATION('',(#5037),#5041);
#5037 = LINE('',#5038,#5039);
#5038 = CARTESIAN_POINT('',(1.641238638986E-03,-4.119359791577E-02));
#5039 = VECTOR('',#5040,1.);
#5040 = DIRECTION('',(0.,1.));
#5041 = ( GEOMETRIC_REPRESENTATION_CONTEXT(2) 
PARAMETRIC_REPRESENTATION_CONTEXT() REPRESENTATION_CONTEXT('2D SPACE',''
  ) );
#5042 = PCURVE('',#1682,#5043);
#5043 = DEFINITIONAL_REPRESENTATION('',(#5044),#5047);
#5044 = B_SPLINE_CURVE_WITH_KNOTS('',1,(#5045,#5046),.UNSPECIFIED.,.F.,
  .F.,(2,2),(0.,8.32667350769E-02),.PIECEWISE_BEZIER_KNOTS.);
#5045 = CARTESIAN_POINT('',(-2.206205544327E-03,-3.690214320044E-02));
#5046 = CARTESIAN_POINT('',(-2.206205544327E-03,4.636459187646E-02));
#5047 = ( GEOMETRIC_REPRESENTATION_CONTEXT(2) 
PARAMETRIC_REPRESENTATION_CONTEXT() REPRESENTATION_CONTEXT('2D SPACE',''
  ) );
#5048 = ORIENTED_EDGE('',*,*,#5004,.F.);
#5049 = ORIENTED_EDGE('',*,*,#1778,.F.);
#5050 = ADVANCED_FACE('',(#5051),#1682,.T.);
#5051 = FACE_BOUND('',#5052,.T.);
#5052 = EDGE_LOOP('',(#5053,#5073,#5074));
#5053 = ORIENTED_EDGE('',*,*,#5054,.T.);
#5054 = EDGE_CURVE('',#1579,#3593,#5055,.T.);
#5055 = SURFACE_CURVE('',#5056,(#5060,#5067),.PCURVE_S1.);
#5056 = LINE('',#5057,#5058);
#5057 = CARTESIAN_POINT('',(-1.281633377075,0.70038330555,0.865999996662
    ));
#5058 = VECTOR('',#5059,1.);
#5059 = DIRECTION('',(-8.715553626675E-02,0.996194716156,0.));
#5060 = PCURVE('',#1682,#5061);
#5061 = DEFINITIONAL_REPRESENTATION('',(#5062),#5066);
#5062 = LINE('',#5063,#5064);
#5063 = CARTESIAN_POINT('',(5.777121367599E-03,-4.488547011237E-02));
#5064 = VECTOR('',#5065,1.);
#5065 = DIRECTION('',(-8.715553626675E-02,0.996194716156));
#5066 = ( GEOMETRIC_REPRESENTATION_CONTEXT(2) 
PARAMETRIC_REPRESENTATION_CONTEXT() REPRESENTATION_CONTEXT('2D SPACE',''
  ) );
#5067 = PCURVE('',#2210,#5068);
#5068 = DEFINITIONAL_REPRESENTATION('',(#5069),#5072);
#5069 = B_SPLINE_CURVE_WITH_KNOTS('',1,(#5070,#5071),.UNSPECIFIED.,.F.,
  .F.,(2,2),(0.,9.159862074042E-02),.PIECEWISE_BEZIER_KNOTS.);
#5070 = CARTESIAN_POINT('',(1.240118731613E-03,-4.130598361867E-02));
#5071 = CARTESIAN_POINT('',(-6.743208180314E-03,4.994407837016E-02));
#5072 = ( GEOMETRIC_REPRESENTATION_CONTEXT(2) 
PARAMETRIC_REPRESENTATION_CONTEXT() REPRESENTATION_CONTEXT('2D SPACE',''
  ) );
#5073 = ORIENTED_EDGE('',*,*,#5029,.F.);
#5074 = ORIENTED_EDGE('',*,*,#1666,.F.);
#5075 = ADVANCED_FACE('',(#5076),#2210,.T.);
#5076 = FACE_BOUND('',#5077,.T.);
#5077 = EDGE_LOOP('',(#5078,#5098,#5099));
#5078 = ORIENTED_EDGE('',*,*,#5079,.T.);
#5079 = EDGE_CURVE('',#2170,#3593,#5080,.T.);
#5080 = SURFACE_CURVE('',#5081,(#5085,#5092),.PCURVE_S1.);
#5081 = LINE('',#5082,#5083);
#5082 = CARTESIAN_POINT('',(-1.272385001183,0.693907558918,
    0.865999996662));
#5083 = VECTOR('',#5084,1.);
#5084 = DIRECTION('',(-0.173648236632,0.984807742615,0.));
#5085 = PCURVE('',#2210,#5086);
#5086 = DEFINITIONAL_REPRESENTATION('',(#5087),#5091);
#5087 = LINE('',#5088,#5089);
#5088 = CARTESIAN_POINT('',(1.048849462425E-02,-4.778173025029E-02));
#5089 = VECTOR('',#5090,1.);
#5090 = DIRECTION('',(-0.173648236632,0.984807742615));
#5091 = ( GEOMETRIC_REPRESENTATION_CONTEXT(2) 
PARAMETRIC_REPRESENTATION_CONTEXT() REPRESENTATION_CONTEXT('2D SPACE',''
  ) );
#5092 = PCURVE('',#2322,#5093);
#5093 = DEFINITIONAL_REPRESENTATION('',(#5094),#5097);
#5094 = B_SPLINE_CURVE_WITH_KNOTS('',1,(#5095,#5096),.UNSPECIFIED.,.F.,
  .F.,(2,2),(0.,9.923338778892E-02),.PIECEWISE_BEZIER_KNOTS.);
#5095 = CARTESIAN_POINT('',(5.394196885231E-03,-4.502346687205E-02));
#5096 = CARTESIAN_POINT('',(-1.183750591933E-02,5.27023417484E-02));
#5097 = ( GEOMETRIC_REPRESENTATION_CONTEXT(2) 
PARAMETRIC_REPRESENTATION_CONTEXT() REPRESENTATION_CONTEXT('2D SPACE',''
  ) );
#5098 = ORIENTED_EDGE('',*,*,#5054,.F.);
#5099 = ORIENTED_EDGE('',*,*,#2196,.F.);
#5100 = ADVANCED_FACE('',(#5101),#2322,.T.);
#5101 = FACE_BOUND('',#5102,.T.);
#5102 = EDGE_LOOP('',(#5103,#5123,#5124));
#5103 = ORIENTED_EDGE('',*,*,#5104,.T.);
#5104 = EDGE_CURVE('',#2282,#3593,#5105,.T.);
#5105 = SURFACE_CURVE('',#5106,(#5110,#5117),.PCURVE_S1.);
#5106 = LINE('',#5107,#5108);
#5107 = CARTESIAN_POINT('',(-1.262152671814,0.689136087894,
    0.865999996662));
#5108 = VECTOR('',#5109,1.);
#5109 = DIRECTION('',(-0.258818771354,0.96592589964,0.));
#5110 = PCURVE('',#2322,#5111);
#5111 = DEFINITIONAL_REPRESENTATION('',(#5112),#5116);
#5112 = LINE('',#5113,#5114);
#5113 = CARTESIAN_POINT('',(1.562652625382E-02,-4.979493789561E-02));
#5114 = VECTOR('',#5115,1.);
#5115 = DIRECTION('',(-0.258818771354,0.96592589964));
#5116 = ( GEOMETRIC_REPRESENTATION_CONTEXT(2) 
PARAMETRIC_REPRESENTATION_CONTEXT() REPRESENTATION_CONTEXT('2D SPACE',''
  ) );
#5117 = PCURVE('',#2434,#5118);
#5118 = DEFINITIONAL_REPRESENTATION('',(#5119),#5122);
#5119 = B_SPLINE_CURVE_WITH_KNOTS('',1,(#5120,#5121),.UNSPECIFIED.,.F.,
  .F.,(2,2),(0.,0.106112984114),.PIECEWISE_BEZIER_KNOTS.);
#5120 = CARTESIAN_POINT('',(1.012417965093E-02,-4.794268567911E-02));
#5121 = CARTESIAN_POINT('',(-1.733985252222E-02,5.45545939649E-02));
#5122 = ( GEOMETRIC_REPRESENTATION_CONTEXT(2) 
PARAMETRIC_REPRESENTATION_CONTEXT() REPRESENTATION_CONTEXT('2D SPACE',''
  ) );
#5123 = ORIENTED_EDGE('',*,*,#5079,.F.);
#5124 = ORIENTED_EDGE('',*,*,#2308,.F.);
#5125 = ADVANCED_FACE('',(#5126),#2434,.T.);
#5126 = FACE_BOUND('',#5127,.T.);
#5127 = EDGE_LOOP('',(#5128,#5148,#5149));
#5128 = ORIENTED_EDGE('',*,*,#5129,.T.);
#5129 = EDGE_CURVE('',#2394,#3593,#5130,.T.);
#5130 = SURFACE_CURVE('',#5131,(#5135,#5142),.PCURVE_S1.);
#5131 = LINE('',#5132,#5133);
#5132 = CARTESIAN_POINT('',(-1.251247167587,0.686214029789,
    0.865999996662));
#5133 = VECTOR('',#5134,1.);
#5134 = DIRECTION('',(-0.342020421515,0.939692519533,0.));
#5135 = PCURVE('',#2434,#5136);
#5136 = DEFINITIONAL_REPRESENTATION('',(#5137),#5141);
#5137 = LINE('',#5138,#5139);
#5138 = CARTESIAN_POINT('',(2.102968387762E-02,-5.086474378458E-02));
#5139 = VECTOR('',#5140,1.);
#5140 = DIRECTION('',(-0.342020421515,0.939692519533));
#5141 = ( GEOMETRIC_REPRESENTATION_CONTEXT(2) 
PARAMETRIC_REPRESENTATION_CONTEXT() REPRESENTATION_CONTEXT('2D SPACE',''
  ) );
#5142 = PCURVE('',#2546,#5143);
#5143 = DEFINITIONAL_REPRESENTATION('',(#5144),#5147);
#5144 = B_SPLINE_CURVE_WITH_KNOTS('',1,(#5145,#5146),.UNSPECIFIED.,.F.,
  .F.,(2,2),(0.,0.11218492811),.PIECEWISE_BEZIER_KNOTS.);
#5145 = CARTESIAN_POINT('',(1.52810729906E-02,-4.997626833875E-02));
#5146 = CARTESIAN_POINT('',(-2.308846340924E-02,5.544306941073E-02));
#5147 = ( GEOMETRIC_REPRESENTATION_CONTEXT(2) 
PARAMETRIC_REPRESENTATION_CONTEXT() REPRESENTATION_CONTEXT('2D SPACE',''
  ) );
#5148 = ORIENTED_EDGE('',*,*,#5104,.F.);
#5149 = ORIENTED_EDGE('',*,*,#2420,.F.);
#5150 = ADVANCED_FACE('',(#5151),#2546,.T.);
#5151 = FACE_BOUND('',#5152,.T.);
#5152 = EDGE_LOOP('',(#5153,#5173,#5174));
#5153 = ORIENTED_EDGE('',*,*,#5154,.T.);
#5154 = EDGE_CURVE('',#2506,#3593,#5155,.T.);
#5155 = SURFACE_CURVE('',#5156,(#5160,#5167),.PCURVE_S1.);
#5156 = LINE('',#5157,#5158);
#5157 = CARTESIAN_POINT('',(-1.240000009537,0.685230016708,
    0.865999996662));
#5158 = VECTOR('',#5159,1.);
#5159 = DIRECTION('',(-0.422618241486,0.906307796482,0.));
#5160 = PCURVE('',#2546,#5161);
#5161 = DEFINITIONAL_REPRESENTATION('',(#5162),#5166);
#5162 = LINE('',#5163,#5164);
#5163 = CARTESIAN_POINT('',(2.652823104114E-02,-5.096028141934E-02));
#5164 = VECTOR('',#5165,1.);
#5165 = DIRECTION('',(-0.422618241486,0.906307796482));
#5166 = ( GEOMETRIC_REPRESENTATION_CONTEXT(2) 
PARAMETRIC_REPRESENTATION_CONTEXT() REPRESENTATION_CONTEXT('2D SPACE',''
  ) );
#5167 = PCURVE('',#2658,#5168);
#5168 = DEFINITIONAL_REPRESENTATION('',(#5169),#5172);
#5169 = B_SPLINE_CURVE_WITH_KNOTS('',1,(#5170,#5171),.UNSPECIFIED.,.F.,
  .F.,(2,2),(0.,0.117403106586),.PIECEWISE_BEZIER_KNOTS.);
#5170 = CARTESIAN_POINT('',(2.070275759575E-02,-5.106444344578E-02));
#5171 = CARTESIAN_POINT('',(-2.891393685463E-02,5.53389073843E-02));
#5172 = ( GEOMETRIC_REPRESENTATION_CONTEXT(2) 
PARAMETRIC_REPRESENTATION_CONTEXT() REPRESENTATION_CONTEXT('2D SPACE',''
  ) );
#5173 = ORIENTED_EDGE('',*,*,#5129,.F.);
#5174 = ORIENTED_EDGE('',*,*,#2532,.F.);
#5175 = ADVANCED_FACE('',(#5176),#2658,.T.);
#5176 = FACE_BOUND('',#5177,.T.);
#5177 = EDGE_LOOP('',(#5178,#5198,#5199));
#5178 = ORIENTED_EDGE('',*,*,#5179,.T.);
#5179 = EDGE_CURVE('',#2618,#3593,#5180,.T.);
#5180 = SURFACE_CURVE('',#5181,(#5185,#5192),.PCURVE_S1.);
#5181 = LINE('',#5182,#5183);
#5182 = CARTESIAN_POINT('',(-1.228752851486,0.686214029789,
    0.865999996662));
#5183 = VECTOR('',#5184,1.);
#5184 = DIRECTION('',(-0.499999811917,0.866025512374,0.));
#5185 = PCURVE('',#2658,#5186);
#5186 = DEFINITIONAL_REPRESENTATION('',(#5187),#5191);
#5187 = LINE('',#5188,#5189);
#5188 = CARTESIAN_POINT('',(3.194991564629E-02,-5.008043036518E-02));
#5189 = VECTOR('',#5190,1.);
#5190 = DIRECTION('',(-0.499999811917,0.866025512374));
#5191 = ( GEOMETRIC_REPRESENTATION_CONTEXT(2) 
PARAMETRIC_REPRESENTATION_CONTEXT() REPRESENTATION_CONTEXT('2D SPACE',''
  ) );
#5192 = PCURVE('',#2770,#5193);
#5193 = DEFINITIONAL_REPRESENTATION('',(#5194),#5197);
#5194 = B_SPLINE_CURVE_WITH_KNOTS('',1,(#5195,#5196),.UNSPECIFIED.,.F.,
  .F.,(2,2),(0.,0.121727750792),.PIECEWISE_BEZIER_KNOTS.);
#5195 = CARTESIAN_POINT('',(2.621944674381E-02,-5.117643870293E-02));
#5196 = CARTESIAN_POINT('',(-3.464440575711E-02,5.424289904655E-02));
#5197 = ( GEOMETRIC_REPRESENTATION_CONTEXT(2) 
PARAMETRIC_REPRESENTATION_CONTEXT() REPRESENTATION_CONTEXT('2D SPACE',''
  ) );
#5198 = ORIENTED_EDGE('',*,*,#5154,.F.);
#5199 = ORIENTED_EDGE('',*,*,#2644,.F.);
#5200 = ADVANCED_FACE('',(#5201),#2770,.T.);
#5201 = FACE_BOUND('',#5202,.T.);
#5202 = EDGE_LOOP('',(#5203,#5223,#5224));
#5203 = ORIENTED_EDGE('',*,*,#5204,.T.);
#5204 = EDGE_CURVE('',#2730,#3593,#5205,.T.);
#5205 = SURFACE_CURVE('',#5206,(#5210,#5217),.PCURVE_S1.);
#5206 = LINE('',#5207,#5208);
#5207 = CARTESIAN_POINT('',(-1.21784734726,0.689136087894,0.865999996662
    ));
#5208 = VECTOR('',#5209,1.);
#5209 = DIRECTION('',(-0.573576376691,0.819152086064,0.));
#5210 = PCURVE('',#2770,#5211);
#5211 = DEFINITIONAL_REPRESENTATION('',(#5212),#5216);
#5212 = LINE('',#5213,#5214);
#5213 = CARTESIAN_POINT('',(3.712495097049E-02,-4.825438059746E-02));
#5214 = VECTOR('',#5215,1.);
#5215 = DIRECTION('',(-0.573576376691,0.819152086064));
#5216 = ( GEOMETRIC_REPRESENTATION_CONTEXT(2) 
PARAMETRIC_REPRESENTATION_CONTEXT() REPRESENTATION_CONTEXT('2D SPACE',''
  ) );
#5217 = PCURVE('',#2882,#5218);
#5218 = DEFINITIONAL_REPRESENTATION('',(#5219),#5222);
#5219 = B_SPLINE_CURVE_WITH_KNOTS('',1,(#5220,#5221),.UNSPECIFIED.,.F.,
  .F.,(2,2),(0.,0.125126068025),.PIECEWISE_BEZIER_KNOTS.);
#5220 = CARTESIAN_POINT('',(3.165878888522E-02,-5.031179285644E-02));
#5221 = CARTESIAN_POINT('',(-4.011056784238E-02,5.218548678757E-02));
#5222 = ( GEOMETRIC_REPRESENTATION_CONTEXT(2) 
PARAMETRIC_REPRESENTATION_CONTEXT() REPRESENTATION_CONTEXT('2D SPACE',''
  ) );
#5223 = ORIENTED_EDGE('',*,*,#5179,.F.);
#5224 = ORIENTED_EDGE('',*,*,#2756,.F.);
#5225 = ADVANCED_FACE('',(#5226),#2882,.T.);
#5226 = FACE_BOUND('',#5227,.T.);
#5227 = EDGE_LOOP('',(#5228,#5248,#5249));
#5228 = ORIENTED_EDGE('',*,*,#5229,.T.);
#5229 = EDGE_CURVE('',#2842,#3593,#5230,.T.);
#5230 = SURFACE_CURVE('',#5231,(#5235,#5242),.PCURVE_S1.);
#5231 = LINE('',#5232,#5233);
#5232 = CARTESIAN_POINT('',(-1.207615017891,0.693907558918,
    0.865999996662));
#5233 = VECTOR('',#5234,1.);
#5234 = DIRECTION('',(-0.642787591868,0.766044458071,0.));
#5235 = PCURVE('',#2882,#5236);
#5236 = DEFINITIONAL_REPRESENTATION('',(#5237),#5241);
#5237 = LINE('',#5238,#5239);
#5238 = CARTESIAN_POINT('',(4.189111825381E-02,-4.554032183288E-02));
#5239 = VECTOR('',#5240,1.);
#5240 = DIRECTION('',(-0.642787591868,0.766044458071));
#5241 = ( GEOMETRIC_REPRESENTATION_CONTEXT(2) 
PARAMETRIC_REPRESENTATION_CONTEXT() REPRESENTATION_CONTEXT('2D SPACE',''
  ) );
#5242 = PCURVE('',#2994,#5243);
#5243 = DEFINITIONAL_REPRESENTATION('',(#5244),#5247);
#5244 = B_SPLINE_CURVE_WITH_KNOTS('',1,(#5245,#5246),.UNSPECIFIED.,.F.,
  .F.,(2,2),(0.,0.127571980439),.PIECEWISE_BEZIER_KNOTS.);
#5245 = CARTESIAN_POINT('',(3.685073609032E-02,-4.849981155506E-02));
#5246 = CARTESIAN_POINT('',(-4.515095000587E-02,4.922599706539E-02));
#5247 = ( GEOMETRIC_REPRESENTATION_CONTEXT(2) 
PARAMETRIC_REPRESENTATION_CONTEXT() REPRESENTATION_CONTEXT('2D SPACE',''
  ) );
#5248 = ORIENTED_EDGE('',*,*,#5204,.F.);
#5249 = ORIENTED_EDGE('',*,*,#2868,.F.);
#5250 = ADVANCED_FACE('',(#5251),#2994,.T.);
#5251 = FACE_BOUND('',#5252,.T.);
#5252 = EDGE_LOOP('',(#5253,#5273,#5274));
#5253 = ORIENTED_EDGE('',*,*,#5254,.T.);
#5254 = EDGE_CURVE('',#2954,#3593,#5255,.T.);
#5255 = SURFACE_CURVE('',#5256,(#5260,#5267),.PCURVE_S1.);
#5256 = LINE('',#5257,#5258);
#5257 = CARTESIAN_POINT('',(-1.198366641998,0.70038330555,0.865999996662
    ));
#5258 = VECTOR('',#5259,1.);
#5259 = DIRECTION('',(-0.707106781187,0.707106781187,0.));
#5260 = PCURVE('',#2994,#5261);
#5261 = DEFINITIONAL_REPRESENTATION('',(#5262),#5266);
#5262 = LINE('',#5263,#5264);
#5263 = CARTESIAN_POINT('',(4.609911198296E-02,-4.202406492344E-02));
#5264 = VECTOR('',#5265,1.);
#5265 = DIRECTION('',(-0.707106781187,0.707106781187));
#5266 = ( GEOMETRIC_REPRESENTATION_CONTEXT(2) 
PARAMETRIC_REPRESENTATION_CONTEXT() REPRESENTATION_CONTEXT('2D SPACE',''
  ) );
#5267 = PCURVE('',#3106,#5268);
#5268 = DEFINITIONAL_REPRESENTATION('',(#5269),#5272);
#5269 = B_SPLINE_CURVE_WITH_KNOTS('',1,(#5270,#5271),.UNSPECIFIED.,.F.,
  .F.,(2,2),(0.,0.129047075232),.PIECEWISE_BEZIER_KNOTS.);
#5270 = CARTESIAN_POINT('',(4.163336753845E-02,-4.579931037021E-02));
#5271 = CARTESIAN_POINT('',(-4.961669445038E-02,4.545075161862E-02));
#5272 = ( GEOMETRIC_REPRESENTATION_CONTEXT(2) 
PARAMETRIC_REPRESENTATION_CONTEXT() REPRESENTATION_CONTEXT('2D SPACE',''
  ) );
#5273 = ORIENTED_EDGE('',*,*,#5229,.F.);
#5274 = ORIENTED_EDGE('',*,*,#2980,.F.);
#5275 = ADVANCED_FACE('',(#5276),#3106,.T.);
#5276 = FACE_BOUND('',#5277,.T.);
#5277 = EDGE_LOOP('',(#5278,#5298,#5299));
#5278 = ORIENTED_EDGE('',*,*,#5279,.T.);
#5279 = EDGE_CURVE('',#3066,#3593,#5280,.T.);
#5280 = SURFACE_CURVE('',#5281,(#5285,#5292),.PCURVE_S1.);
#5281 = LINE('',#5282,#5283);
#5282 = CARTESIAN_POINT('',(-1.190383315086,0.708366632462,
    0.865999996662));
#5283 = VECTOR('',#5284,1.);
#5284 = DIRECTION('',(-0.766044309889,0.642787768464,0.));
#5285 = PCURVE('',#3106,#5286);
#5286 = DEFINITIONAL_REPRESENTATION('',(#5287),#5291);
#5287 = LINE('',#5288,#5289);
#5288 = CARTESIAN_POINT('',(4.961669445038E-02,-3.781598345829E-02));
#5289 = VECTOR('',#5290,1.);
#5290 = DIRECTION('',(-0.766044309889,0.642787768464));
#5291 = ( GEOMETRIC_REPRESENTATION_CONTEXT(2) 
PARAMETRIC_REPRESENTATION_CONTEXT() REPRESENTATION_CONTEXT('2D SPACE',''
  ) );
#5292 = PCURVE('',#3218,#5293);
#5293 = DEFINITIONAL_REPRESENTATION('',(#5294),#5297);
#5294 = B_SPLINE_CURVE_WITH_KNOTS('',1,(#5295,#5296),.UNSPECIFIED.,.F.,
  .F.,(2,2),(0.,0.129540011746),.PIECEWISE_BEZIER_KNOTS.);
#5295 = CARTESIAN_POINT('',(-4.229625068034E-02,-4.585727954645E-02));
#5296 = CARTESIAN_POINT('',(4.097048439657E-02,5.337610935431E-02));
#5297 = ( GEOMETRIC_REPRESENTATION_CONTEXT(2) 
PARAMETRIC_REPRESENTATION_CONTEXT() REPRESENTATION_CONTEXT('2D SPACE',''
  ) );
#5298 = ORIENTED_EDGE('',*,*,#5254,.F.);
#5299 = ORIENTED_EDGE('',*,*,#3092,.F.);
#5300 = ADVANCED_FACE('',(#5301),#3218,.T.);
#5301 = FACE_BOUND('',#5302,.T.);
#5302 = EDGE_LOOP('',(#5303,#5323,#5324));
#5303 = ORIENTED_EDGE('',*,*,#5304,.T.);
#5304 = EDGE_CURVE('',#3178,#3593,#5305,.T.);
#5305 = SURFACE_CURVE('',#5306,(#5310,#5317),.PCURVE_S1.);
#5306 = LINE('',#5307,#5308);
#5307 = CARTESIAN_POINT('',(-1.18390750885,0.717615008354,0.865999996662
    ));
#5308 = VECTOR('',#5309,1.);
#5309 = DIRECTION('',(-0.819152102939,0.57357635259,0.));
#5310 = PCURVE('',#3218,#5311);
#5311 = DEFINITIONAL_REPRESENTATION('',(#5312),#5316);
#5312 = LINE('',#5313,#5314);
#5313 = CARTESIAN_POINT('',(-3.30478747877E-02,-5.233308578271E-02));
#5314 = VECTOR('',#5315,1.);
#5315 = DIRECTION('',(0.57357635259,0.819152102939));
#5316 = ( GEOMETRIC_REPRESENTATION_CONTEXT(2) 
PARAMETRIC_REPRESENTATION_CONTEXT() REPRESENTATION_CONTEXT('2D SPACE',''
  ) );
#5317 = PCURVE('',#3330,#5318);
#5318 = DEFINITIONAL_REPRESENTATION('',(#5319),#5322);
#5319 = B_SPLINE_CURVE_WITH_KNOTS('',1,(#5320,#5321),.UNSPECIFIED.,.F.,
  .F.,(2,2),(0.,0.129047089982),.PIECEWISE_BEZIER_KNOTS.);
#5320 = CARTESIAN_POINT('',(-3.81013553671E-02,-4.939068617612E-02));
#5321 = CARTESIAN_POINT('',(3.591700381716E-02,5.631850896091E-02));
#5322 = ( GEOMETRIC_REPRESENTATION_CONTEXT(2) 
PARAMETRIC_REPRESENTATION_CONTEXT() REPRESENTATION_CONTEXT('2D SPACE',''
  ) );
#5323 = ORIENTED_EDGE('',*,*,#5279,.F.);
#5324 = ORIENTED_EDGE('',*,*,#3204,.F.);
#5325 = ADVANCED_FACE('',(#5326),#3330,.T.);
#5326 = FACE_BOUND('',#5327,.T.);
#5327 = EDGE_LOOP('',(#5328,#5348,#5349));
#5328 = ORIENTED_EDGE('',*,*,#5329,.T.);
#5329 = EDGE_CURVE('',#3290,#3593,#5330,.T.);
#5330 = SURFACE_CURVE('',#5331,(#5335,#5342),.PCURVE_S1.);
#5331 = LINE('',#5332,#5333);
#5332 = CARTESIAN_POINT('',(-1.179136157036,0.727847337723,
    0.865999996662));
#5333 = VECTOR('',#5334,1.);
#5334 = DIRECTION('',(-0.866025212711,0.500000330949,0.));
#5335 = PCURVE('',#3330,#5336);
#5336 = DEFINITIONAL_REPRESENTATION('',(#5337),#5341);
#5337 = LINE('',#5338,#5339);
#5338 = CARTESIAN_POINT('',(-2.786902599851E-02,-5.416203799039E-02));
#5339 = VECTOR('',#5340,1.);
#5340 = DIRECTION('',(0.500000330949,0.866025212711));
#5341 = ( GEOMETRIC_REPRESENTATION_CONTEXT(2) 
PARAMETRIC_REPRESENTATION_CONTEXT() REPRESENTATION_CONTEXT('2D SPACE',''
  ) );
#5342 = PCURVE('',#3442,#5343);
#5343 = DEFINITIONAL_REPRESENTATION('',(#5344),#5347);
#5344 = B_SPLINE_CURVE_WITH_KNOTS('',1,(#5345,#5346),.UNSPECIFIED.,.F.,
  .F.,(2,2),(0.,0.127571975192),.PIECEWISE_BEZIER_KNOTS.);
#5345 = CARTESIAN_POINT('',(-3.334672542991E-02,-5.212275527157E-02));
#5346 = CARTESIAN_POINT('',(3.043930438576E-02,5.835779167972E-02));
#5347 = ( GEOMETRIC_REPRESENTATION_CONTEXT(2) 
PARAMETRIC_REPRESENTATION_CONTEXT() REPRESENTATION_CONTEXT('2D SPACE',''
  ) );
#5348 = ORIENTED_EDGE('',*,*,#5304,.F.);
#5349 = ORIENTED_EDGE('',*,*,#3316,.F.);
#5350 = ADVANCED_FACE('',(#5351),#3442,.T.);
#5351 = FACE_BOUND('',#5352,.T.);
#5352 = EDGE_LOOP('',(#5353,#5373,#5374));
#5353 = ORIENTED_EDGE('',*,*,#5354,.T.);
#5354 = EDGE_CURVE('',#3402,#3593,#5355,.T.);
#5355 = SURFACE_CURVE('',#5356,(#5360,#5367),.PCURVE_S1.);
#5356 = LINE('',#5357,#5358);
#5357 = CARTESIAN_POINT('',(-1.176213979721,0.738752782345,
    0.865999996662));
#5358 = VECTOR('',#5359,1.);
#5359 = DIRECTION('',(-0.906307706185,0.422618435128,0.));
#5360 = PCURVE('',#3442,#5361);
#5361 = DEFINITIONAL_REPRESENTATION('',(#5362),#5366);
#5362 = LINE('',#5363,#5364);
#5363 = CARTESIAN_POINT('',(-2.244128080787E-02,-5.504493258633E-02));
#5364 = VECTOR('',#5365,1.);
#5365 = DIRECTION('',(0.422618435128,0.906307706185));
#5366 = ( GEOMETRIC_REPRESENTATION_CONTEXT(2) 
PARAMETRIC_REPRESENTATION_CONTEXT() REPRESENTATION_CONTEXT('2D SPACE',''
  ) );
#5367 = PCURVE('',#3547,#5368);
#5368 = DEFINITIONAL_REPRESENTATION('',(#5369),#5372);
#5369 = B_SPLINE_CURVE_WITH_KNOTS('',1,(#5370,#5371),.UNSPECIFIED.,.F.,
  .F.,(2,2),(0.,0.125126073068),.PIECEWISE_BEZIER_KNOTS.);
#5370 = CARTESIAN_POINT('',(-2.818166678923E-02,-5.396796513109E-02));
#5371 = CARTESIAN_POINT('',(2.46989184044E-02,5.943475913496E-02));
#5372 = ( GEOMETRIC_REPRESENTATION_CONTEXT(2) 
PARAMETRIC_REPRESENTATION_CONTEXT() REPRESENTATION_CONTEXT('2D SPACE',''
  ) );
#5373 = ORIENTED_EDGE('',*,*,#5329,.F.);
#5374 = ORIENTED_EDGE('',*,*,#3428,.F.);
#5375 = ADVANCED_FACE('',(#5376),#3547,.T.);
#5376 = FACE_BOUND('',#5377,.T.);
#5377 = EDGE_LOOP('',(#5378,#5398,#5399));
#5378 = ORIENTED_EDGE('',*,*,#5379,.T.);
#5379 = EDGE_CURVE('',#1522,#3593,#5380,.T.);
#5380 = SURFACE_CURVE('',#5381,(#5385,#5392),.PCURVE_S1.);
#5381 = LINE('',#5382,#5383);
#5382 = CARTESIAN_POINT('',(-1.175230026245,0.75,0.865999996662));
#5383 = VECTOR('',#5384,1.);
#5384 = DIRECTION('',(-0.939692563641,0.342020300331,0.));
#5385 = PCURVE('',#3547,#5386);
#5386 = DEFINITIONAL_REPRESENTATION('',(#5387),#5391);
#5387 = LINE('',#5388,#5389);
#5388 = CARTESIAN_POINT('',(-1.693444913405E-02,-5.495191860704E-02));
#5389 = VECTOR('',#5390,1.);
#5390 = DIRECTION('',(0.342020300331,0.939692563641));
#5391 = ( GEOMETRIC_REPRESENTATION_CONTEXT(2) 
PARAMETRIC_REPRESENTATION_CONTEXT() REPRESENTATION_CONTEXT('2D SPACE',''
  ) );
#5392 = PCURVE('',#1537,#5393);
#5393 = DEFINITIONAL_REPRESENTATION('',(#5394),#5397);
#5394 = B_SPLINE_CURVE_WITH_KNOTS('',1,(#5395,#5396),.UNSPECIFIED.,.F.,
  .F.,(2,2),(0.,0.121727767323),.PIECEWISE_BEZIER_KNOTS.);
#5395 = CARTESIAN_POINT('',(-2.276818410244E-02,-5.48676211609E-02));
#5396 = CARTESIAN_POINT('',(1.886518343601E-02,5.951905658111E-02));
#5397 = ( GEOMETRIC_REPRESENTATION_CONTEXT(2) 
PARAMETRIC_REPRESENTATION_CONTEXT() REPRESENTATION_CONTEXT('2D SPACE',''
  ) );
#5398 = ORIENTED_EDGE('',*,*,#5354,.F.);
#5399 = ORIENTED_EDGE('',*,*,#3533,.F.);
#5400 = ADVANCED_FACE('',(#5401),#1537,.T.);
#5401 = FACE_BOUND('',#5402,.T.);
#5402 = EDGE_LOOP('',(#5403,#5423,#5424));
#5403 = ORIENTED_EDGE('',*,*,#5404,.T.);
#5404 = EDGE_CURVE('',#1410,#3593,#5405,.T.);
#5405 = SURFACE_CURVE('',#5406,(#5410,#5417),.PCURVE_S1.);
#5406 = LINE('',#5407,#5408);
#5407 = CARTESIAN_POINT('',(-1.176213979721,0.761247217655,
    0.865999996662));
#5408 = VECTOR('',#5409,1.);
#5409 = DIRECTION('',(-0.96592586569,0.258818898055,0.));
#5410 = PCURVE('',#1537,#5411);
#5411 = DEFINITIONAL_REPRESENTATION('',(#5412),#5416);
#5412 = LINE('',#5413,#5414);
#5413 = CARTESIAN_POINT('',(-1.152096644726E-02,-5.388366768494E-02));
#5414 = VECTOR('',#5415,1.);
#5415 = DIRECTION('',(0.258818898055,0.96592586569));
#5416 = ( GEOMETRIC_REPRESENTATION_CONTEXT(2) 
PARAMETRIC_REPRESENTATION_CONTEXT() REPRESENTATION_CONTEXT('2D SPACE',''
  ) );
#5417 = PCURVE('',#1425,#5418);
#5418 = DEFINITIONAL_REPRESENTATION('',(#5419),#5422);
#5419 = B_SPLINE_CURVE_WITH_KNOTS('',1,(#5420,#5421),.UNSPECIFIED.,.F.,
  .F.,(2,2),(0.,0.117403134437),.PIECEWISE_BEZIER_KNOTS.);
#5420 = CARTESIAN_POINT('',(-1.727604829185E-02,-5.479268049131E-02));
#5421 = CARTESIAN_POINT('',(1.311010159142E-02,5.861004377474E-02));
#5422 = ( GEOMETRIC_REPRESENTATION_CONTEXT(2) 
PARAMETRIC_REPRESENTATION_CONTEXT() REPRESENTATION_CONTEXT('2D SPACE',''
  ) );
#5423 = ORIENTED_EDGE('',*,*,#5379,.F.);
#5424 = ORIENTED_EDGE('',*,*,#1521,.F.);
#5425 = ADVANCED_FACE('',(#5426),#1425,.T.);
#5426 = FACE_BOUND('',#5427,.T.);
#5427 = EDGE_LOOP('',(#5428,#5448,#5449));
#5428 = ORIENTED_EDGE('',*,*,#5429,.T.);
#5429 = EDGE_CURVE('',#1298,#3593,#5430,.T.);
#5430 = SURFACE_CURVE('',#5431,(#5435,#5442),.PCURVE_S1.);
#5431 = LINE('',#5432,#5433);
#5432 = CARTESIAN_POINT('',(-1.179136157036,0.772152662277,
    0.865999996662));
#5433 = VECTOR('',#5434,1.);
#5434 = DIRECTION('',(-0.98480774693,0.173648212163,0.));
#5435 = PCURVE('',#1425,#5436);
#5436 = DEFINITIONAL_REPRESENTATION('',(#5437),#5441);
#5437 = LINE('',#5438,#5439);
#5438 = CARTESIAN_POINT('',(-6.370603669812E-03,-5.187050317656E-02));
#5439 = VECTOR('',#5440,1.);
#5440 = DIRECTION('',(0.173648212163,0.98480774693));
#5441 = ( GEOMETRIC_REPRESENTATION_CONTEXT(2) 
PARAMETRIC_REPRESENTATION_CONTEXT() REPRESENTATION_CONTEXT('2D SPACE',''
  ) );
#5442 = PCURVE('',#1313,#5443);
#5443 = DEFINITIONAL_REPRESENTATION('',(#5444),#5447);
#5444 = B_SPLINE_CURVE_WITH_KNOTS('',1,(#5445,#5446),.UNSPECIFIED.,.F.,
  .F.,(2,2),(0.,0.112184888163),.PIECEWISE_BEZIER_KNOTS.);
#5445 = CARTESIAN_POINT('',(5.374375564487E-02,-1.187758989665E-02));
#5446 = CARTESIAN_POINT('',(-5.673679130642E-02,7.60311536458E-03));
#5447 = ( GEOMETRIC_REPRESENTATION_CONTEXT(2) 
PARAMETRIC_REPRESENTATION_CONTEXT() REPRESENTATION_CONTEXT('2D SPACE',''
  ) );
#5448 = ORIENTED_EDGE('',*,*,#5404,.F.);
#5449 = ORIENTED_EDGE('',*,*,#1409,.F.);
#5450 = ADVANCED_FACE('',(#5451),#1313,.T.);
#5451 = FACE_BOUND('',#5452,.T.);
#5452 = EDGE_LOOP('',(#5453,#5473,#5474));
#5453 = ORIENTED_EDGE('',*,*,#5454,.T.);
#5454 = EDGE_CURVE('',#1186,#3593,#5455,.T.);
#5455 = SURFACE_CURVE('',#5456,(#5460,#5467),.PCURVE_S1.);
#5456 = LINE('',#5457,#5458);
#5457 = CARTESIAN_POINT('',(-1.18390750885,0.782384991646,0.865999996662
    ));
#5458 = VECTOR('',#5459,1.);
#5459 = DIRECTION('',(-0.996194681983,8.715592687356E-02,0.));
#5460 = PCURVE('',#1313,#5461);
#5461 = DEFINITIONAL_REPRESENTATION('',(#5462),#5466);
#5462 = LINE('',#5463,#5464);
#5463 = CARTESIAN_POINT('',(4.89724038306E-02,-1.64526052806E-03));
#5464 = VECTOR('',#5465,1.);
#5465 = DIRECTION('',(-0.996194681983,8.715592687356E-02));
#5466 = ( GEOMETRIC_REPRESENTATION_CONTEXT(2) 
PARAMETRIC_REPRESENTATION_CONTEXT() REPRESENTATION_CONTEXT('2D SPACE',''
  ) );
#5467 = PCURVE('',#1201,#5468);
#5468 = DEFINITIONAL_REPRESENTATION('',(#5469),#5472);
#5469 = B_SPLINE_CURVE_WITH_KNOTS('',1,(#5470,#5471),.UNSPECIFIED.,.F.,
  .F.,(2,2),(0.,0.106112988805),.PIECEWISE_BEZIER_KNOTS.);
#5470 = CARTESIAN_POINT('',(-6.742361407184E-03,-5.175194857404E-02));
#5471 = CARTESIAN_POINT('',(2.506014485455E-03,5.395724656299E-02));
#5472 = ( GEOMETRIC_REPRESENTATION_CONTEXT(2) 
PARAMETRIC_REPRESENTATION_CONTEXT() REPRESENTATION_CONTEXT('2D SPACE',''
  ) );
#5473 = ORIENTED_EDGE('',*,*,#5429,.F.);
#5474 = ORIENTED_EDGE('',*,*,#1297,.F.);
#5475 = ADVANCED_FACE('',(#5476),#1201,.T.);
#5476 = FACE_BOUND('',#5477,.T.);
#5477 = EDGE_LOOP('',(#5478,#5498,#5499));
#5478 = ORIENTED_EDGE('',*,*,#5479,.T.);
#5479 = EDGE_CURVE('',#1074,#3593,#5480,.T.);
#5480 = SURFACE_CURVE('',#5481,(#5485,#5492),.PCURVE_S1.);
#5481 = LINE('',#5482,#5483);
#5482 = CARTESIAN_POINT('',(-1.190383315086,0.791633367538,
    0.865999996662));
#5483 = VECTOR('',#5484,1.);
#5484 = DIRECTION('',(-1.,0.,0.));
#5485 = PCURVE('',#1201,#5486);
#5486 = DEFINITIONAL_REPRESENTATION('',(#5487),#5491);
#5487 = LINE('',#5488,#5489);
#5488 = CARTESIAN_POINT('',(2.506014485455E-03,-4.527614233777E-02));
#5489 = VECTOR('',#5490,1.);
#5490 = DIRECTION('',(0.,1.));
#5491 = ( GEOMETRIC_REPRESENTATION_CONTEXT(2) 
PARAMETRIC_REPRESENTATION_CONTEXT() REPRESENTATION_CONTEXT('2D SPACE',''
  ) );
#5492 = PCURVE('',#1089,#5493);
#5493 = DEFINITIONAL_REPRESENTATION('',(#5494),#5497);
#5494 = B_SPLINE_CURVE_WITH_KNOTS('',1,(#5495,#5496),.UNSPECIFIED.,.F.,
  .F.,(2,2),(0.,9.923338890076E-02),.PIECEWISE_BEZIER_KNOTS.);
#5495 = CARTESIAN_POINT('',(4.887713356833E-02,-2.03192616853E-03));
#5496 = CARTESIAN_POINT('',(-5.035625533242E-02,-2.03192616853E-03));
#5497 = ( GEOMETRIC_REPRESENTATION_CONTEXT(2) 
PARAMETRIC_REPRESENTATION_CONTEXT() REPRESENTATION_CONTEXT('2D SPACE',''
  ) );
#5498 = ORIENTED_EDGE('',*,*,#5454,.F.);
#5499 = ORIENTED_EDGE('',*,*,#1185,.F.);
#5500 = ADVANCED_FACE('',(#5501),#1089,.T.);
#5501 = FACE_BOUND('',#5502,.T.);
#5502 = EDGE_LOOP('',(#5503,#5523,#5524));
#5503 = ORIENTED_EDGE('',*,*,#5504,.T.);
#5504 = EDGE_CURVE('',#962,#3593,#5505,.T.);
#5505 = SURFACE_CURVE('',#5506,(#5510,#5517),.PCURVE_S1.);
#5506 = LINE('',#5507,#5508);
#5507 = CARTESIAN_POINT('',(-1.198366641998,0.79961669445,0.865999996662
    ));
#5508 = VECTOR('',#5509,1.);
#5509 = DIRECTION('',(-0.996194716156,-8.715553626675E-02,0.));
#5510 = PCURVE('',#1089,#5511);
#5511 = DEFINITIONAL_REPRESENTATION('',(#5512),#5516);
#5512 = LINE('',#5513,#5514);
#5513 = CARTESIAN_POINT('',(4.089380665641E-02,5.951400743396E-03));
#5514 = VECTOR('',#5515,1.);
#5515 = DIRECTION('',(-0.996194716156,-8.715553626675E-02));
#5516 = ( GEOMETRIC_REPRESENTATION_CONTEXT(2) 
PARAMETRIC_REPRESENTATION_CONTEXT() REPRESENTATION_CONTEXT('2D SPACE',''
  ) );
#5517 = PCURVE('',#977,#5518);
#5518 = DEFINITIONAL_REPRESENTATION('',(#5519),#5522);
#5519 = B_SPLINE_CURVE_WITH_KNOTS('',1,(#5520,#5521),.UNSPECIFIED.,.F.,
  .F.,(2,2),(0.,9.159862074042E-02),.PIECEWISE_BEZIER_KNOTS.);
#5520 = CARTESIAN_POINT('',(2.104909199001E-03,-4.520674979931E-02));
#5521 = CARTESIAN_POINT('',(-5.878417712925E-03,4.604331218952E-02));
#5522 = ( GEOMETRIC_REPRESENTATION_CONTEXT(2) 
PARAMETRIC_REPRESENTATION_CONTEXT() REPRESENTATION_CONTEXT('2D SPACE',''
  ) );
#5523 = ORIENTED_EDGE('',*,*,#5479,.F.);
#5524 = ORIENTED_EDGE('',*,*,#1073,.F.);
#5525 = ADVANCED_FACE('',(#5526),#977,.T.);
#5526 = FACE_BOUND('',#5527,.T.);
#5527 = EDGE_LOOP('',(#5528,#5548,#5549));
#5528 = ORIENTED_EDGE('',*,*,#5529,.T.);
#5529 = EDGE_CURVE('',#850,#3593,#5530,.T.);
#5530 = SURFACE_CURVE('',#5531,(#5535,#5542),.PCURVE_S1.);
#5531 = LINE('',#5532,#5533);
#5532 = CARTESIAN_POINT('',(-1.207615017891,0.806092441082,
    0.865999996662));
#5533 = VECTOR('',#5534,1.);
#5534 = DIRECTION('',(-0.984807827315,-0.173647756275,0.));
#5535 = PCURVE('',#977,#5536);
#5536 = DEFINITIONAL_REPRESENTATION('',(#5537),#5541);
#5537 = LINE('',#5538,#5539);
#5538 = CARTESIAN_POINT('',(8.580655830623E-03,-3.595837390667E-02));
#5539 = VECTOR('',#5540,1.);
#5540 = DIRECTION('',(-0.173647756275,0.984807827315));
#5541 = ( GEOMETRIC_REPRESENTATION_CONTEXT(2) 
PARAMETRIC_REPRESENTATION_CONTEXT() REPRESENTATION_CONTEXT('2D SPACE',''
  ) );
#5542 = PCURVE('',#865,#5543);
#5543 = DEFINITIONAL_REPRESENTATION('',(#5544),#5547);
#5544 = B_SPLINE_CURVE_WITH_KNOTS('',1,(#5545,#5546),.UNSPECIFIED.,.F.,
  .F.,(2,2),(0.,8.32666879992E-02),.PIECEWISE_BEZIER_KNOTS.);
#5545 = CARTESIAN_POINT('',(5.536867468918E-03,-4.085274977569E-02));
#5546 = CARTESIAN_POINT('',(-8.922206074631E-03,4.11489363205E-02));
#5547 = ( GEOMETRIC_REPRESENTATION_CONTEXT(2) 
PARAMETRIC_REPRESENTATION_CONTEXT() REPRESENTATION_CONTEXT('2D SPACE',''
  ) );
#5548 = ORIENTED_EDGE('',*,*,#5504,.F.);
#5549 = ORIENTED_EDGE('',*,*,#961,.F.);
#5550 = ADVANCED_FACE('',(#5551),#865,.T.);
#5551 = FACE_BOUND('',#5552,.T.);
#5552 = EDGE_LOOP('',(#5553,#5573,#5574));
#5553 = ORIENTED_EDGE('',*,*,#5554,.T.);
#5554 = EDGE_CURVE('',#738,#3593,#5555,.T.);
#5555 = SURFACE_CURVE('',#5556,(#5560,#5567),.PCURVE_S1.);
#5556 = LINE('',#5557,#5558);
#5557 = CARTESIAN_POINT('',(-1.21784734726,0.810863912106,0.865999996662
    ));
#5558 = VECTOR('',#5559,1.);
#5559 = DIRECTION('',(-0.965925814881,-0.258819087679,0.));
#5560 = PCURVE('',#865,#5561);
#5561 = DEFINITIONAL_REPRESENTATION('',(#5562),#5566);
#5562 = LINE('',#5563,#5564);
#5563 = CARTESIAN_POINT('',(1.030833849248E-02,-3.06204204071E-02));
#5564 = VECTOR('',#5565,1.);
#5565 = DIRECTION('',(-0.258819087679,0.965925814881));
#5566 = ( GEOMETRIC_REPRESENTATION_CONTEXT(2) 
PARAMETRIC_REPRESENTATION_CONTEXT() REPRESENTATION_CONTEXT('2D SPACE',''
  ) );
#5567 = PCURVE('',#753,#5568);
#5568 = DEFINITIONAL_REPRESENTATION('',(#5569),#5572);
#5569 = B_SPLINE_CURVE_WITH_KNOTS('',1,(#5570,#5571),.UNSPECIFIED.,.F.,
  .F.,(2,2),(0.,7.4301106381E-02),.PIECEWISE_BEZIER_KNOTS.);
#5570 = CARTESIAN_POINT('',(8.154228601652E-03,-3.5948472553E-02));
#5571 = CARTESIAN_POINT('',(-1.107631596546E-02,3.582088417461E-02));
#5572 = ( GEOMETRIC_REPRESENTATION_CONTEXT(2) 
PARAMETRIC_REPRESENTATION_CONTEXT() REPRESENTATION_CONTEXT('2D SPACE',''
  ) );
#5573 = ORIENTED_EDGE('',*,*,#5529,.F.);
#5574 = ORIENTED_EDGE('',*,*,#849,.F.);
#5575 = ADVANCED_FACE('',(#5576),#753,.T.);
#5576 = FACE_BOUND('',#5577,.T.);
#5577 = EDGE_LOOP('',(#5578,#5598,#5599));
#5578 = ORIENTED_EDGE('',*,*,#5579,.T.);
#5579 = EDGE_CURVE('',#626,#3593,#5580,.T.);
#5580 = SURFACE_CURVE('',#5581,(#5585,#5592),.PCURVE_S1.);
#5581 = LINE('',#5582,#5583);
#5582 = CARTESIAN_POINT('',(-1.228752851486,0.813785970211,
    0.865999996662));
#5583 = VECTOR('',#5584,1.);
#5584 = DIRECTION('',(-0.939692759627,-0.342019761861,0.));
#5585 = PCURVE('',#753,#5586);
#5586 = DEFINITIONAL_REPRESENTATION('',(#5587),#5591);
#5587 = LINE('',#5588,#5589);
#5588 = CARTESIAN_POINT('',(1.107628670712E-02,-2.504296832631E-02));
#5589 = VECTOR('',#5590,1.);
#5590 = DIRECTION('',(-0.342019761861,0.939692759627));
#5591 = ( GEOMETRIC_REPRESENTATION_CONTEXT(2) 
PARAMETRIC_REPRESENTATION_CONTEXT() REPRESENTATION_CONTEXT('2D SPACE',''
  ) );
#5592 = PCURVE('',#641,#5593);
#5593 = DEFINITIONAL_REPRESENTATION('',(#5594),#5597);
#5594 = B_SPLINE_CURVE_WITH_KNOTS('',1,(#5595,#5596),.UNSPECIFIED.,.F.,
  .F.,(2,2),(0.,6.476994940883E-02),.PIECEWISE_BEZIER_KNOTS.);
#5595 = CARTESIAN_POINT('',(9.871899849878E-03,-3.064429365069E-02));
#5596 = CARTESIAN_POINT('',(-1.22807028227E-02,3.021955885023E-02));
#5597 = ( GEOMETRIC_REPRESENTATION_CONTEXT(2) 
PARAMETRIC_REPRESENTATION_CONTEXT() REPRESENTATION_CONTEXT('2D SPACE',''
  ) );
#5598 = ORIENTED_EDGE('',*,*,#5554,.F.);
#5599 = ORIENTED_EDGE('',*,*,#737,.F.);
#5600 = ADVANCED_FACE('',(#5601),#641,.T.);
#5601 = FACE_BOUND('',#5602,.T.);
#5602 = EDGE_LOOP('',(#5603,#5623,#5624));
#5603 = ORIENTED_EDGE('',*,*,#5604,.T.);
#5604 = EDGE_CURVE('',#514,#3593,#5605,.T.);
#5605 = SURFACE_CURVE('',#5606,(#5610,#5617),.PCURVE_S1.);
#5606 = LINE('',#5607,#5608);
#5607 = CARTESIAN_POINT('',(-1.240000009537,0.814769983292,
    0.865999996662));
#5608 = VECTOR('',#5609,1.);
#5609 = DIRECTION('',(-0.906307988821,-0.422617829012,0.));
#5610 = PCURVE('',#641,#5611);
#5611 = DEFINITIONAL_REPRESENTATION('',(#5612),#5616);
#5612 = LINE('',#5613,#5614);
#5613 = CARTESIAN_POINT('',(1.085591293048E-02,-1.939713560015E-02));
#5614 = VECTOR('',#5615,1.);
#5615 = DIRECTION('',(-0.422617829012,0.906307988821));
#5616 = ( GEOMETRIC_REPRESENTATION_CONTEXT(2) 
PARAMETRIC_REPRESENTATION_CONTEXT() REPRESENTATION_CONTEXT('2D SPACE',''
  ) );
#5617 = PCURVE('',#529,#5618);
#5618 = DEFINITIONAL_REPRESENTATION('',(#5619),#5622);
#5619 = B_SPLINE_CURVE_WITH_KNOTS('',1,(#5620,#5621),.UNSPECIFIED.,.F.,
  .F.,(2,2),(0.,5.474595287957E-02),.PIECEWISE_BEZIER_KNOTS.);
#5620 = CARTESIAN_POINT('',(1.063253650431E-02,-2.510339485429E-02));
#5621 = CARTESIAN_POINT('',(-1.250407924886E-02,2.451329959609E-02));
#5622 = ( GEOMETRIC_REPRESENTATION_CONTEXT(2) 
PARAMETRIC_REPRESENTATION_CONTEXT() REPRESENTATION_CONTEXT('2D SPACE',''
  ) );
#5623 = ORIENTED_EDGE('',*,*,#5579,.F.);
#5624 = ORIENTED_EDGE('',*,*,#625,.F.);
#5625 = ADVANCED_FACE('',(#5626),#529,.T.);
#5626 = FACE_BOUND('',#5627,.T.);
#5627 = EDGE_LOOP('',(#5628,#5648,#5649));
#5628 = ORIENTED_EDGE('',*,*,#5629,.T.);
#5629 = EDGE_CURVE('',#402,#3593,#5630,.T.);
#5630 = SURFACE_CURVE('',#5631,(#5635,#5642),.PCURVE_S1.);
#5631 = LINE('',#5632,#5633);
#5632 = CARTESIAN_POINT('',(-1.251247167587,0.813785970211,
    0.865999996662));
#5633 = VECTOR('',#5634,1.);
#5634 = DIRECTION('',(-0.866025985267,-0.499998992842,0.));
#5635 = PCURVE('',#529,#5636);
#5636 = DEFINITIONAL_REPRESENTATION('',(#5637),#5641);
#5637 = LINE('',#5638,#5639);
#5638 = CARTESIAN_POINT('',(9.648523423716E-03,-1.385623680375E-02));
#5639 = VECTOR('',#5640,1.);
#5640 = DIRECTION('',(-0.499998992842,0.866025985267));
#5641 = ( GEOMETRIC_REPRESENTATION_CONTEXT(2) 
PARAMETRIC_REPRESENTATION_CONTEXT() REPRESENTATION_CONTEXT('2D SPACE',''
  ) );
#5642 = PCURVE('',#417,#5643);
#5643 = DEFINITIONAL_REPRESENTATION('',(#5644),#5647);
#5644 = B_SPLINE_CURVE_WITH_KNOTS('',1,(#5645,#5646),.UNSPECIFIED.,.F.,
  .F.,(2,2),(0.,4.430529459001E-02),.PIECEWISE_BEZIER_KNOTS.);
#5645 = CARTESIAN_POINT('',(1.040785622747E-02,-1.949646730279E-02));
#5646 = CARTESIAN_POINT('',(-1.174474644511E-02,1.887306909706E-02));
#5647 = ( GEOMETRIC_REPRESENTATION_CONTEXT(2) 
PARAMETRIC_REPRESENTATION_CONTEXT() REPRESENTATION_CONTEXT('2D SPACE',''
  ) );
#5648 = ORIENTED_EDGE('',*,*,#5604,.F.);
#5649 = ORIENTED_EDGE('',*,*,#513,.F.);
#5650 = ADVANCED_FACE('',(#5651),#417,.T.);
#5651 = FACE_BOUND('',#5652,.T.);
#5652 = EDGE_LOOP('',(#5653,#5673,#5674));
#5653 = ORIENTED_EDGE('',*,*,#5654,.T.);
#5654 = EDGE_CURVE('',#290,#3593,#5655,.T.);
#5655 = SURFACE_CURVE('',#5656,(#5660,#5667),.PCURVE_S1.);
#5656 = LINE('',#5657,#5658);
#5657 = CARTESIAN_POINT('',(-1.262152671814,0.810863912106,
    0.865999996662));
#5658 = VECTOR('',#5659,1.);
#5659 = DIRECTION('',(-0.819151733045,-0.573576880854,0.));
#5660 = PCURVE('',#417,#5661);
#5661 = DEFINITIONAL_REPRESENTATION('',(#5662),#5666);
#5662 = LINE('',#5663,#5664);
#5663 = CARTESIAN_POINT('',(7.485798121997E-03,-8.590963076101E-03));
#5664 = VECTOR('',#5665,1.);
#5665 = DIRECTION('',(-0.573576880854,0.819151733045));
#5666 = ( GEOMETRIC_REPRESENTATION_CONTEXT(2) 
PARAMETRIC_REPRESENTATION_CONTEXT() REPRESENTATION_CONTEXT('2D SPACE',''
  ) );
#5667 = PCURVE('',#305,#5668);
#5668 = DEFINITIONAL_REPRESENTATION('',(#5669),#5672);
#5669 = B_SPLINE_CURVE_WITH_KNOTS('',1,(#5670,#5671),.UNSPECIFIED.,.F.,
  .F.,(2,2),(0.,3.352740532096E-02),.PIECEWISE_BEZIER_KNOTS.);
#5670 = CARTESIAN_POINT('',(1.399661422344E-02,9.199937864582E-03));
#5671 = CARTESIAN_POINT('',(-1.346741794972E-02,-1.003060670253E-02));
#5672 = ( GEOMETRIC_REPRESENTATION_CONTEXT(2) 
PARAMETRIC_REPRESENTATION_CONTEXT() REPRESENTATION_CONTEXT('2D SPACE',''
  ) );
#5673 = ORIENTED_EDGE('',*,*,#5629,.F.);
#5674 = ORIENTED_EDGE('',*,*,#401,.F.);
#5675 = ADVANCED_FACE('',(#5676),#305,.T.);
#5676 = FACE_BOUND('',#5677,.T.);
#5677 = EDGE_LOOP('',(#5678,#5698,#5699));
#5678 = ORIENTED_EDGE('',*,*,#5679,.T.);
#5679 = EDGE_CURVE('',#183,#3593,#5680,.T.);
#5680 = SURFACE_CURVE('',#5681,(#5685,#5692),.PCURVE_S1.);
#5681 = LINE('',#5682,#5683);
#5682 = CARTESIAN_POINT('',(-1.272385001183,0.806092441082,
    0.865999996662));
#5683 = VECTOR('',#5684,1.);
#5684 = DIRECTION('',(-0.766045360846,-0.642786515981,0.));
#5685 = PCURVE('',#305,#5686);
#5686 = DEFINITIONAL_REPRESENTATION('',(#5687),#5691);
#5687 = LINE('',#5688,#5689);
#5688 = CARTESIAN_POINT('',(3.764284854844E-03,4.428466841022E-03));
#5689 = VECTOR('',#5690,1.);
#5690 = DIRECTION('',(-0.766045360846,-0.642786515981));
#5691 = ( GEOMETRIC_REPRESENTATION_CONTEXT(2) 
PARAMETRIC_REPRESENTATION_CONTEXT() REPRESENTATION_CONTEXT('2D SPACE',''
  ) );
#5692 = PCURVE('',#198,#5693);
#5693 = DEFINITIONAL_REPRESENTATION('',(#5694),#5697);
#5694 = B_SPLINE_CURVE_WITH_KNOTS('',1,(#5695,#5696),.UNSPECIFIED.,.F.,
  .F.,(2,2),(0.,2.249436350028E-02),.PIECEWISE_BEZIER_KNOTS.);
#5695 = CARTESIAN_POINT('',(7.040727386058E-03,-8.774280869351E-03));
#5696 = CARTESIAN_POINT('',(-7.41834615749E-03,8.457421935215E-03));
#5697 = ( GEOMETRIC_REPRESENTATION_CONTEXT(2) 
PARAMETRIC_REPRESENTATION_CONTEXT() REPRESENTATION_CONTEXT('2D SPACE',''
  ) );
#5698 = ORIENTED_EDGE('',*,*,#5654,.F.);
#5699 = ORIENTED_EDGE('',*,*,#289,.F.);
#5700 = ADVANCED_FACE('',(#5701),#198,.T.);
#5701 = FACE_BOUND('',#5702,.T.);
#5702 = EDGE_LOOP('',(#5703,#5704,#5705));
#5703 = ORIENTED_EDGE('',*,*,#3619,.F.);
#5704 = ORIENTED_EDGE('',*,*,#5679,.F.);
#5705 = ORIENTED_EDGE('',*,*,#182,.F.);
#5706 = ADVANCED_FACE('',(#5707),#3740,.T.);
#5707 = FACE_BOUND('',#5708,.T.);
#5708 = EDGE_LOOP('',(#5709,#5729,#5730));
#5709 = ORIENTED_EDGE('',*,*,#5710,.T.);
#5710 = EDGE_CURVE('',#3807,#3593,#5711,.T.);
#5711 = SURFACE_CURVE('',#5712,(#5716,#5723),.PCURVE_S1.);
#5712 = LINE('',#5713,#5714);
#5713 = CARTESIAN_POINT('',(-1.300863862038,0.772152662277,
    0.865999996662));
#5714 = VECTOR('',#5715,1.);
#5715 = DIRECTION('',(0.499998920528,0.866026027017,0.));
#5716 = PCURVE('',#3740,#5717);
#5717 = DEFINITIONAL_REPRESENTATION('',(#5718),#5722);
#5718 = LINE('',#5719,#5720);
#5719 = CARTESIAN_POINT('',(-5.410122014885E-03,-9.863591632744E-03));
#5720 = VECTOR('',#5721,1.);
#5721 = DIRECTION('',(0.499998920528,0.866026027017));
#5722 = ( GEOMETRIC_REPRESENTATION_CONTEXT(2) 
PARAMETRIC_REPRESENTATION_CONTEXT() REPRESENTATION_CONTEXT('2D SPACE',''
  ) );
#5723 = PCURVE('',#3954,#5724);
#5724 = DEFINITIONAL_REPRESENTATION('',(#5725),#5728);
#5725 = B_SPLINE_CURVE_WITH_KNOTS('',1,(#5726,#5727),.UNSPECIFIED.,.F.,
  .F.,(2,2),(0.,2.249436466515E-02),.PIECEWISE_BEZIER_KNOTS.);
#5726 = CARTESIAN_POINT('',(-3.707520987797E-03,-4.47608612217E-03));
#5727 = CARTESIAN_POINT('',(7.53963706274E-03,1.500461913906E-02));
#5728 = ( GEOMETRIC_REPRESENTATION_CONTEXT(2) 
PARAMETRIC_REPRESENTATION_CONTEXT() REPRESENTATION_CONTEXT('2D SPACE',''
  ) );
#5729 = ORIENTED_EDGE('',*,*,#3726,.F.);
#5730 = ORIENTED_EDGE('',*,*,#3833,.F.);
#5731 = ADVANCED_FACE('',(#5732),#3954,.T.);
#5732 = FACE_BOUND('',#5733,.T.);
#5733 = EDGE_LOOP('',(#5734,#5754,#5755));
#5734 = ORIENTED_EDGE('',*,*,#5735,.T.);
#5735 = EDGE_CURVE('',#3914,#3593,#5736,.T.);
#5736 = SURFACE_CURVE('',#5737,(#5741,#5748),.PCURVE_S1.);
#5737 = LINE('',#5738,#5739);
#5738 = CARTESIAN_POINT('',(-1.303786039352,0.761247217655,
    0.865999996662));
#5739 = VECTOR('',#5740,1.);
#5740 = DIRECTION('',(0.422619265542,0.906307318956,0.));
#5741 = PCURVE('',#3954,#5742);
#5742 = DEFINITIONAL_REPRESENTATION('',(#5743),#5747);
#5743 = LINE('',#5744,#5745);
#5744 = CARTESIAN_POINT('',(-6.629698302555E-03,-1.538153074421E-02));
#5745 = VECTOR('',#5746,1.);
#5746 = DIRECTION('',(0.422619265542,0.906307318956));
#5747 = ( GEOMETRIC_REPRESENTATION_CONTEXT(2) 
PARAMETRIC_REPRESENTATION_CONTEXT() REPRESENTATION_CONTEXT('2D SPACE',''
  ) );
#5748 = PCURVE('',#4059,#5749);
#5749 = DEFINITIONAL_REPRESENTATION('',(#5750),#5753);
#5750 = B_SPLINE_CURVE_WITH_KNOTS('',1,(#5751,#5752),.UNSPECIFIED.,.F.,
  .F.,(2,2),(0.,3.352742413939E-02),.PIECEWISE_BEZIER_KNOTS.);
#5751 = CARTESIAN_POINT('',(-6.120818633213E-03,-9.767996478552E-03));
#5752 = CARTESIAN_POINT('',(8.048516732083E-03,2.061815340472E-02));
#5753 = ( GEOMETRIC_REPRESENTATION_CONTEXT(2) 
PARAMETRIC_REPRESENTATION_CONTEXT() REPRESENTATION_CONTEXT('2D SPACE',''
  ) );
#5754 = ORIENTED_EDGE('',*,*,#5710,.F.);
#5755 = ORIENTED_EDGE('',*,*,#3940,.F.);
#5756 = ADVANCED_FACE('',(#5757),#4059,.T.);
#5757 = FACE_BOUND('',#5758,.T.);
#5758 = EDGE_LOOP('',(#5759,#5760,#5761));
#5759 = ORIENTED_EDGE('',*,*,#4955,.F.);
#5760 = ORIENTED_EDGE('',*,*,#5735,.F.);
#5761 = ORIENTED_EDGE('',*,*,#4045,.F.);
#5762 = ( GEOMETRIC_REPRESENTATION_CONTEXT(3) 
GLOBAL_UNCERTAINTY_ASSIGNED_CONTEXT((#5766)) 
GLOBAL_UNIT_ASSIGNED_CONTEXT((#5763,#5764,#5765)) REPRESENTATION_CONTEXT
('Context #1','3D Context with UNIT and UNCERTAINTY') );
#5763 = ( LENGTH_UNIT() NAMED_UNIT(*) SI_UNIT(.MILLI.,.METRE.) );
#5764 = ( NAMED_UNIT(*) PLANE_ANGLE_UNIT() SI_UNIT($,.RADIAN.) );
#5765 = ( NAMED_UNIT(*) SI_UNIT($,.STERADIAN.) SOLID_ANGLE_UNIT() );
#5766 = UNCERTAINTY_MEASURE_WITH_UNIT(LENGTH_MEASURE(1.E-07),#5763,
  'distance_accuracy_value','confusion accuracy');
#5767 = SHAPE_DEFINITION_REPRESENTATION(#5768,#85);
#5768 = PRODUCT_DEFINITION_SHAPE('','',#5769);
#5769 = PRODUCT_DEFINITION('design','',#5770,#5773);
#5770 = PRODUCT_DEFINITION_FORMATION('','',#5771);
#5771 = PRODUCT(' STEP translator 7.5 1.1',
  ' STEP translator 7.5 1.1','',(#5772));
#5772 = PRODUCT_CONTEXT('',#2,'mechanical');
#5773 = PRODUCT_DEFINITION_CONTEXT('part definition',#2,'design');
#5774 = CONTEXT_DEPENDENT_SHAPE_REPRESENTATION(#5775,#5777);
#5775 = ( REPRESENTATION_RELATIONSHIP('','',#85,#10) 
REPRESENTATION_RELATIONSHIP_WITH_TRANSFORMATION(#5776) 
SHAPE_REPRESENTATION_RELATIONSHIP() );
#5776 = ITEM_DEFINED_TRANSFORMATION('','',#11,#15);
#5777 = PRODUCT_DEFINITION_SHAPE('Placement','Placement of an item',
  #5778);
#5778 = NEXT_ASSEMBLY_USAGE_OCCURRENCE('1','','',#5,#5769,$);
#5779 = PRODUCT_RELATED_PRODUCT_CATEGORY('part',$,(#5771));
#5780 = MANIFOLD_SURFACE_SHAPE_REPRESENTATION('',(#11,#5781),#6273);
#5781 = SHELL_BASED_SURFACE_MODEL('',(#5782));
#5782 = CLOSED_SHELL('',(#5783,#5872,#5928,#5979,#6035,#6091,#6142,#6186
    ,#6211,#6236,#6242,#6267));
#5783 = ADVANCED_FACE('',(#5784),#5798,.T.);
#5784 = FACE_BOUND('',#5785,.T.);
#5785 = EDGE_LOOP('',(#5786,#5820,#5847));
#5786 = ORIENTED_EDGE('',*,*,#5787,.T.);
#5787 = EDGE_CURVE('',#5788,#5790,#5792,.T.);
#5788 = VERTEX_POINT('',#5789);
#5789 = CARTESIAN_POINT('',(1.549000024796,-1.294999957085,
    5.099999904633E-02));
#5790 = VERTEX_POINT('',#5791);
#5791 = CARTESIAN_POINT('',(-1.549000024796,-1.294999957085,
    0.864000022411));
#5792 = SURFACE_CURVE('',#5793,(#5797,#5809),.PCURVE_S1.);
#5793 = LINE('',#5794,#5795);
#5794 = CARTESIAN_POINT('',(1.549000024796,-1.294999957085,
    5.099999904633E-02));
#5795 = VECTOR('',#5796,1.);
#5796 = DIRECTION('',(-0.967248213928,0.,0.253832410567));
#5797 = PCURVE('',#5798,#5803);
#5798 = PLANE('',#5799);
#5799 = AXIS2_PLACEMENT_3D('',#5800,#5801,#5802);
#5800 = CARTESIAN_POINT('',(-0.17702482563,-1.294999957085,
    0.280475185099));
#5801 = DIRECTION('',(-0.,-1.,-0.));
#5802 = DIRECTION('',(0.,0.,-1.));
#5803 = DEFINITIONAL_REPRESENTATION('',(#5804),#5808);
#5804 = LINE('',#5805,#5806);
#5805 = CARTESIAN_POINT('',(0.229475186052,1.726024850426));
#5806 = VECTOR('',#5807,1.);
#5807 = DIRECTION('',(-0.253832410567,-0.967248213928));
#5808 = ( GEOMETRIC_REPRESENTATION_CONTEXT(2) 
PARAMETRIC_REPRESENTATION_CONTEXT() REPRESENTATION_CONTEXT('2D SPACE',''
  ) );
#5809 = PCURVE('',#5810,#5815);
#5810 = PLANE('',#5811);
#5811 = AXIS2_PLACEMENT_3D('',#5812,#5813,#5814);
#5812 = CARTESIAN_POINT('',(0.17702482563,-1.294999957085,0.634524836359
    ));
#5813 = DIRECTION('',(-0.,-1.,-0.));
#5814 = DIRECTION('',(0.,0.,-1.));
#5815 = DEFINITIONAL_REPRESENTATION('',(#5816),#5819);
#5816 = B_SPLINE_CURVE_WITH_KNOTS('',1,(#5817,#5818),.UNSPECIFIED.,.F.,
  .F.,(2,2),(0.,3.202900770436),.PIECEWISE_BEZIER_KNOTS.);
#5817 = CARTESIAN_POINT('',(0.583524837313,1.371975199165));
#5818 = CARTESIAN_POINT('',(-0.229475186052,-1.726024850426));
#5819 = ( GEOMETRIC_REPRESENTATION_CONTEXT(2) 
PARAMETRIC_REPRESENTATION_CONTEXT() REPRESENTATION_CONTEXT('2D SPACE',''
  ) );
#5820 = ORIENTED_EDGE('',*,*,#5821,.T.);
#5821 = EDGE_CURVE('',#5790,#5822,#5824,.T.);
#5822 = VERTEX_POINT('',#5823);
#5823 = CARTESIAN_POINT('',(-1.549000024796,-1.294999957085,
    5.099999904633E-02));
#5824 = SURFACE_CURVE('',#5825,(#5829,#5836),.PCURVE_S1.);
#5825 = LINE('',#5826,#5827);
#5826 = CARTESIAN_POINT('',(-1.549000024796,-1.294999957085,
    0.864000022411));
#5827 = VECTOR('',#5828,1.);
#5828 = DIRECTION('',(0.,0.,-1.));
#5829 = PCURVE('',#5798,#5830);
#5830 = DEFINITIONAL_REPRESENTATION('',(#5831),#5835);
#5831 = LINE('',#5832,#5833);
#5832 = CARTESIAN_POINT('',(-0.583524837313,-1.371975199165));
#5833 = VECTOR('',#5834,1.);
#5834 = DIRECTION('',(1.,0.));
#5835 = ( GEOMETRIC_REPRESENTATION_CONTEXT(2) 
PARAMETRIC_REPRESENTATION_CONTEXT() REPRESENTATION_CONTEXT('2D SPACE',''
  ) );
#5836 = PCURVE('',#5837,#5842);
#5837 = PLANE('',#5838);
#5838 = AXIS2_PLACEMENT_3D('',#5839,#5840,#5841);
#5839 = CARTESIAN_POINT('',(-1.549000024796,-0.172099273718,
    0.629599284447));
#5840 = DIRECTION('',(-1.,-0.,-0.));
#5841 = DIRECTION('',(0.,0.,-1.));
#5842 = DEFINITIONAL_REPRESENTATION('',(#5843),#5846);
#5843 = B_SPLINE_CURVE_WITH_KNOTS('',1,(#5844,#5845),.UNSPECIFIED.,.F.,
  .F.,(2,2),(0.,0.813000023365),.PIECEWISE_BEZIER_KNOTS.);
#5844 = CARTESIAN_POINT('',(-0.234400737964,1.122900683367));
#5845 = CARTESIAN_POINT('',(0.578599285401,1.122900683367));
#5846 = ( GEOMETRIC_REPRESENTATION_CONTEXT(2) 
PARAMETRIC_REPRESENTATION_CONTEXT() REPRESENTATION_CONTEXT('2D SPACE',''
  ) );
#5847 = ORIENTED_EDGE('',*,*,#5848,.T.);
#5848 = EDGE_CURVE('',#5822,#5788,#5849,.T.);
#5849 = SURFACE_CURVE('',#5850,(#5854,#5861),.PCURVE_S1.);
#5850 = LINE('',#5851,#5852);
#5851 = CARTESIAN_POINT('',(-1.549000024796,-1.294999957085,
    5.099999904633E-02));
#5852 = VECTOR('',#5853,1.);
#5853 = DIRECTION('',(1.,0.,0.));
#5854 = PCURVE('',#5798,#5855);
#5855 = DEFINITIONAL_REPRESENTATION('',(#5856),#5860);
#5856 = LINE('',#5857,#5858);
#5857 = CARTESIAN_POINT('',(0.229475186052,-1.371975199165));
#5858 = VECTOR('',#5859,1.);
#5859 = DIRECTION('',(0.,1.));
#5860 = ( GEOMETRIC_REPRESENTATION_CONTEXT(2) 
PARAMETRIC_REPRESENTATION_CONTEXT() REPRESENTATION_CONTEXT('2D SPACE',''
  ) );
#5861 = PCURVE('',#5862,#5867);
#5862 = PLANE('',#5863);
#5863 = AXIS2_PLACEMENT_3D('',#5864,#5865,#5866);
#5864 = CARTESIAN_POINT('',(0.412491946685,-0.412491946685,
    5.099999904633E-02));
#5865 = DIRECTION('',(-0.,-0.,-1.));
#5866 = DIRECTION('',(-1.,0.,0.));
#5867 = DEFINITIONAL_REPRESENTATION('',(#5868),#5871);
#5868 = B_SPLINE_CURVE_WITH_KNOTS('',1,(#5869,#5870),.UNSPECIFIED.,.F.,
  .F.,(2,2),(0.,3.098000049591),.PIECEWISE_BEZIER_KNOTS.);
#5869 = CARTESIAN_POINT('',(1.96149197148,-0.8825080104));
#5870 = CARTESIAN_POINT('',(-1.136508078111,-0.8825080104));
#5871 = ( GEOMETRIC_REPRESENTATION_CONTEXT(2) 
PARAMETRIC_REPRESENTATION_CONTEXT() REPRESENTATION_CONTEXT('2D SPACE',''
  ) );
#5872 = ADVANCED_FACE('',(#5873),#5810,.T.);
#5873 = FACE_BOUND('',#5874,.T.);
#5874 = EDGE_LOOP('',(#5875,#5902,#5903));
#5875 = ORIENTED_EDGE('',*,*,#5876,.T.);
#5876 = EDGE_CURVE('',#5877,#5790,#5879,.T.);
#5877 = VERTEX_POINT('',#5878);
#5878 = CARTESIAN_POINT('',(1.549000024796,-1.294999957085,
    0.864000022411));
#5879 = SURFACE_CURVE('',#5880,(#5884,#5891),.PCURVE_S1.);
#5880 = LINE('',#5881,#5882);
#5881 = CARTESIAN_POINT('',(1.549000024796,-1.294999957085,
    0.864000022411));
#5882 = VECTOR('',#5883,1.);
#5883 = DIRECTION('',(-1.,0.,0.));
#5884 = PCURVE('',#5810,#5885);
#5885 = DEFINITIONAL_REPRESENTATION('',(#5886),#5890);
#5886 = LINE('',#5887,#5888);
#5887 = CARTESIAN_POINT('',(-0.229475186052,1.371975199165));
#5888 = VECTOR('',#5889,1.);
#5889 = DIRECTION('',(0.,-1.));
#5890 = ( GEOMETRIC_REPRESENTATION_CONTEXT(2) 
PARAMETRIC_REPRESENTATION_CONTEXT() REPRESENTATION_CONTEXT('2D SPACE',''
  ) );
#5891 = PCURVE('',#5892,#5897);
#5892 = PLANE('',#5893);
#5893 = AXIS2_PLACEMENT_3D('',#5894,#5895,#5896);
#5894 = CARTESIAN_POINT('',(-0.412491946685,-0.412491946685,
    0.864000022411));
#5895 = DIRECTION('',(0.,0.,1.));
#5896 = DIRECTION('',(1.,0.,-0.));
#5897 = DEFINITIONAL_REPRESENTATION('',(#5898),#5901);
#5898 = B_SPLINE_CURVE_WITH_KNOTS('',1,(#5899,#5900),.UNSPECIFIED.,.F.,
  .F.,(2,2),(0.,3.098000049591),.PIECEWISE_BEZIER_KNOTS.);
#5899 = CARTESIAN_POINT('',(1.96149197148,-0.8825080104));
#5900 = CARTESIAN_POINT('',(-1.136508078111,-0.8825080104));
#5901 = ( GEOMETRIC_REPRESENTATION_CONTEXT(2) 
PARAMETRIC_REPRESENTATION_CONTEXT() REPRESENTATION_CONTEXT('2D SPACE',''
  ) );
#5902 = ORIENTED_EDGE('',*,*,#5787,.F.);
#5903 = ORIENTED_EDGE('',*,*,#5904,.T.);
#5904 = EDGE_CURVE('',#5788,#5877,#5905,.T.);
#5905 = SURFACE_CURVE('',#5906,(#5910,#5917),.PCURVE_S1.);
#5906 = LINE('',#5907,#5908);
#5907 = CARTESIAN_POINT('',(1.549000024796,-1.294999957085,
    5.099999904633E-02));
#5908 = VECTOR('',#5909,1.);
#5909 = DIRECTION('',(0.,0.,1.));
#5910 = PCURVE('',#5810,#5911);
#5911 = DEFINITIONAL_REPRESENTATION('',(#5912),#5916);
#5912 = LINE('',#5913,#5914);
#5913 = CARTESIAN_POINT('',(0.583524837313,1.371975199165));
#5914 = VECTOR('',#5915,1.);
#5915 = DIRECTION('',(-1.,0.));
#5916 = ( GEOMETRIC_REPRESENTATION_CONTEXT(2) 
PARAMETRIC_REPRESENTATION_CONTEXT() REPRESENTATION_CONTEXT('2D SPACE',''
  ) );
#5917 = PCURVE('',#5918,#5923);
#5918 = PLANE('',#5919);
#5919 = AXIS2_PLACEMENT_3D('',#5920,#5921,#5922);
#5920 = CARTESIAN_POINT('',(1.549000024796,-0.172099273718,
    0.285400737011));
#5921 = DIRECTION('',(1.,0.,0.));
#5922 = DIRECTION('',(-0.,0.,1.));
#5923 = DEFINITIONAL_REPRESENTATION('',(#5924),#5927);
#5924 = B_SPLINE_CURVE_WITH_KNOTS('',1,(#5925,#5926),.UNSPECIFIED.,.F.,
  .F.,(2,2),(0.,0.813000023365),.PIECEWISE_BEZIER_KNOTS.);
#5925 = CARTESIAN_POINT('',(-0.234400737964,1.122900683367));
#5926 = CARTESIAN_POINT('',(0.578599285401,1.122900683367));
#5927 = ( GEOMETRIC_REPRESENTATION_CONTEXT(2) 
PARAMETRIC_REPRESENTATION_CONTEXT() REPRESENTATION_CONTEXT('2D SPACE',''
  ) );
#5928 = ADVANCED_FACE('',(#5929),#5918,.T.);
#5929 = FACE_BOUND('',#5930,.T.);
#5930 = EDGE_LOOP('',(#5931,#5958,#5959));
#5931 = ORIENTED_EDGE('',*,*,#5932,.T.);
#5932 = EDGE_CURVE('',#5933,#5877,#5935,.T.);
#5933 = VERTEX_POINT('',#5934);
#5934 = CARTESIAN_POINT('',(1.549000024796,1.294999957085,
    5.099999904633E-02));
#5935 = SURFACE_CURVE('',#5936,(#5940,#5947),.PCURVE_S1.);
#5936 = LINE('',#5937,#5938);
#5937 = CARTESIAN_POINT('',(1.549000024796,1.294999957085,
    5.099999904633E-02));
#5938 = VECTOR('',#5939,1.);
#5939 = DIRECTION('',(0.,-0.954099020846,0.299491332798));
#5940 = PCURVE('',#5918,#5941);
#5941 = DEFINITIONAL_REPRESENTATION('',(#5942),#5946);
#5942 = LINE('',#5943,#5944);
#5943 = CARTESIAN_POINT('',(-0.234400737964,-1.467099230803));
#5944 = VECTOR('',#5945,1.);
#5945 = DIRECTION('',(0.299491332798,0.954099020846));
#5946 = ( GEOMETRIC_REPRESENTATION_CONTEXT(2) 
PARAMETRIC_REPRESENTATION_CONTEXT() REPRESENTATION_CONTEXT('2D SPACE',''
  ) );
#5947 = PCURVE('',#5948,#5953);
#5948 = PLANE('',#5949);
#5949 = AXIS2_PLACEMENT_3D('',#5950,#5951,#5952);
#5950 = CARTESIAN_POINT('',(1.549000024796,0.172099273718,0.629599284447
    ));
#5951 = DIRECTION('',(1.,0.,0.));
#5952 = DIRECTION('',(-0.,0.,1.));
#5953 = DEFINITIONAL_REPRESENTATION('',(#5954),#5957);
#5954 = B_SPLINE_CURVE_WITH_KNOTS('',1,(#5955,#5956),.UNSPECIFIED.,.F.,
  .F.,(2,2),(0.,2.714602842662),.PIECEWISE_BEZIER_KNOTS.);
#5955 = CARTESIAN_POINT('',(-0.578599285401,-1.122900683367));
#5956 = CARTESIAN_POINT('',(0.234400737964,1.467099230803));
#5957 = ( GEOMETRIC_REPRESENTATION_CONTEXT(2) 
PARAMETRIC_REPRESENTATION_CONTEXT() REPRESENTATION_CONTEXT('2D SPACE',''
  ) );
#5958 = ORIENTED_EDGE('',*,*,#5904,.F.);
#5959 = ORIENTED_EDGE('',*,*,#5960,.T.);
#5960 = EDGE_CURVE('',#5788,#5933,#5961,.T.);
#5961 = SURFACE_CURVE('',#5962,(#5966,#5973),.PCURVE_S1.);
#5962 = LINE('',#5963,#5964);
#5963 = CARTESIAN_POINT('',(1.549000024796,-1.294999957085,
    5.099999904633E-02));
#5964 = VECTOR('',#5965,1.);
#5965 = DIRECTION('',(0.,1.,0.));
#5966 = PCURVE('',#5918,#5967);
#5967 = DEFINITIONAL_REPRESENTATION('',(#5968),#5972);
#5968 = LINE('',#5969,#5970);
#5969 = CARTESIAN_POINT('',(-0.234400737964,1.122900683367));
#5970 = VECTOR('',#5971,1.);
#5971 = DIRECTION('',(0.,-1.));
#5972 = ( GEOMETRIC_REPRESENTATION_CONTEXT(2) 
PARAMETRIC_REPRESENTATION_CONTEXT() REPRESENTATION_CONTEXT('2D SPACE',''
  ) );
#5973 = PCURVE('',#5862,#5974);
#5974 = DEFINITIONAL_REPRESENTATION('',(#5975),#5978);
#5975 = B_SPLINE_CURVE_WITH_KNOTS('',1,(#5976,#5977),.UNSPECIFIED.,.F.,
  .F.,(2,2),(0.,2.589999914169),.PIECEWISE_BEZIER_KNOTS.);
#5976 = CARTESIAN_POINT('',(-1.136508078111,-0.8825080104));
#5977 = CARTESIAN_POINT('',(-1.136508078111,1.707491903769));
#5978 = ( GEOMETRIC_REPRESENTATION_CONTEXT(2) 
PARAMETRIC_REPRESENTATION_CONTEXT() REPRESENTATION_CONTEXT('2D SPACE',''
  ) );
#5979 = ADVANCED_FACE('',(#5980),#5948,.T.);
#5980 = FACE_BOUND('',#5981,.T.);
#5981 = EDGE_LOOP('',(#5982,#6009,#6010));
#5982 = ORIENTED_EDGE('',*,*,#5983,.T.);
#5983 = EDGE_CURVE('',#5984,#5877,#5986,.T.);
#5984 = VERTEX_POINT('',#5985);
#5985 = CARTESIAN_POINT('',(1.549000024796,1.294999957085,0.864000022411
    ));
#5986 = SURFACE_CURVE('',#5987,(#5991,#5998),.PCURVE_S1.);
#5987 = LINE('',#5988,#5989);
#5988 = CARTESIAN_POINT('',(1.549000024796,1.294999957085,0.864000022411
    ));
#5989 = VECTOR('',#5990,1.);
#5990 = DIRECTION('',(0.,-1.,0.));
#5991 = PCURVE('',#5948,#5992);
#5992 = DEFINITIONAL_REPRESENTATION('',(#5993),#5997);
#5993 = LINE('',#5994,#5995);
#5994 = CARTESIAN_POINT('',(0.234400737964,-1.122900683367));
#5995 = VECTOR('',#5996,1.);
#5996 = DIRECTION('',(0.,1.));
#5997 = ( GEOMETRIC_REPRESENTATION_CONTEXT(2) 
PARAMETRIC_REPRESENTATION_CONTEXT() REPRESENTATION_CONTEXT('2D SPACE',''
  ) );
#5998 = PCURVE('',#5999,#6004);
#5999 = PLANE('',#6000);
#6000 = AXIS2_PLACEMENT_3D('',#6001,#6002,#6003);
#6001 = CARTESIAN_POINT('',(0.412491946685,0.412491946685,0.864000022411
    ));
#6002 = DIRECTION('',(0.,0.,1.));
#6003 = DIRECTION('',(1.,0.,-0.));
#6004 = DEFINITIONAL_REPRESENTATION('',(#6005),#6008);
#6005 = B_SPLINE_CURVE_WITH_KNOTS('',1,(#6006,#6007),.UNSPECIFIED.,.F.,
  .F.,(2,2),(0.,2.589999914169),.PIECEWISE_BEZIER_KNOTS.);
#6006 = CARTESIAN_POINT('',(1.136508078111,0.8825080104));
#6007 = CARTESIAN_POINT('',(1.136508078111,-1.707491903769));
#6008 = ( GEOMETRIC_REPRESENTATION_CONTEXT(2) 
PARAMETRIC_REPRESENTATION_CONTEXT() REPRESENTATION_CONTEXT('2D SPACE',''
  ) );
#6009 = ORIENTED_EDGE('',*,*,#5932,.F.);
#6010 = ORIENTED_EDGE('',*,*,#6011,.T.);
#6011 = EDGE_CURVE('',#5933,#5984,#6012,.T.);
#6012 = SURFACE_CURVE('',#6013,(#6017,#6024),.PCURVE_S1.);
#6013 = LINE('',#6014,#6015);
#6014 = CARTESIAN_POINT('',(1.549000024796,1.294999957085,
    5.099999904633E-02));
#6015 = VECTOR('',#6016,1.);
#6016 = DIRECTION('',(0.,0.,1.));
#6017 = PCURVE('',#5948,#6018);
#6018 = DEFINITIONAL_REPRESENTATION('',(#6019),#6023);
#6019 = LINE('',#6020,#6021);
#6020 = CARTESIAN_POINT('',(-0.578599285401,-1.122900683367));
#6021 = VECTOR('',#6022,1.);
#6022 = DIRECTION('',(1.,0.));
#6023 = ( GEOMETRIC_REPRESENTATION_CONTEXT(2) 
PARAMETRIC_REPRESENTATION_CONTEXT() REPRESENTATION_CONTEXT('2D SPACE',''
  ) );
#6024 = PCURVE('',#6025,#6030);
#6025 = PLANE('',#6026);
#6026 = AXIS2_PLACEMENT_3D('',#6027,#6028,#6029);
#6027 = CARTESIAN_POINT('',(0.17702482563,1.294999957085,0.280475185099)
  );
#6028 = DIRECTION('',(0.,1.,0.));
#6029 = DIRECTION('',(0.,-0.,1.));
#6030 = DEFINITIONAL_REPRESENTATION('',(#6031),#6034);
#6031 = B_SPLINE_CURVE_WITH_KNOTS('',1,(#6032,#6033),.UNSPECIFIED.,.F.,
  .F.,(2,2),(0.,0.813000023365),.PIECEWISE_BEZIER_KNOTS.);
#6032 = CARTESIAN_POINT('',(-0.229475186052,1.371975199165));
#6033 = CARTESIAN_POINT('',(0.583524837313,1.371975199165));
#6034 = ( GEOMETRIC_REPRESENTATION_CONTEXT(2) 
PARAMETRIC_REPRESENTATION_CONTEXT() REPRESENTATION_CONTEXT('2D SPACE',''
  ) );
#6035 = ADVANCED_FACE('',(#6036),#6025,.T.);
#6036 = FACE_BOUND('',#6037,.T.);
#6037 = EDGE_LOOP('',(#6038,#6065,#6066));
#6038 = ORIENTED_EDGE('',*,*,#6039,.T.);
#6039 = EDGE_CURVE('',#6040,#5984,#6042,.T.);
#6040 = VERTEX_POINT('',#6041);
#6041 = CARTESIAN_POINT('',(-1.549000024796,1.294999957085,
    5.099999904633E-02));
#6042 = SURFACE_CURVE('',#6043,(#6047,#6054),.PCURVE_S1.);
#6043 = LINE('',#6044,#6045);
#6044 = CARTESIAN_POINT('',(-1.549000024796,1.294999957085,
    5.099999904633E-02));
#6045 = VECTOR('',#6046,1.);
#6046 = DIRECTION('',(0.967248213928,0.,0.253832410567));
#6047 = PCURVE('',#6025,#6048);
#6048 = DEFINITIONAL_REPRESENTATION('',(#6049),#6053);
#6049 = LINE('',#6050,#6051);
#6050 = CARTESIAN_POINT('',(-0.229475186052,-1.726024850426));
#6051 = VECTOR('',#6052,1.);
#6052 = DIRECTION('',(0.253832410567,0.967248213928));
#6053 = ( GEOMETRIC_REPRESENTATION_CONTEXT(2) 
PARAMETRIC_REPRESENTATION_CONTEXT() REPRESENTATION_CONTEXT('2D SPACE',''
  ) );
#6054 = PCURVE('',#6055,#6060);
#6055 = PLANE('',#6056);
#6056 = AXIS2_PLACEMENT_3D('',#6057,#6058,#6059);
#6057 = CARTESIAN_POINT('',(-0.17702482563,1.294999957085,0.634524836359
    ));
#6058 = DIRECTION('',(0.,1.,0.));
#6059 = DIRECTION('',(0.,-0.,1.));
#6060 = DEFINITIONAL_REPRESENTATION('',(#6061),#6064);
#6061 = B_SPLINE_CURVE_WITH_KNOTS('',1,(#6062,#6063),.UNSPECIFIED.,.F.,
  .F.,(2,2),(0.,3.202900770436),.PIECEWISE_BEZIER_KNOTS.);
#6062 = CARTESIAN_POINT('',(-0.583524837313,-1.371975199165));
#6063 = CARTESIAN_POINT('',(0.229475186052,1.726024850426));
#6064 = ( GEOMETRIC_REPRESENTATION_CONTEXT(2) 
PARAMETRIC_REPRESENTATION_CONTEXT() REPRESENTATION_CONTEXT('2D SPACE',''
  ) );
#6065 = ORIENTED_EDGE('',*,*,#6011,.F.);
#6066 = ORIENTED_EDGE('',*,*,#6067,.T.);
#6067 = EDGE_CURVE('',#5933,#6040,#6068,.T.);
#6068 = SURFACE_CURVE('',#6069,(#6073,#6080),.PCURVE_S1.);
#6069 = LINE('',#6070,#6071);
#6070 = CARTESIAN_POINT('',(1.549000024796,1.294999957085,
    5.099999904633E-02));
#6071 = VECTOR('',#6072,1.);
#6072 = DIRECTION('',(-1.,0.,0.));
#6073 = PCURVE('',#6025,#6074);
#6074 = DEFINITIONAL_REPRESENTATION('',(#6075),#6079);
#6075 = LINE('',#6076,#6077);
#6076 = CARTESIAN_POINT('',(-0.229475186052,1.371975199165));
#6077 = VECTOR('',#6078,1.);
#6078 = DIRECTION('',(0.,-1.));
#6079 = ( GEOMETRIC_REPRESENTATION_CONTEXT(2) 
PARAMETRIC_REPRESENTATION_CONTEXT() REPRESENTATION_CONTEXT('2D SPACE',''
  ) );
#6080 = PCURVE('',#6081,#6086);
#6081 = PLANE('',#6082);
#6082 = AXIS2_PLACEMENT_3D('',#6083,#6084,#6085);
#6083 = CARTESIAN_POINT('',(-0.412491946685,0.412491946685,
    5.099999904633E-02));
#6084 = DIRECTION('',(-0.,-0.,-1.));
#6085 = DIRECTION('',(-1.,0.,0.));
#6086 = DEFINITIONAL_REPRESENTATION('',(#6087),#6090);
#6087 = B_SPLINE_CURVE_WITH_KNOTS('',1,(#6088,#6089),.UNSPECIFIED.,.F.,
  .F.,(2,2),(0.,3.098000049591),.PIECEWISE_BEZIER_KNOTS.);
#6088 = CARTESIAN_POINT('',(-1.96149197148,0.8825080104));
#6089 = CARTESIAN_POINT('',(1.136508078111,0.8825080104));
#6090 = ( GEOMETRIC_REPRESENTATION_CONTEXT(2) 
PARAMETRIC_REPRESENTATION_CONTEXT() REPRESENTATION_CONTEXT('2D SPACE',''
  ) );
#6091 = ADVANCED_FACE('',(#6092),#6055,.T.);
#6092 = FACE_BOUND('',#6093,.T.);
#6093 = EDGE_LOOP('',(#6094,#6116,#6117));
#6094 = ORIENTED_EDGE('',*,*,#6095,.T.);
#6095 = EDGE_CURVE('',#6096,#5984,#6098,.T.);
#6096 = VERTEX_POINT('',#6097);
#6097 = CARTESIAN_POINT('',(-1.549000024796,1.294999957085,
    0.864000022411));
#6098 = SURFACE_CURVE('',#6099,(#6103,#6110),.PCURVE_S1.);
#6099 = LINE('',#6100,#6101);
#6100 = CARTESIAN_POINT('',(-1.549000024796,1.294999957085,
    0.864000022411));
#6101 = VECTOR('',#6102,1.);
#6102 = DIRECTION('',(1.,0.,0.));
#6103 = PCURVE('',#6055,#6104);
#6104 = DEFINITIONAL_REPRESENTATION('',(#6105),#6109);
#6105 = LINE('',#6106,#6107);
#6106 = CARTESIAN_POINT('',(0.229475186052,-1.371975199165));
#6107 = VECTOR('',#6108,1.);
#6108 = DIRECTION('',(0.,1.));
#6109 = ( GEOMETRIC_REPRESENTATION_CONTEXT(2) 
PARAMETRIC_REPRESENTATION_CONTEXT() REPRESENTATION_CONTEXT('2D SPACE',''
  ) );
#6110 = PCURVE('',#5999,#6111);
#6111 = DEFINITIONAL_REPRESENTATION('',(#6112),#6115);
#6112 = B_SPLINE_CURVE_WITH_KNOTS('',1,(#6113,#6114),.UNSPECIFIED.,.F.,
  .F.,(2,2),(0.,3.098000049591),.PIECEWISE_BEZIER_KNOTS.);
#6113 = CARTESIAN_POINT('',(-1.96149197148,0.8825080104));
#6114 = CARTESIAN_POINT('',(1.136508078111,0.8825080104));
#6115 = ( GEOMETRIC_REPRESENTATION_CONTEXT(2) 
PARAMETRIC_REPRESENTATION_CONTEXT() REPRESENTATION_CONTEXT('2D SPACE',''
  ) );
#6116 = ORIENTED_EDGE('',*,*,#6039,.F.);
#6117 = ORIENTED_EDGE('',*,*,#6118,.T.);
#6118 = EDGE_CURVE('',#6040,#6096,#6119,.T.);
#6119 = SURFACE_CURVE('',#6120,(#6124,#6131),.PCURVE_S1.);
#6120 = LINE('',#6121,#6122);
#6121 = CARTESIAN_POINT('',(-1.549000024796,1.294999957085,
    5.099999904633E-02));
#6122 = VECTOR('',#6123,1.);
#6123 = DIRECTION('',(0.,0.,1.));
#6124 = PCURVE('',#6055,#6125);
#6125 = DEFINITIONAL_REPRESENTATION('',(#6126),#6130);
#6126 = LINE('',#6127,#6128);
#6127 = CARTESIAN_POINT('',(-0.583524837313,-1.371975199165));
#6128 = VECTOR('',#6129,1.);
#6129 = DIRECTION('',(1.,0.));
#6130 = ( GEOMETRIC_REPRESENTATION_CONTEXT(2) 
PARAMETRIC_REPRESENTATION_CONTEXT() REPRESENTATION_CONTEXT('2D SPACE',''
  ) );
#6131 = PCURVE('',#6132,#6137);
#6132 = PLANE('',#6133);
#6133 = AXIS2_PLACEMENT_3D('',#6134,#6135,#6136);
#6134 = CARTESIAN_POINT('',(-1.549000024796,0.172099273718,
    0.285400737011));
#6135 = DIRECTION('',(-1.,-0.,-0.));
#6136 = DIRECTION('',(0.,0.,-1.));
#6137 = DEFINITIONAL_REPRESENTATION('',(#6138),#6141);
#6138 = B_SPLINE_CURVE_WITH_KNOTS('',1,(#6139,#6140),.UNSPECIFIED.,.F.,
  .F.,(2,2),(0.,0.813000023365),.PIECEWISE_BEZIER_KNOTS.);
#6139 = CARTESIAN_POINT('',(0.234400737964,-1.122900683367));
#6140 = CARTESIAN_POINT('',(-0.578599285401,-1.122900683367));
#6141 = ( GEOMETRIC_REPRESENTATION_CONTEXT(2) 
PARAMETRIC_REPRESENTATION_CONTEXT() REPRESENTATION_CONTEXT('2D SPACE',''
  ) );
#6142 = ADVANCED_FACE('',(#6143),#6132,.T.);
#6143 = FACE_BOUND('',#6144,.T.);
#6144 = EDGE_LOOP('',(#6145,#6165,#6166));
#6145 = ORIENTED_EDGE('',*,*,#6146,.T.);
#6146 = EDGE_CURVE('',#5822,#6096,#6147,.T.);
#6147 = SURFACE_CURVE('',#6148,(#6152,#6159),.PCURVE_S1.);
#6148 = LINE('',#6149,#6150);
#6149 = CARTESIAN_POINT('',(-1.549000024796,-1.294999957085,
    5.099999904633E-02));
#6150 = VECTOR('',#6151,1.);
#6151 = DIRECTION('',(0.,0.954099020846,0.299491332798));
#6152 = PCURVE('',#6132,#6153);
#6153 = DEFINITIONAL_REPRESENTATION('',(#6154),#6158);
#6154 = LINE('',#6155,#6156);
#6155 = CARTESIAN_POINT('',(0.234400737964,1.467099230803));
#6156 = VECTOR('',#6157,1.);
#6157 = DIRECTION('',(-0.299491332798,-0.954099020846));
#6158 = ( GEOMETRIC_REPRESENTATION_CONTEXT(2) 
PARAMETRIC_REPRESENTATION_CONTEXT() REPRESENTATION_CONTEXT('2D SPACE',''
  ) );
#6159 = PCURVE('',#5837,#6160);
#6160 = DEFINITIONAL_REPRESENTATION('',(#6161),#6164);
#6161 = B_SPLINE_CURVE_WITH_KNOTS('',1,(#6162,#6163),.UNSPECIFIED.,.F.,
  .F.,(2,2),(0.,2.714602842662),.PIECEWISE_BEZIER_KNOTS.);
#6162 = CARTESIAN_POINT('',(0.578599285401,1.122900683367));
#6163 = CARTESIAN_POINT('',(-0.234400737964,-1.467099230803));
#6164 = ( GEOMETRIC_REPRESENTATION_CONTEXT(2) 
PARAMETRIC_REPRESENTATION_CONTEXT() REPRESENTATION_CONTEXT('2D SPACE',''
  ) );
#6165 = ORIENTED_EDGE('',*,*,#6118,.F.);
#6166 = ORIENTED_EDGE('',*,*,#6167,.T.);
#6167 = EDGE_CURVE('',#6040,#5822,#6168,.T.);
#6168 = SURFACE_CURVE('',#6169,(#6173,#6180),.PCURVE_S1.);
#6169 = LINE('',#6170,#6171);
#6170 = CARTESIAN_POINT('',(-1.549000024796,1.294999957085,
    5.099999904633E-02));
#6171 = VECTOR('',#6172,1.);
#6172 = DIRECTION('',(0.,-1.,0.));
#6173 = PCURVE('',#6132,#6174);
#6174 = DEFINITIONAL_REPRESENTATION('',(#6175),#6179);
#6175 = LINE('',#6176,#6177);
#6176 = CARTESIAN_POINT('',(0.234400737964,-1.122900683367));
#6177 = VECTOR('',#6178,1.);
#6178 = DIRECTION('',(0.,1.));
#6179 = ( GEOMETRIC_REPRESENTATION_CONTEXT(2) 
PARAMETRIC_REPRESENTATION_CONTEXT() REPRESENTATION_CONTEXT('2D SPACE',''
  ) );
#6180 = PCURVE('',#6081,#6181);
#6181 = DEFINITIONAL_REPRESENTATION('',(#6182),#6185);
#6182 = B_SPLINE_CURVE_WITH_KNOTS('',1,(#6183,#6184),.UNSPECIFIED.,.F.,
  .F.,(2,2),(0.,2.589999914169),.PIECEWISE_BEZIER_KNOTS.);
#6183 = CARTESIAN_POINT('',(1.136508078111,0.8825080104));
#6184 = CARTESIAN_POINT('',(1.136508078111,-1.707491903769));
#6185 = ( GEOMETRIC_REPRESENTATION_CONTEXT(2) 
PARAMETRIC_REPRESENTATION_CONTEXT() REPRESENTATION_CONTEXT('2D SPACE',''
  ) );
#6186 = ADVANCED_FACE('',(#6187),#5837,.T.);
#6187 = FACE_BOUND('',#6188,.T.);
#6188 = EDGE_LOOP('',(#6189,#6209,#6210));
#6189 = ORIENTED_EDGE('',*,*,#6190,.T.);
#6190 = EDGE_CURVE('',#5790,#6096,#6191,.T.);
#6191 = SURFACE_CURVE('',#6192,(#6196,#6203),.PCURVE_S1.);
#6192 = LINE('',#6193,#6194);
#6193 = CARTESIAN_POINT('',(-1.549000024796,-1.294999957085,
    0.864000022411));
#6194 = VECTOR('',#6195,1.);
#6195 = DIRECTION('',(0.,1.,0.));
#6196 = PCURVE('',#5837,#6197);
#6197 = DEFINITIONAL_REPRESENTATION('',(#6198),#6202);
#6198 = LINE('',#6199,#6200);
#6199 = CARTESIAN_POINT('',(-0.234400737964,1.122900683367));
#6200 = VECTOR('',#6201,1.);
#6201 = DIRECTION('',(0.,-1.));
#6202 = ( GEOMETRIC_REPRESENTATION_CONTEXT(2) 
PARAMETRIC_REPRESENTATION_CONTEXT() REPRESENTATION_CONTEXT('2D SPACE',''
  ) );
#6203 = PCURVE('',#5892,#6204);
#6204 = DEFINITIONAL_REPRESENTATION('',(#6205),#6208);
#6205 = B_SPLINE_CURVE_WITH_KNOTS('',1,(#6206,#6207),.UNSPECIFIED.,.F.,
  .F.,(2,2),(0.,2.589999914169),.PIECEWISE_BEZIER_KNOTS.);
#6206 = CARTESIAN_POINT('',(-1.136508078111,-0.8825080104));
#6207 = CARTESIAN_POINT('',(-1.136508078111,1.707491903769));
#6208 = ( GEOMETRIC_REPRESENTATION_CONTEXT(2) 
PARAMETRIC_REPRESENTATION_CONTEXT() REPRESENTATION_CONTEXT('2D SPACE',''
  ) );
#6209 = ORIENTED_EDGE('',*,*,#6146,.F.);
#6210 = ORIENTED_EDGE('',*,*,#5821,.F.);
#6211 = ADVANCED_FACE('',(#6212),#5862,.T.);
#6212 = FACE_BOUND('',#6213,.T.);
#6213 = EDGE_LOOP('',(#6214,#6234,#6235));
#6214 = ORIENTED_EDGE('',*,*,#6215,.T.);
#6215 = EDGE_CURVE('',#5822,#5933,#6216,.T.);
#6216 = SURFACE_CURVE('',#6217,(#6221,#6228),.PCURVE_S1.);
#6217 = LINE('',#6218,#6219);
#6218 = CARTESIAN_POINT('',(-1.549000024796,-1.294999957085,
    5.099999904633E-02));
#6219 = VECTOR('',#6220,1.);
#6220 = DIRECTION('',(0.7672053896,0.641401504651,0.));
#6221 = PCURVE('',#5862,#6222);
#6222 = DEFINITIONAL_REPRESENTATION('',(#6223),#6227);
#6223 = LINE('',#6224,#6225);
#6224 = CARTESIAN_POINT('',(1.96149197148,-0.8825080104));
#6225 = VECTOR('',#6226,1.);
#6226 = DIRECTION('',(-0.7672053896,0.641401504651));
#6227 = ( GEOMETRIC_REPRESENTATION_CONTEXT(2) 
PARAMETRIC_REPRESENTATION_CONTEXT() REPRESENTATION_CONTEXT('2D SPACE',''
  ) );
#6228 = PCURVE('',#6081,#6229);
#6229 = DEFINITIONAL_REPRESENTATION('',(#6230),#6233);
#6230 = B_SPLINE_CURVE_WITH_KNOTS('',1,(#6231,#6232),.UNSPECIFIED.,.F.,
  .F.,(2,2),(0.,4.038032177022),.PIECEWISE_BEZIER_KNOTS.);
#6231 = CARTESIAN_POINT('',(1.136508078111,-1.707491903769));
#6232 = CARTESIAN_POINT('',(-1.96149197148,0.8825080104));
#6233 = ( GEOMETRIC_REPRESENTATION_CONTEXT(2) 
PARAMETRIC_REPRESENTATION_CONTEXT() REPRESENTATION_CONTEXT('2D SPACE',''
  ) );
#6234 = ORIENTED_EDGE('',*,*,#5960,.F.);
#6235 = ORIENTED_EDGE('',*,*,#5848,.F.);
#6236 = ADVANCED_FACE('',(#6237),#6081,.T.);
#6237 = FACE_BOUND('',#6238,.T.);
#6238 = EDGE_LOOP('',(#6239,#6240,#6241));
#6239 = ORIENTED_EDGE('',*,*,#6067,.F.);
#6240 = ORIENTED_EDGE('',*,*,#6215,.F.);
#6241 = ORIENTED_EDGE('',*,*,#6167,.F.);
#6242 = ADVANCED_FACE('',(#6243),#5892,.T.);
#6243 = FACE_BOUND('',#6244,.T.);
#6244 = EDGE_LOOP('',(#6245,#6265,#6266));
#6245 = ORIENTED_EDGE('',*,*,#6246,.T.);
#6246 = EDGE_CURVE('',#5877,#6096,#6247,.T.);
#6247 = SURFACE_CURVE('',#6248,(#6252,#6259),.PCURVE_S1.);
#6248 = LINE('',#6249,#6250);
#6249 = CARTESIAN_POINT('',(1.549000024796,-1.294999957085,
    0.864000022411));
#6250 = VECTOR('',#6251,1.);
#6251 = DIRECTION('',(-0.7672053896,0.641401504651,0.));
#6252 = PCURVE('',#5892,#6253);
#6253 = DEFINITIONAL_REPRESENTATION('',(#6254),#6258);
#6254 = LINE('',#6255,#6256);
#6255 = CARTESIAN_POINT('',(1.96149197148,-0.8825080104));
#6256 = VECTOR('',#6257,1.);
#6257 = DIRECTION('',(-0.7672053896,0.641401504651));
#6258 = ( GEOMETRIC_REPRESENTATION_CONTEXT(2) 
PARAMETRIC_REPRESENTATION_CONTEXT() REPRESENTATION_CONTEXT('2D SPACE',''
  ) );
#6259 = PCURVE('',#5999,#6260);
#6260 = DEFINITIONAL_REPRESENTATION('',(#6261),#6264);
#6261 = B_SPLINE_CURVE_WITH_KNOTS('',1,(#6262,#6263),.UNSPECIFIED.,.F.,
  .F.,(2,2),(0.,4.038032177022),.PIECEWISE_BEZIER_KNOTS.);
#6262 = CARTESIAN_POINT('',(1.136508078111,-1.707491903769));
#6263 = CARTESIAN_POINT('',(-1.96149197148,0.8825080104));
#6264 = ( GEOMETRIC_REPRESENTATION_CONTEXT(2) 
PARAMETRIC_REPRESENTATION_CONTEXT() REPRESENTATION_CONTEXT('2D SPACE',''
  ) );
#6265 = ORIENTED_EDGE('',*,*,#6190,.F.);
#6266 = ORIENTED_EDGE('',*,*,#5876,.F.);
#6267 = ADVANCED_FACE('',(#6268),#5999,.T.);
#6268 = FACE_BOUND('',#6269,.T.);
#6269 = EDGE_LOOP('',(#6270,#6271,#6272));
#6270 = ORIENTED_EDGE('',*,*,#6095,.F.);
#6271 = ORIENTED_EDGE('',*,*,#6246,.F.);
#6272 = ORIENTED_EDGE('',*,*,#5983,.F.);
#6273 = ( GEOMETRIC_REPRESENTATION_CONTEXT(3) 
GLOBAL_UNCERTAINTY_ASSIGNED_CONTEXT((#6277)) 
GLOBAL_UNIT_ASSIGNED_CONTEXT((#6274,#6275,#6276)) REPRESENTATION_CONTEXT
('Context #1','3D Context with UNIT and UNCERTAINTY') );
#6274 = ( LENGTH_UNIT() NAMED_UNIT(*) SI_UNIT(.MILLI.,.METRE.) );
#6275 = ( NAMED_UNIT(*) PLANE_ANGLE_UNIT() SI_UNIT($,.RADIAN.) );
#6276 = ( NAMED_UNIT(*) SI_UNIT($,.STERADIAN.) SOLID_ANGLE_UNIT() );
#6277 = UNCERTAINTY_MEASURE_WITH_UNIT(LENGTH_MEASURE(1.E-07),#6274,
  'distance_accuracy_value','confusion accuracy');
#6278 = SHAPE_DEFINITION_REPRESENTATION(#6279,#5780);
#6279 = PRODUCT_DEFINITION_SHAPE('','',#6280);
#6280 = PRODUCT_DEFINITION('design','',#6281,#6284);
#6281 = PRODUCT_DEFINITION_FORMATION('','',#6282);
#6282 = PRODUCT(' STEP translator 7.5 1.2',
  ' STEP translator 7.5 1.2','',(#6283));
#6283 = PRODUCT_CONTEXT('',#2,'mechanical');
#6284 = PRODUCT_DEFINITION_CONTEXT('part definition',#2,'design');
#6285 = CONTEXT_DEPENDENT_SHAPE_REPRESENTATION(#6286,#6288);
#6286 = ( REPRESENTATION_RELATIONSHIP('','',#5780,#10) 
REPRESENTATION_RELATIONSHIP_WITH_TRANSFORMATION(#6287) 
SHAPE_REPRESENTATION_RELATIONSHIP() );
#6287 = ITEM_DEFINED_TRANSFORMATION('','',#11,#19);
#6288 = PRODUCT_DEFINITION_SHAPE('Placement','Placement of an item',
  #6289);
#6289 = NEXT_ASSEMBLY_USAGE_OCCURRENCE('2','','',#5,#6280,$);
#6290 = PRODUCT_RELATED_PRODUCT_CATEGORY('part',$,(#6282));
#6291 = MANIFOLD_SURFACE_SHAPE_REPRESENTATION('',(#11,#6292),#6784);
#6292 = SHELL_BASED_SURFACE_MODEL('',(#6293));
#6293 = CLOSED_SHELL('',(#6294,#6383,#6439,#6490,#6546,#6602,#6653,#6697
    ,#6722,#6747,#6753,#6778));
#6294 = ADVANCED_FACE('',(#6295),#6309,.T.);
#6295 = FACE_BOUND('',#6296,.T.);
#6296 = EDGE_LOOP('',(#6297,#6331,#6358));
#6297 = ORIENTED_EDGE('',*,*,#6298,.T.);
#6298 = EDGE_CURVE('',#6299,#6301,#6303,.T.);
#6299 = VERTEX_POINT('',#6300);
#6300 = CARTESIAN_POINT('',(-0.972999989986,0.625,0.));
#6301 = VERTEX_POINT('',#6302);
#6302 = CARTESIAN_POINT('',(-1.447999954224,0.625,5.099999904633E-02));
#6303 = SURFACE_CURVE('',#6304,(#6308,#6320),.PCURVE_S1.);
#6304 = LINE('',#6305,#6306);
#6305 = CARTESIAN_POINT('',(-0.972999989986,0.625,0.));
#6306 = VECTOR('',#6307,1.);
#6307 = DIRECTION('',(-0.99428537182,0.,0.106754856489));
#6308 = PCURVE('',#6309,#6314);
#6309 = PLANE('',#6310);
#6310 = AXIS2_PLACEMENT_3D('',#6311,#6312,#6313);
#6311 = CARTESIAN_POINT('',(-1.222567459517,0.625,1.343251211113E-02));
#6312 = DIRECTION('',(-0.,-1.,-0.));
#6313 = DIRECTION('',(0.,0.,-1.));
#6314 = DEFINITIONAL_REPRESENTATION('',(#6315),#6319);
#6315 = LINE('',#6316,#6317);
#6316 = CARTESIAN_POINT('',(1.343251211113E-02,0.249567469531));
#6317 = VECTOR('',#6318,1.);
#6318 = DIRECTION('',(-0.106754856489,-0.99428537182));
#6319 = ( GEOMETRIC_REPRESENTATION_CONTEXT(2) 
PARAMETRIC_REPRESENTATION_CONTEXT() REPRESENTATION_CONTEXT('2D SPACE',''
  ) );
#6320 = PCURVE('',#6321,#6326);
#6321 = PLANE('',#6322);
#6322 = AXIS2_PLACEMENT_3D('',#6323,#6324,#6325);
#6323 = CARTESIAN_POINT('',(-1.198432484693,0.625,3.75674869352E-02));
#6324 = DIRECTION('',(-0.,-1.,-0.));
#6325 = DIRECTION('',(0.,0.,-1.));
#6326 = DEFINITIONAL_REPRESENTATION('',(#6327),#6330);
#6327 = B_SPLINE_CURVE_WITH_KNOTS('',1,(#6328,#6329),.UNSPECIFIED.,.F.,
  .F.,(2,2),(0.,0.477730013635),.PIECEWISE_BEZIER_KNOTS.);
#6328 = CARTESIAN_POINT('',(3.75674869352E-02,0.225432494707));
#6329 = CARTESIAN_POINT('',(-1.343251211113E-02,-0.249567469531));
#6330 = ( GEOMETRIC_REPRESENTATION_CONTEXT(2) 
PARAMETRIC_REPRESENTATION_CONTEXT() REPRESENTATION_CONTEXT('2D SPACE',''
  ) );
#6331 = ORIENTED_EDGE('',*,*,#6332,.T.);
#6332 = EDGE_CURVE('',#6301,#6333,#6335,.T.);
#6333 = VERTEX_POINT('',#6334);
#6334 = CARTESIAN_POINT('',(-1.447999954224,0.625,0.));
#6335 = SURFACE_CURVE('',#6336,(#6340,#6347),.PCURVE_S1.);
#6336 = LINE('',#6337,#6338);
#6337 = CARTESIAN_POINT('',(-1.447999954224,0.625,5.099999904633E-02));
#6338 = VECTOR('',#6339,1.);
#6339 = DIRECTION('',(0.,0.,-1.));
#6340 = PCURVE('',#6309,#6341);
#6341 = DEFINITIONAL_REPRESENTATION('',(#6342),#6346);
#6342 = LINE('',#6343,#6344);
#6343 = CARTESIAN_POINT('',(-3.75674869352E-02,-0.225432494707));
#6344 = VECTOR('',#6345,1.);
#6345 = DIRECTION('',(1.,0.));
#6346 = ( GEOMETRIC_REPRESENTATION_CONTEXT(2) 
PARAMETRIC_REPRESENTATION_CONTEXT() REPRESENTATION_CONTEXT('2D SPACE',''
  ) );
#6347 = PCURVE('',#6348,#6353);
#6348 = PLANE('',#6349);
#6349 = AXIS2_PLACEMENT_3D('',#6350,#6351,#6352);
#6350 = CARTESIAN_POINT('',(-1.447999954224,0.738537244213,
    3.696275530979E-02));
#6351 = DIRECTION('',(-1.,-0.,-0.));
#6352 = DIRECTION('',(0.,0.,-1.));
#6353 = DEFINITIONAL_REPRESENTATION('',(#6354),#6357);
#6354 = B_SPLINE_CURVE_WITH_KNOTS('',1,(#6355,#6356),.UNSPECIFIED.,.F.,
  .F.,(2,2),(0.,5.099999904633E-02),.PIECEWISE_BEZIER_KNOTS.);
#6355 = CARTESIAN_POINT('',(-1.403724373654E-02,0.113537244213));
#6356 = CARTESIAN_POINT('',(3.696275530979E-02,0.113537244213));
#6357 = ( GEOMETRIC_REPRESENTATION_CONTEXT(2) 
PARAMETRIC_REPRESENTATION_CONTEXT() REPRESENTATION_CONTEXT('2D SPACE',''
  ) );
#6358 = ORIENTED_EDGE('',*,*,#6359,.T.);
#6359 = EDGE_CURVE('',#6333,#6299,#6360,.T.);
#6360 = SURFACE_CURVE('',#6361,(#6365,#6372),.PCURVE_S1.);
#6361 = LINE('',#6362,#6363);
#6362 = CARTESIAN_POINT('',(-1.447999954224,0.625,0.));
#6363 = VECTOR('',#6364,1.);
#6364 = DIRECTION('',(1.,0.,0.));
#6365 = PCURVE('',#6309,#6366);
#6366 = DEFINITIONAL_REPRESENTATION('',(#6367),#6371);
#6367 = LINE('',#6368,#6369);
#6368 = CARTESIAN_POINT('',(1.343251211113E-02,-0.225432494707));
#6369 = VECTOR('',#6370,1.);
#6370 = DIRECTION('',(0.,1.));
#6371 = ( GEOMETRIC_REPRESENTATION_CONTEXT(2) 
PARAMETRIC_REPRESENTATION_CONTEXT() REPRESENTATION_CONTEXT('2D SPACE',''
  ) );
#6372 = PCURVE('',#6373,#6378);
#6373 = PLANE('',#6374);
#6374 = AXIS2_PLACEMENT_3D('',#6375,#6376,#6377);
#6375 = CARTESIAN_POINT('',(-1.163443164094,0.702943191989,0.));
#6376 = DIRECTION('',(-0.,-0.,-1.));
#6377 = DIRECTION('',(-1.,0.,0.));
#6378 = DEFINITIONAL_REPRESENTATION('',(#6379),#6382);
#6379 = B_SPLINE_CURVE_WITH_KNOTS('',1,(#6380,#6381),.UNSPECIFIED.,.F.,
  .F.,(2,2),(0.,0.474999964237),.PIECEWISE_BEZIER_KNOTS.);
#6380 = CARTESIAN_POINT('',(0.28455679013,-7.794319198881E-02));
#6381 = CARTESIAN_POINT('',(-0.190443174107,-7.794319198881E-02));
#6382 = ( GEOMETRIC_REPRESENTATION_CONTEXT(2) 
PARAMETRIC_REPRESENTATION_CONTEXT() REPRESENTATION_CONTEXT('2D SPACE',''
  ) );
#6383 = ADVANCED_FACE('',(#6384),#6321,.T.);
#6384 = FACE_BOUND('',#6385,.T.);
#6385 = EDGE_LOOP('',(#6386,#6413,#6414));
#6386 = ORIENTED_EDGE('',*,*,#6387,.T.);
#6387 = EDGE_CURVE('',#6388,#6301,#6390,.T.);
#6388 = VERTEX_POINT('',#6389);
#6389 = CARTESIAN_POINT('',(-0.972999989986,0.625,5.099999904633E-02));
#6390 = SURFACE_CURVE('',#6391,(#6395,#6402),.PCURVE_S1.);
#6391 = LINE('',#6392,#6393);
#6392 = CARTESIAN_POINT('',(-0.972999989986,0.625,5.099999904633E-02));
#6393 = VECTOR('',#6394,1.);
#6394 = DIRECTION('',(-1.,0.,0.));
#6395 = PCURVE('',#6321,#6396);
#6396 = DEFINITIONAL_REPRESENTATION('',(#6397),#6401);
#6397 = LINE('',#6398,#6399);
#6398 = CARTESIAN_POINT('',(-1.343251211113E-02,0.225432494707));
#6399 = VECTOR('',#6400,1.);
#6400 = DIRECTION('',(0.,-1.));
#6401 = ( GEOMETRIC_REPRESENTATION_CONTEXT(2) 
PARAMETRIC_REPRESENTATION_CONTEXT() REPRESENTATION_CONTEXT('2D SPACE',''
  ) );
#6402 = PCURVE('',#6403,#6408);
#6403 = PLANE('',#6404);
#6404 = AXIS2_PLACEMENT_3D('',#6405,#6406,#6407);
#6405 = CARTESIAN_POINT('',(-1.257556780116,0.702943191989,
    5.099999904633E-02));
#6406 = DIRECTION('',(0.,0.,1.));
#6407 = DIRECTION('',(1.,0.,-0.));
#6408 = DEFINITIONAL_REPRESENTATION('',(#6409),#6412);
#6409 = B_SPLINE_CURVE_WITH_KNOTS('',1,(#6410,#6411),.UNSPECIFIED.,.F.,
  .F.,(2,2),(0.,0.474999964237),.PIECEWISE_BEZIER_KNOTS.);
#6410 = CARTESIAN_POINT('',(0.28455679013,-7.794319198881E-02));
#6411 = CARTESIAN_POINT('',(-0.190443174107,-7.794319198881E-02));
#6412 = ( GEOMETRIC_REPRESENTATION_CONTEXT(2) 
PARAMETRIC_REPRESENTATION_CONTEXT() REPRESENTATION_CONTEXT('2D SPACE',''
  ) );
#6413 = ORIENTED_EDGE('',*,*,#6298,.F.);
#6414 = ORIENTED_EDGE('',*,*,#6415,.T.);
#6415 = EDGE_CURVE('',#6299,#6388,#6416,.T.);
#6416 = SURFACE_CURVE('',#6417,(#6421,#6428),.PCURVE_S1.);
#6417 = LINE('',#6418,#6419);
#6418 = CARTESIAN_POINT('',(-0.972999989986,0.625,0.));
#6419 = VECTOR('',#6420,1.);
#6420 = DIRECTION('',(0.,0.,1.));
#6421 = PCURVE('',#6321,#6422);
#6422 = DEFINITIONAL_REPRESENTATION('',(#6423),#6427);
#6423 = LINE('',#6424,#6425);
#6424 = CARTESIAN_POINT('',(3.75674869352E-02,0.225432494707));
#6425 = VECTOR('',#6426,1.);
#6426 = DIRECTION('',(-1.,0.));
#6427 = ( GEOMETRIC_REPRESENTATION_CONTEXT(2) 
PARAMETRIC_REPRESENTATION_CONTEXT() REPRESENTATION_CONTEXT('2D SPACE',''
  ) );
#6428 = PCURVE('',#6429,#6434);
#6429 = PLANE('',#6430);
#6430 = AXIS2_PLACEMENT_3D('',#6431,#6432,#6433);
#6431 = CARTESIAN_POINT('',(-0.972999989986,0.738537244213,
    1.403724373654E-02));
#6432 = DIRECTION('',(1.,0.,0.));
#6433 = DIRECTION('',(-0.,0.,1.));
#6434 = DEFINITIONAL_REPRESENTATION('',(#6435),#6438);
#6435 = B_SPLINE_CURVE_WITH_KNOTS('',1,(#6436,#6437),.UNSPECIFIED.,.F.,
  .F.,(2,2),(0.,5.099999904633E-02),.PIECEWISE_BEZIER_KNOTS.);
#6436 = CARTESIAN_POINT('',(-1.403724373654E-02,0.113537244213));
#6437 = CARTESIAN_POINT('',(3.696275530979E-02,0.113537244213));
#6438 = ( GEOMETRIC_REPRESENTATION_CONTEXT(2) 
PARAMETRIC_REPRESENTATION_CONTEXT() REPRESENTATION_CONTEXT('2D SPACE',''
  ) );
#6439 = ADVANCED_FACE('',(#6440),#6429,.T.);
#6440 = FACE_BOUND('',#6441,.T.);
#6441 = EDGE_LOOP('',(#6442,#6469,#6470));
#6442 = ORIENTED_EDGE('',*,*,#6443,.T.);
#6443 = EDGE_CURVE('',#6444,#6388,#6446,.T.);
#6444 = VERTEX_POINT('',#6445);
#6445 = CARTESIAN_POINT('',(-0.972999989986,0.875,0.));
#6446 = SURFACE_CURVE('',#6447,(#6451,#6458),.PCURVE_S1.);
#6447 = LINE('',#6448,#6449);
#6448 = CARTESIAN_POINT('',(-0.972999989986,0.875,0.));
#6449 = VECTOR('',#6450,1.);
#6450 = DIRECTION('',(0.,-0.979819727351,0.199883220642));
#6451 = PCURVE('',#6429,#6452);
#6452 = DEFINITIONAL_REPRESENTATION('',(#6453),#6457);
#6453 = LINE('',#6454,#6455);
#6454 = CARTESIAN_POINT('',(-1.403724373654E-02,-0.136462755787));
#6455 = VECTOR('',#6456,1.);
#6456 = DIRECTION('',(0.199883220642,0.979819727351));
#6457 = ( GEOMETRIC_REPRESENTATION_CONTEXT(2) 
PARAMETRIC_REPRESENTATION_CONTEXT() REPRESENTATION_CONTEXT('2D SPACE',''
  ) );
#6458 = PCURVE('',#6459,#6464);
#6459 = PLANE('',#6460);
#6460 = AXIS2_PLACEMENT_3D('',#6461,#6462,#6463);
#6461 = CARTESIAN_POINT('',(-0.972999989986,0.761462755787,
    3.696275530979E-02));
#6462 = DIRECTION('',(1.,0.,0.));
#6463 = DIRECTION('',(-0.,0.,1.));
#6464 = DEFINITIONAL_REPRESENTATION('',(#6465),#6468);
#6465 = B_SPLINE_CURVE_WITH_KNOTS('',1,(#6466,#6467),.UNSPECIFIED.,.F.,
  .F.,(2,2),(0.,0.2551489759),.PIECEWISE_BEZIER_KNOTS.);
#6466 = CARTESIAN_POINT('',(-3.696275530979E-02,-0.113537244213));
#6467 = CARTESIAN_POINT('',(1.403724373654E-02,0.136462755787));
#6468 = ( GEOMETRIC_REPRESENTATION_CONTEXT(2) 
PARAMETRIC_REPRESENTATION_CONTEXT() REPRESENTATION_CONTEXT('2D SPACE',''
  ) );
#6469 = ORIENTED_EDGE('',*,*,#6415,.F.);
#6470 = ORIENTED_EDGE('',*,*,#6471,.T.);
#6471 = EDGE_CURVE('',#6299,#6444,#6472,.T.);
#6472 = SURFACE_CURVE('',#6473,(#6477,#6484),.PCURVE_S1.);
#6473 = LINE('',#6474,#6475);
#6474 = CARTESIAN_POINT('',(-0.972999989986,0.625,0.));
#6475 = VECTOR('',#6476,1.);
#6476 = DIRECTION('',(0.,1.,0.));
#6477 = PCURVE('',#6429,#6478);
#6478 = DEFINITIONAL_REPRESENTATION('',(#6479),#6483);
#6479 = LINE('',#6480,#6481);
#6480 = CARTESIAN_POINT('',(-1.403724373654E-02,0.113537244213));
#6481 = VECTOR('',#6482,1.);
#6482 = DIRECTION('',(0.,-1.));
#6483 = ( GEOMETRIC_REPRESENTATION_CONTEXT(2) 
PARAMETRIC_REPRESENTATION_CONTEXT() REPRESENTATION_CONTEXT('2D SPACE',''
  ) );
#6484 = PCURVE('',#6373,#6485);
#6485 = DEFINITIONAL_REPRESENTATION('',(#6486),#6489);
#6486 = B_SPLINE_CURVE_WITH_KNOTS('',1,(#6487,#6488),.UNSPECIFIED.,.F.,
  .F.,(2,2),(0.,0.25),.PIECEWISE_BEZIER_KNOTS.);
#6487 = CARTESIAN_POINT('',(-0.190443174107,-7.794319198881E-02));
#6488 = CARTESIAN_POINT('',(-0.190443174107,0.172056808011));
#6489 = ( GEOMETRIC_REPRESENTATION_CONTEXT(2) 
PARAMETRIC_REPRESENTATION_CONTEXT() REPRESENTATION_CONTEXT('2D SPACE',''
  ) );
#6490 = ADVANCED_FACE('',(#6491),#6459,.T.);
#6491 = FACE_BOUND('',#6492,.T.);
#6492 = EDGE_LOOP('',(#6493,#6520,#6521));
#6493 = ORIENTED_EDGE('',*,*,#6494,.T.);
#6494 = EDGE_CURVE('',#6495,#6388,#6497,.T.);
#6495 = VERTEX_POINT('',#6496);
#6496 = CARTESIAN_POINT('',(-0.972999989986,0.875,5.099999904633E-02));
#6497 = SURFACE_CURVE('',#6498,(#6502,#6509),.PCURVE_S1.);
#6498 = LINE('',#6499,#6500);
#6499 = CARTESIAN_POINT('',(-0.972999989986,0.875,5.099999904633E-02));
#6500 = VECTOR('',#6501,1.);
#6501 = DIRECTION('',(0.,-1.,0.));
#6502 = PCURVE('',#6459,#6503);
#6503 = DEFINITIONAL_REPRESENTATION('',(#6504),#6508);
#6504 = LINE('',#6505,#6506);
#6505 = CARTESIAN_POINT('',(1.403724373654E-02,-0.113537244213));
#6506 = VECTOR('',#6507,1.);
#6507 = DIRECTION('',(0.,1.));
#6508 = ( GEOMETRIC_REPRESENTATION_CONTEXT(2) 
PARAMETRIC_REPRESENTATION_CONTEXT() REPRESENTATION_CONTEXT('2D SPACE',''
  ) );
#6509 = PCURVE('',#6510,#6515);
#6510 = PLANE('',#6511);
#6511 = AXIS2_PLACEMENT_3D('',#6512,#6513,#6514);
#6512 = CARTESIAN_POINT('',(-1.163443164094,0.797056808011,
    5.099999904633E-02));
#6513 = DIRECTION('',(0.,0.,1.));
#6514 = DIRECTION('',(1.,0.,-0.));
#6515 = DEFINITIONAL_REPRESENTATION('',(#6516),#6519);
#6516 = B_SPLINE_CURVE_WITH_KNOTS('',1,(#6517,#6518),.UNSPECIFIED.,.F.,
  .F.,(2,2),(0.,0.25),.PIECEWISE_BEZIER_KNOTS.);
#6517 = CARTESIAN_POINT('',(0.190443174107,7.794319198881E-02));
#6518 = CARTESIAN_POINT('',(0.190443174107,-0.172056808011));
#6519 = ( GEOMETRIC_REPRESENTATION_CONTEXT(2) 
PARAMETRIC_REPRESENTATION_CONTEXT() REPRESENTATION_CONTEXT('2D SPACE',''
  ) );
#6520 = ORIENTED_EDGE('',*,*,#6443,.F.);
#6521 = ORIENTED_EDGE('',*,*,#6522,.T.);
#6522 = EDGE_CURVE('',#6444,#6495,#6523,.T.);
#6523 = SURFACE_CURVE('',#6524,(#6528,#6535),.PCURVE_S1.);
#6524 = LINE('',#6525,#6526);
#6525 = CARTESIAN_POINT('',(-0.972999989986,0.875,0.));
#6526 = VECTOR('',#6527,1.);
#6527 = DIRECTION('',(0.,0.,1.));
#6528 = PCURVE('',#6459,#6529);
#6529 = DEFINITIONAL_REPRESENTATION('',(#6530),#6534);
#6530 = LINE('',#6531,#6532);
#6531 = CARTESIAN_POINT('',(-3.696275530979E-02,-0.113537244213));
#6532 = VECTOR('',#6533,1.);
#6533 = DIRECTION('',(1.,0.));
#6534 = ( GEOMETRIC_REPRESENTATION_CONTEXT(2) 
PARAMETRIC_REPRESENTATION_CONTEXT() REPRESENTATION_CONTEXT('2D SPACE',''
  ) );
#6535 = PCURVE('',#6536,#6541);
#6536 = PLANE('',#6537);
#6537 = AXIS2_PLACEMENT_3D('',#6538,#6539,#6540);
#6538 = CARTESIAN_POINT('',(-1.198432484693,0.875,1.343251211113E-02));
#6539 = DIRECTION('',(0.,1.,0.));
#6540 = DIRECTION('',(0.,-0.,1.));
#6541 = DEFINITIONAL_REPRESENTATION('',(#6542),#6545);
#6542 = B_SPLINE_CURVE_WITH_KNOTS('',1,(#6543,#6544),.UNSPECIFIED.,.F.,
  .F.,(2,2),(0.,5.099999904633E-02),.PIECEWISE_BEZIER_KNOTS.);
#6543 = CARTESIAN_POINT('',(-1.343251211113E-02,0.225432494707));
#6544 = CARTESIAN_POINT('',(3.75674869352E-02,0.225432494707));
#6545 = ( GEOMETRIC_REPRESENTATION_CONTEXT(2) 
PARAMETRIC_REPRESENTATION_CONTEXT() REPRESENTATION_CONTEXT('2D SPACE',''
  ) );
#6546 = ADVANCED_FACE('',(#6547),#6536,.T.);
#6547 = FACE_BOUND('',#6548,.T.);
#6548 = EDGE_LOOP('',(#6549,#6576,#6577));
#6549 = ORIENTED_EDGE('',*,*,#6550,.T.);
#6550 = EDGE_CURVE('',#6551,#6495,#6553,.T.);
#6551 = VERTEX_POINT('',#6552);
#6552 = CARTESIAN_POINT('',(-1.447999954224,0.875,0.));
#6553 = SURFACE_CURVE('',#6554,(#6558,#6565),.PCURVE_S1.);
#6554 = LINE('',#6555,#6556);
#6555 = CARTESIAN_POINT('',(-1.447999954224,0.875,0.));
#6556 = VECTOR('',#6557,1.);
#6557 = DIRECTION('',(0.99428537182,0.,0.106754856489));
#6558 = PCURVE('',#6536,#6559);
#6559 = DEFINITIONAL_REPRESENTATION('',(#6560),#6564);
#6560 = LINE('',#6561,#6562);
#6561 = CARTESIAN_POINT('',(-1.343251211113E-02,-0.249567469531));
#6562 = VECTOR('',#6563,1.);
#6563 = DIRECTION('',(0.106754856489,0.99428537182));
#6564 = ( GEOMETRIC_REPRESENTATION_CONTEXT(2) 
PARAMETRIC_REPRESENTATION_CONTEXT() REPRESENTATION_CONTEXT('2D SPACE',''
  ) );
#6565 = PCURVE('',#6566,#6571);
#6566 = PLANE('',#6567);
#6567 = AXIS2_PLACEMENT_3D('',#6568,#6569,#6570);
#6568 = CARTESIAN_POINT('',(-1.222567459517,0.875,3.75674869352E-02));
#6569 = DIRECTION('',(0.,1.,0.));
#6570 = DIRECTION('',(0.,-0.,1.));
#6571 = DEFINITIONAL_REPRESENTATION('',(#6572),#6575);
#6572 = B_SPLINE_CURVE_WITH_KNOTS('',1,(#6573,#6574),.UNSPECIFIED.,.F.,
  .F.,(2,2),(0.,0.477730013635),.PIECEWISE_BEZIER_KNOTS.);
#6573 = CARTESIAN_POINT('',(-3.75674869352E-02,-0.225432494707));
#6574 = CARTESIAN_POINT('',(1.343251211113E-02,0.249567469531));
#6575 = ( GEOMETRIC_REPRESENTATION_CONTEXT(2) 
PARAMETRIC_REPRESENTATION_CONTEXT() REPRESENTATION_CONTEXT('2D SPACE',''
  ) );
#6576 = ORIENTED_EDGE('',*,*,#6522,.F.);
#6577 = ORIENTED_EDGE('',*,*,#6578,.T.);
#6578 = EDGE_CURVE('',#6444,#6551,#6579,.T.);
#6579 = SURFACE_CURVE('',#6580,(#6584,#6591),.PCURVE_S1.);
#6580 = LINE('',#6581,#6582);
#6581 = CARTESIAN_POINT('',(-0.972999989986,0.875,0.));
#6582 = VECTOR('',#6583,1.);
#6583 = DIRECTION('',(-1.,0.,0.));
#6584 = PCURVE('',#6536,#6585);
#6585 = DEFINITIONAL_REPRESENTATION('',(#6586),#6590);
#6586 = LINE('',#6587,#6588);
#6587 = CARTESIAN_POINT('',(-1.343251211113E-02,0.225432494707));
#6588 = VECTOR('',#6589,1.);
#6589 = DIRECTION('',(0.,-1.));
#6590 = ( GEOMETRIC_REPRESENTATION_CONTEXT(2) 
PARAMETRIC_REPRESENTATION_CONTEXT() REPRESENTATION_CONTEXT('2D SPACE',''
  ) );
#6591 = PCURVE('',#6592,#6597);
#6592 = PLANE('',#6593);
#6593 = AXIS2_PLACEMENT_3D('',#6594,#6595,#6596);
#6594 = CARTESIAN_POINT('',(-1.257556780116,0.797056808011,0.));
#6595 = DIRECTION('',(-0.,-0.,-1.));
#6596 = DIRECTION('',(-1.,0.,0.));
#6597 = DEFINITIONAL_REPRESENTATION('',(#6598),#6601);
#6598 = B_SPLINE_CURVE_WITH_KNOTS('',1,(#6599,#6600),.UNSPECIFIED.,.F.,
  .F.,(2,2),(0.,0.474999964237),.PIECEWISE_BEZIER_KNOTS.);
#6599 = CARTESIAN_POINT('',(-0.28455679013,7.794319198881E-02));
#6600 = CARTESIAN_POINT('',(0.190443174107,7.794319198881E-02));
#6601 = ( GEOMETRIC_REPRESENTATION_CONTEXT(2) 
PARAMETRIC_REPRESENTATION_CONTEXT() REPRESENTATION_CONTEXT('2D SPACE',''
  ) );
#6602 = ADVANCED_FACE('',(#6603),#6566,.T.);
#6603 = FACE_BOUND('',#6604,.T.);
#6604 = EDGE_LOOP('',(#6605,#6627,#6628));
#6605 = ORIENTED_EDGE('',*,*,#6606,.T.);
#6606 = EDGE_CURVE('',#6607,#6495,#6609,.T.);
#6607 = VERTEX_POINT('',#6608);
#6608 = CARTESIAN_POINT('',(-1.447999954224,0.875,5.099999904633E-02));
#6609 = SURFACE_CURVE('',#6610,(#6614,#6621),.PCURVE_S1.);
#6610 = LINE('',#6611,#6612);
#6611 = CARTESIAN_POINT('',(-1.447999954224,0.875,5.099999904633E-02));
#6612 = VECTOR('',#6613,1.);
#6613 = DIRECTION('',(1.,0.,0.));
#6614 = PCURVE('',#6566,#6615);
#6615 = DEFINITIONAL_REPRESENTATION('',(#6616),#6620);
#6616 = LINE('',#6617,#6618);
#6617 = CARTESIAN_POINT('',(1.343251211113E-02,-0.225432494707));
#6618 = VECTOR('',#6619,1.);
#6619 = DIRECTION('',(0.,1.));
#6620 = ( GEOMETRIC_REPRESENTATION_CONTEXT(2) 
PARAMETRIC_REPRESENTATION_CONTEXT() REPRESENTATION_CONTEXT('2D SPACE',''
  ) );
#6621 = PCURVE('',#6510,#6622);
#6622 = DEFINITIONAL_REPRESENTATION('',(#6623),#6626);
#6623 = B_SPLINE_CURVE_WITH_KNOTS('',1,(#6624,#6625),.UNSPECIFIED.,.F.,
  .F.,(2,2),(0.,0.474999964237),.PIECEWISE_BEZIER_KNOTS.);
#6624 = CARTESIAN_POINT('',(-0.28455679013,7.794319198881E-02));
#6625 = CARTESIAN_POINT('',(0.190443174107,7.794319198881E-02));
#6626 = ( GEOMETRIC_REPRESENTATION_CONTEXT(2) 
PARAMETRIC_REPRESENTATION_CONTEXT() REPRESENTATION_CONTEXT('2D SPACE',''
  ) );
#6627 = ORIENTED_EDGE('',*,*,#6550,.F.);
#6628 = ORIENTED_EDGE('',*,*,#6629,.T.);
#6629 = EDGE_CURVE('',#6551,#6607,#6630,.T.);
#6630 = SURFACE_CURVE('',#6631,(#6635,#6642),.PCURVE_S1.);
#6631 = LINE('',#6632,#6633);
#6632 = CARTESIAN_POINT('',(-1.447999954224,0.875,0.));
#6633 = VECTOR('',#6634,1.);
#6634 = DIRECTION('',(0.,0.,1.));
#6635 = PCURVE('',#6566,#6636);
#6636 = DEFINITIONAL_REPRESENTATION('',(#6637),#6641);
#6637 = LINE('',#6638,#6639);
#6638 = CARTESIAN_POINT('',(-3.75674869352E-02,-0.225432494707));
#6639 = VECTOR('',#6640,1.);
#6640 = DIRECTION('',(1.,0.));
#6641 = ( GEOMETRIC_REPRESENTATION_CONTEXT(2) 
PARAMETRIC_REPRESENTATION_CONTEXT() REPRESENTATION_CONTEXT('2D SPACE',''
  ) );
#6642 = PCURVE('',#6643,#6648);
#6643 = PLANE('',#6644);
#6644 = AXIS2_PLACEMENT_3D('',#6645,#6646,#6647);
#6645 = CARTESIAN_POINT('',(-1.447999954224,0.761462755787,
    1.403724373654E-02));
#6646 = DIRECTION('',(-1.,-0.,-0.));
#6647 = DIRECTION('',(0.,0.,-1.));
#6648 = DEFINITIONAL_REPRESENTATION('',(#6649),#6652);
#6649 = B_SPLINE_CURVE_WITH_KNOTS('',1,(#6650,#6651),.UNSPECIFIED.,.F.,
  .F.,(2,2),(0.,5.099999904633E-02),.PIECEWISE_BEZIER_KNOTS.);
#6650 = CARTESIAN_POINT('',(1.403724373654E-02,-0.113537244213));
#6651 = CARTESIAN_POINT('',(-3.696275530979E-02,-0.113537244213));
#6652 = ( GEOMETRIC_REPRESENTATION_CONTEXT(2) 
PARAMETRIC_REPRESENTATION_CONTEXT() REPRESENTATION_CONTEXT('2D SPACE',''
  ) );
#6653 = ADVANCED_FACE('',(#6654),#6643,.T.);
#6654 = FACE_BOUND('',#6655,.T.);
#6655 = EDGE_LOOP('',(#6656,#6676,#6677));
#6656 = ORIENTED_EDGE('',*,*,#6657,.T.);
#6657 = EDGE_CURVE('',#6333,#6607,#6658,.T.);
#6658 = SURFACE_CURVE('',#6659,(#6663,#6670),.PCURVE_S1.);
#6659 = LINE('',#6660,#6661);
#6660 = CARTESIAN_POINT('',(-1.447999954224,0.625,0.));
#6661 = VECTOR('',#6662,1.);
#6662 = DIRECTION('',(0.,0.979819727351,0.199883220642));
#6663 = PCURVE('',#6643,#6664);
#6664 = DEFINITIONAL_REPRESENTATION('',(#6665),#6669);
#6665 = LINE('',#6666,#6667);
#6666 = CARTESIAN_POINT('',(1.403724373654E-02,0.136462755787));
#6667 = VECTOR('',#6668,1.);
#6668 = DIRECTION('',(-0.199883220642,-0.979819727351));
#6669 = ( GEOMETRIC_REPRESENTATION_CONTEXT(2) 
PARAMETRIC_REPRESENTATION_CONTEXT() REPRESENTATION_CONTEXT('2D SPACE',''
  ) );
#6670 = PCURVE('',#6348,#6671);
#6671 = DEFINITIONAL_REPRESENTATION('',(#6672),#6675);
#6672 = B_SPLINE_CURVE_WITH_KNOTS('',1,(#6673,#6674),.UNSPECIFIED.,.F.,
  .F.,(2,2),(0.,0.2551489759),.PIECEWISE_BEZIER_KNOTS.);
#6673 = CARTESIAN_POINT('',(3.696275530979E-02,0.113537244213));
#6674 = CARTESIAN_POINT('',(-1.403724373654E-02,-0.136462755787));
#6675 = ( GEOMETRIC_REPRESENTATION_CONTEXT(2) 
PARAMETRIC_REPRESENTATION_CONTEXT() REPRESENTATION_CONTEXT('2D SPACE',''
  ) );
#6676 = ORIENTED_EDGE('',*,*,#6629,.F.);
#6677 = ORIENTED_EDGE('',*,*,#6678,.T.);
#6678 = EDGE_CURVE('',#6551,#6333,#6679,.T.);
#6679 = SURFACE_CURVE('',#6680,(#6684,#6691),.PCURVE_S1.);
#6680 = LINE('',#6681,#6682);
#6681 = CARTESIAN_POINT('',(-1.447999954224,0.875,0.));
#6682 = VECTOR('',#6683,1.);
#6683 = DIRECTION('',(0.,-1.,0.));
#6684 = PCURVE('',#6643,#6685);
#6685 = DEFINITIONAL_REPRESENTATION('',(#6686),#6690);
#6686 = LINE('',#6687,#6688);
#6687 = CARTESIAN_POINT('',(1.403724373654E-02,-0.113537244213));
#6688 = VECTOR('',#6689,1.);
#6689 = DIRECTION('',(0.,1.));
#6690 = ( GEOMETRIC_REPRESENTATION_CONTEXT(2) 
PARAMETRIC_REPRESENTATION_CONTEXT() REPRESENTATION_CONTEXT('2D SPACE',''
  ) );
#6691 = PCURVE('',#6592,#6692);
#6692 = DEFINITIONAL_REPRESENTATION('',(#6693),#6696);
#6693 = B_SPLINE_CURVE_WITH_KNOTS('',1,(#6694,#6695),.UNSPECIFIED.,.F.,
  .F.,(2,2),(0.,0.25),.PIECEWISE_BEZIER_KNOTS.);
#6694 = CARTESIAN_POINT('',(0.190443174107,7.794319198881E-02));
#6695 = CARTESIAN_POINT('',(0.190443174107,-0.172056808011));
#6696 = ( GEOMETRIC_REPRESENTATION_CONTEXT(2) 
PARAMETRIC_REPRESENTATION_CONTEXT() REPRESENTATION_CONTEXT('2D SPACE',''
  ) );
#6697 = ADVANCED_FACE('',(#6698),#6348,.T.);
#6698 = FACE_BOUND('',#6699,.T.);
#6699 = EDGE_LOOP('',(#6700,#6720,#6721));
#6700 = ORIENTED_EDGE('',*,*,#6701,.T.);
#6701 = EDGE_CURVE('',#6301,#6607,#6702,.T.);
#6702 = SURFACE_CURVE('',#6703,(#6707,#6714),.PCURVE_S1.);
#6703 = LINE('',#6704,#6705);
#6704 = CARTESIAN_POINT('',(-1.447999954224,0.625,5.099999904633E-02));
#6705 = VECTOR('',#6706,1.);
#6706 = DIRECTION('',(0.,1.,0.));
#6707 = PCURVE('',#6348,#6708);
#6708 = DEFINITIONAL_REPRESENTATION('',(#6709),#6713);
#6709 = LINE('',#6710,#6711);
#6710 = CARTESIAN_POINT('',(-1.403724373654E-02,0.113537244213));
#6711 = VECTOR('',#6712,1.);
#6712 = DIRECTION('',(0.,-1.));
#6713 = ( GEOMETRIC_REPRESENTATION_CONTEXT(2) 
PARAMETRIC_REPRESENTATION_CONTEXT() REPRESENTATION_CONTEXT('2D SPACE',''
  ) );
#6714 = PCURVE('',#6403,#6715);
#6715 = DEFINITIONAL_REPRESENTATION('',(#6716),#6719);
#6716 = B_SPLINE_CURVE_WITH_KNOTS('',1,(#6717,#6718),.UNSPECIFIED.,.F.,
  .F.,(2,2),(0.,0.25),.PIECEWISE_BEZIER_KNOTS.);
#6717 = CARTESIAN_POINT('',(-0.190443174107,-7.794319198881E-02));
#6718 = CARTESIAN_POINT('',(-0.190443174107,0.172056808011));
#6719 = ( GEOMETRIC_REPRESENTATION_CONTEXT(2) 
PARAMETRIC_REPRESENTATION_CONTEXT() REPRESENTATION_CONTEXT('2D SPACE',''
  ) );
#6720 = ORIENTED_EDGE('',*,*,#6657,.F.);
#6721 = ORIENTED_EDGE('',*,*,#6332,.F.);
#6722 = ADVANCED_FACE('',(#6723),#6373,.T.);
#6723 = FACE_BOUND('',#6724,.T.);
#6724 = EDGE_LOOP('',(#6725,#6745,#6746));
#6725 = ORIENTED_EDGE('',*,*,#6726,.T.);
#6726 = EDGE_CURVE('',#6333,#6444,#6727,.T.);
#6727 = SURFACE_CURVE('',#6728,(#6732,#6739),.PCURVE_S1.);
#6728 = LINE('',#6729,#6730);
#6729 = CARTESIAN_POINT('',(-1.447999954224,0.625,0.));
#6730 = VECTOR('',#6731,1.);
#6731 = DIRECTION('',(0.88491820793,0.465746460292,0.));
#6732 = PCURVE('',#6373,#6733);
#6733 = DEFINITIONAL_REPRESENTATION('',(#6734),#6738);
#6734 = LINE('',#6735,#6736);
#6735 = CARTESIAN_POINT('',(0.28455679013,-7.794319198881E-02));
#6736 = VECTOR('',#6737,1.);
#6737 = DIRECTION('',(-0.88491820793,0.465746460292));
#6738 = ( GEOMETRIC_REPRESENTATION_CONTEXT(2) 
PARAMETRIC_REPRESENTATION_CONTEXT() REPRESENTATION_CONTEXT('2D SPACE',''
  ) );
#6739 = PCURVE('',#6592,#6740);
#6740 = DEFINITIONAL_REPRESENTATION('',(#6741),#6744);
#6741 = B_SPLINE_CURVE_WITH_KNOTS('',1,(#6742,#6743),.UNSPECIFIED.,.F.,
  .F.,(2,2),(0.,0.536772732192),.PIECEWISE_BEZIER_KNOTS.);
#6742 = CARTESIAN_POINT('',(0.190443174107,-0.172056808011));
#6743 = CARTESIAN_POINT('',(-0.28455679013,7.794319198881E-02));
#6744 = ( GEOMETRIC_REPRESENTATION_CONTEXT(2) 
PARAMETRIC_REPRESENTATION_CONTEXT() REPRESENTATION_CONTEXT('2D SPACE',''
  ) );
#6745 = ORIENTED_EDGE('',*,*,#6471,.F.);
#6746 = ORIENTED_EDGE('',*,*,#6359,.F.);
#6747 = ADVANCED_FACE('',(#6748),#6592,.T.);
#6748 = FACE_BOUND('',#6749,.T.);
#6749 = EDGE_LOOP('',(#6750,#6751,#6752));
#6750 = ORIENTED_EDGE('',*,*,#6578,.F.);
#6751 = ORIENTED_EDGE('',*,*,#6726,.F.);
#6752 = ORIENTED_EDGE('',*,*,#6678,.F.);
#6753 = ADVANCED_FACE('',(#6754),#6403,.T.);
#6754 = FACE_BOUND('',#6755,.T.);
#6755 = EDGE_LOOP('',(#6756,#6776,#6777));
#6756 = ORIENTED_EDGE('',*,*,#6757,.T.);
#6757 = EDGE_CURVE('',#6388,#6607,#6758,.T.);
#6758 = SURFACE_CURVE('',#6759,(#6763,#6770),.PCURVE_S1.);
#6759 = LINE('',#6760,#6761);
#6760 = CARTESIAN_POINT('',(-0.972999989986,0.625,5.099999904633E-02));
#6761 = VECTOR('',#6762,1.);
#6762 = DIRECTION('',(-0.88491820793,0.465746460292,0.));
#6763 = PCURVE('',#6403,#6764);
#6764 = DEFINITIONAL_REPRESENTATION('',(#6765),#6769);
#6765 = LINE('',#6766,#6767);
#6766 = CARTESIAN_POINT('',(0.28455679013,-7.794319198881E-02));
#6767 = VECTOR('',#6768,1.);
#6768 = DIRECTION('',(-0.88491820793,0.465746460292));
#6769 = ( GEOMETRIC_REPRESENTATION_CONTEXT(2) 
PARAMETRIC_REPRESENTATION_CONTEXT() REPRESENTATION_CONTEXT('2D SPACE',''
  ) );
#6770 = PCURVE('',#6510,#6771);
#6771 = DEFINITIONAL_REPRESENTATION('',(#6772),#6775);
#6772 = B_SPLINE_CURVE_WITH_KNOTS('',1,(#6773,#6774),.UNSPECIFIED.,.F.,
  .F.,(2,2),(0.,0.536772732192),.PIECEWISE_BEZIER_KNOTS.);
#6773 = CARTESIAN_POINT('',(0.190443174107,-0.172056808011));
#6774 = CARTESIAN_POINT('',(-0.28455679013,7.794319198881E-02));
#6775 = ( GEOMETRIC_REPRESENTATION_CONTEXT(2) 
PARAMETRIC_REPRESENTATION_CONTEXT() REPRESENTATION_CONTEXT('2D SPACE',''
  ) );
#6776 = ORIENTED_EDGE('',*,*,#6701,.F.);
#6777 = ORIENTED_EDGE('',*,*,#6387,.F.);
#6778 = ADVANCED_FACE('',(#6779),#6510,.T.);
#6779 = FACE_BOUND('',#6780,.T.);
#6780 = EDGE_LOOP('',(#6781,#6782,#6783));
#6781 = ORIENTED_EDGE('',*,*,#6606,.F.);
#6782 = ORIENTED_EDGE('',*,*,#6757,.F.);
#6783 = ORIENTED_EDGE('',*,*,#6494,.F.);
#6784 = ( GEOMETRIC_REPRESENTATION_CONTEXT(3) 
GLOBAL_UNCERTAINTY_ASSIGNED_CONTEXT((#6788)) 
GLOBAL_UNIT_ASSIGNED_CONTEXT((#6785,#6786,#6787)) REPRESENTATION_CONTEXT
('Context #1','3D Context with UNIT and UNCERTAINTY') );
#6785 = ( LENGTH_UNIT() NAMED_UNIT(*) SI_UNIT(.MILLI.,.METRE.) );
#6786 = ( NAMED_UNIT(*) PLANE_ANGLE_UNIT() SI_UNIT($,.RADIAN.) );
#6787 = ( NAMED_UNIT(*) SI_UNIT($,.STERADIAN.) SOLID_ANGLE_UNIT() );
#6788 = UNCERTAINTY_MEASURE_WITH_UNIT(LENGTH_MEASURE(1.E-07),#6785,
  'distance_accuracy_value','confusion accuracy');
#6789 = SHAPE_DEFINITION_REPRESENTATION(#6790,#6291);
#6790 = PRODUCT_DEFINITION_SHAPE('','',#6791);
#6791 = PRODUCT_DEFINITION('design','',#6792,#6795);
#6792 = PRODUCT_DEFINITION_FORMATION('','',#6793);
#6793 = PRODUCT(' STEP translator 7.5 1.3',
  ' STEP translator 7.5 1.3','',(#6794));
#6794 = PRODUCT_CONTEXT('',#2,'mechanical');
#6795 = PRODUCT_DEFINITION_CONTEXT('part definition',#2,'design');
#6796 = CONTEXT_DEPENDENT_SHAPE_REPRESENTATION(#6797,#6799);
#6797 = ( REPRESENTATION_RELATIONSHIP('','',#6291,#10) 
REPRESENTATION_RELATIONSHIP_WITH_TRANSFORMATION(#6798) 
SHAPE_REPRESENTATION_RELATIONSHIP() );
#6798 = ITEM_DEFINED_TRANSFORMATION('','',#11,#23);
#6799 = PRODUCT_DEFINITION_SHAPE('Placement','Placement of an item',
  #6800);
#6800 = NEXT_ASSEMBLY_USAGE_OCCURRENCE('3','','',#5,#6791,$);
#6801 = PRODUCT_RELATED_PRODUCT_CATEGORY('part',$,(#6793));
#6802 = MANIFOLD_SURFACE_SHAPE_REPRESENTATION('',(#11,#6803),#7295);
#6803 = SHELL_BASED_SURFACE_MODEL('',(#6804));
#6804 = CLOSED_SHELL('',(#6805,#6894,#6950,#7001,#7057,#7113,#7164,#7208
    ,#7233,#7258,#7264,#7289));
#6805 = ADVANCED_FACE('',(#6806),#6820,.T.);
#6806 = FACE_BOUND('',#6807,.T.);
#6807 = EDGE_LOOP('',(#6808,#6842,#6869));
#6808 = ORIENTED_EDGE('',*,*,#6809,.T.);
#6809 = EDGE_CURVE('',#6810,#6812,#6814,.T.);
#6810 = VERTEX_POINT('',#6811);
#6811 = CARTESIAN_POINT('',(-0.972999989986,0.125,0.));
#6812 = VERTEX_POINT('',#6813);
#6813 = CARTESIAN_POINT('',(-1.447999954224,0.125,5.099999904633E-02));
#6814 = SURFACE_CURVE('',#6815,(#6819,#6831),.PCURVE_S1.);
#6815 = LINE('',#6816,#6817);
#6816 = CARTESIAN_POINT('',(-0.972999989986,0.125,0.));
#6817 = VECTOR('',#6818,1.);
#6818 = DIRECTION('',(-0.99428537182,0.,0.106754856489));
#6819 = PCURVE('',#6820,#6825);
#6820 = PLANE('',#6821);
#6821 = AXIS2_PLACEMENT_3D('',#6822,#6823,#6824);
#6822 = CARTESIAN_POINT('',(-1.222567459517,0.125,1.343251211113E-02));
#6823 = DIRECTION('',(-0.,-1.,-0.));
#6824 = DIRECTION('',(0.,0.,-1.));
#6825 = DEFINITIONAL_REPRESENTATION('',(#6826),#6830);
#6826 = LINE('',#6827,#6828);
#6827 = CARTESIAN_POINT('',(1.343251211113E-02,0.249567469531));
#6828 = VECTOR('',#6829,1.);
#6829 = DIRECTION('',(-0.106754856489,-0.99428537182));
#6830 = ( GEOMETRIC_REPRESENTATION_CONTEXT(2) 
PARAMETRIC_REPRESENTATION_CONTEXT() REPRESENTATION_CONTEXT('2D SPACE',''
  ) );
#6831 = PCURVE('',#6832,#6837);
#6832 = PLANE('',#6833);
#6833 = AXIS2_PLACEMENT_3D('',#6834,#6835,#6836);
#6834 = CARTESIAN_POINT('',(-1.198432484693,0.125,3.75674869352E-02));
#6835 = DIRECTION('',(-0.,-1.,-0.));
#6836 = DIRECTION('',(0.,0.,-1.));
#6837 = DEFINITIONAL_REPRESENTATION('',(#6838),#6841);
#6838 = B_SPLINE_CURVE_WITH_KNOTS('',1,(#6839,#6840),.UNSPECIFIED.,.F.,
  .F.,(2,2),(0.,0.477730013635),.PIECEWISE_BEZIER_KNOTS.);
#6839 = CARTESIAN_POINT('',(3.75674869352E-02,0.225432494707));
#6840 = CARTESIAN_POINT('',(-1.343251211113E-02,-0.249567469531));
#6841 = ( GEOMETRIC_REPRESENTATION_CONTEXT(2) 
PARAMETRIC_REPRESENTATION_CONTEXT() REPRESENTATION_CONTEXT('2D SPACE',''
  ) );
#6842 = ORIENTED_EDGE('',*,*,#6843,.T.);
#6843 = EDGE_CURVE('',#6812,#6844,#6846,.T.);
#6844 = VERTEX_POINT('',#6845);
#6845 = CARTESIAN_POINT('',(-1.447999954224,0.125,0.));
#6846 = SURFACE_CURVE('',#6847,(#6851,#6858),.PCURVE_S1.);
#6847 = LINE('',#6848,#6849);
#6848 = CARTESIAN_POINT('',(-1.447999954224,0.125,5.099999904633E-02));
#6849 = VECTOR('',#6850,1.);
#6850 = DIRECTION('',(0.,0.,-1.));
#6851 = PCURVE('',#6820,#6852);
#6852 = DEFINITIONAL_REPRESENTATION('',(#6853),#6857);
#6853 = LINE('',#6854,#6855);
#6854 = CARTESIAN_POINT('',(-3.75674869352E-02,-0.225432494707));
#6855 = VECTOR('',#6856,1.);
#6856 = DIRECTION('',(1.,0.));
#6857 = ( GEOMETRIC_REPRESENTATION_CONTEXT(2) 
PARAMETRIC_REPRESENTATION_CONTEXT() REPRESENTATION_CONTEXT('2D SPACE',''
  ) );
#6858 = PCURVE('',#6859,#6864);
#6859 = PLANE('',#6860);
#6860 = AXIS2_PLACEMENT_3D('',#6861,#6862,#6863);
#6861 = CARTESIAN_POINT('',(-1.447999954224,0.238537244213,
    3.696275530979E-02));
#6862 = DIRECTION('',(-1.,-0.,-0.));
#6863 = DIRECTION('',(0.,0.,-1.));
#6864 = DEFINITIONAL_REPRESENTATION('',(#6865),#6868);
#6865 = B_SPLINE_CURVE_WITH_KNOTS('',1,(#6866,#6867),.UNSPECIFIED.,.F.,
  .F.,(2,2),(0.,5.099999904633E-02),.PIECEWISE_BEZIER_KNOTS.);
#6866 = CARTESIAN_POINT('',(-1.403724373654E-02,0.113537244213));
#6867 = CARTESIAN_POINT('',(3.696275530979E-02,0.113537244213));
#6868 = ( GEOMETRIC_REPRESENTATION_CONTEXT(2) 
PARAMETRIC_REPRESENTATION_CONTEXT() REPRESENTATION_CONTEXT('2D SPACE',''
  ) );
#6869 = ORIENTED_EDGE('',*,*,#6870,.T.);
#6870 = EDGE_CURVE('',#6844,#6810,#6871,.T.);
#6871 = SURFACE_CURVE('',#6872,(#6876,#6883),.PCURVE_S1.);
#6872 = LINE('',#6873,#6874);
#6873 = CARTESIAN_POINT('',(-1.447999954224,0.125,0.));
#6874 = VECTOR('',#6875,1.);
#6875 = DIRECTION('',(1.,0.,0.));
#6876 = PCURVE('',#6820,#6877);
#6877 = DEFINITIONAL_REPRESENTATION('',(#6878),#6882);
#6878 = LINE('',#6879,#6880);
#6879 = CARTESIAN_POINT('',(1.343251211113E-02,-0.225432494707));
#6880 = VECTOR('',#6881,1.);
#6881 = DIRECTION('',(0.,1.));
#6882 = ( GEOMETRIC_REPRESENTATION_CONTEXT(2) 
PARAMETRIC_REPRESENTATION_CONTEXT() REPRESENTATION_CONTEXT('2D SPACE',''
  ) );
#6883 = PCURVE('',#6884,#6889);
#6884 = PLANE('',#6885);
#6885 = AXIS2_PLACEMENT_3D('',#6886,#6887,#6888);
#6886 = CARTESIAN_POINT('',(-1.163443164094,0.202943191989,0.));
#6887 = DIRECTION('',(-0.,-0.,-1.));
#6888 = DIRECTION('',(-1.,0.,0.));
#6889 = DEFINITIONAL_REPRESENTATION('',(#6890),#6893);
#6890 = B_SPLINE_CURVE_WITH_KNOTS('',1,(#6891,#6892),.UNSPECIFIED.,.F.,
  .F.,(2,2),(0.,0.474999964237),.PIECEWISE_BEZIER_KNOTS.);
#6891 = CARTESIAN_POINT('',(0.28455679013,-7.794319198881E-02));
#6892 = CARTESIAN_POINT('',(-0.190443174107,-7.794319198881E-02));
#6893 = ( GEOMETRIC_REPRESENTATION_CONTEXT(2) 
PARAMETRIC_REPRESENTATION_CONTEXT() REPRESENTATION_CONTEXT('2D SPACE',''
  ) );
#6894 = ADVANCED_FACE('',(#6895),#6832,.T.);
#6895 = FACE_BOUND('',#6896,.T.);
#6896 = EDGE_LOOP('',(#6897,#6924,#6925));
#6897 = ORIENTED_EDGE('',*,*,#6898,.T.);
#6898 = EDGE_CURVE('',#6899,#6812,#6901,.T.);
#6899 = VERTEX_POINT('',#6900);
#6900 = CARTESIAN_POINT('',(-0.972999989986,0.125,5.099999904633E-02));
#6901 = SURFACE_CURVE('',#6902,(#6906,#6913),.PCURVE_S1.);
#6902 = LINE('',#6903,#6904);
#6903 = CARTESIAN_POINT('',(-0.972999989986,0.125,5.099999904633E-02));
#6904 = VECTOR('',#6905,1.);
#6905 = DIRECTION('',(-1.,0.,0.));
#6906 = PCURVE('',#6832,#6907);
#6907 = DEFINITIONAL_REPRESENTATION('',(#6908),#6912);
#6908 = LINE('',#6909,#6910);
#6909 = CARTESIAN_POINT('',(-1.343251211113E-02,0.225432494707));
#6910 = VECTOR('',#6911,1.);
#6911 = DIRECTION('',(0.,-1.));
#6912 = ( GEOMETRIC_REPRESENTATION_CONTEXT(2) 
PARAMETRIC_REPRESENTATION_CONTEXT() REPRESENTATION_CONTEXT('2D SPACE',''
  ) );
#6913 = PCURVE('',#6914,#6919);
#6914 = PLANE('',#6915);
#6915 = AXIS2_PLACEMENT_3D('',#6916,#6917,#6918);
#6916 = CARTESIAN_POINT('',(-1.257556780116,0.202943191989,
    5.099999904633E-02));
#6917 = DIRECTION('',(0.,0.,1.));
#6918 = DIRECTION('',(1.,0.,-0.));
#6919 = DEFINITIONAL_REPRESENTATION('',(#6920),#6923);
#6920 = B_SPLINE_CURVE_WITH_KNOTS('',1,(#6921,#6922),.UNSPECIFIED.,.F.,
  .F.,(2,2),(0.,0.474999964237),.PIECEWISE_BEZIER_KNOTS.);
#6921 = CARTESIAN_POINT('',(0.28455679013,-7.794319198881E-02));
#6922 = CARTESIAN_POINT('',(-0.190443174107,-7.794319198881E-02));
#6923 = ( GEOMETRIC_REPRESENTATION_CONTEXT(2) 
PARAMETRIC_REPRESENTATION_CONTEXT() REPRESENTATION_CONTEXT('2D SPACE',''
  ) );
#6924 = ORIENTED_EDGE('',*,*,#6809,.F.);
#6925 = ORIENTED_EDGE('',*,*,#6926,.T.);
#6926 = EDGE_CURVE('',#6810,#6899,#6927,.T.);
#6927 = SURFACE_CURVE('',#6928,(#6932,#6939),.PCURVE_S1.);
#6928 = LINE('',#6929,#6930);
#6929 = CARTESIAN_POINT('',(-0.972999989986,0.125,0.));
#6930 = VECTOR('',#6931,1.);
#6931 = DIRECTION('',(0.,0.,1.));
#6932 = PCURVE('',#6832,#6933);
#6933 = DEFINITIONAL_REPRESENTATION('',(#6934),#6938);
#6934 = LINE('',#6935,#6936);
#6935 = CARTESIAN_POINT('',(3.75674869352E-02,0.225432494707));
#6936 = VECTOR('',#6937,1.);
#6937 = DIRECTION('',(-1.,0.));
#6938 = ( GEOMETRIC_REPRESENTATION_CONTEXT(2) 
PARAMETRIC_REPRESENTATION_CONTEXT() REPRESENTATION_CONTEXT('2D SPACE',''
  ) );
#6939 = PCURVE('',#6940,#6945);
#6940 = PLANE('',#6941);
#6941 = AXIS2_PLACEMENT_3D('',#6942,#6943,#6944);
#6942 = CARTESIAN_POINT('',(-0.972999989986,0.238537244213,
    1.403724373654E-02));
#6943 = DIRECTION('',(1.,0.,0.));
#6944 = DIRECTION('',(-0.,0.,1.));
#6945 = DEFINITIONAL_REPRESENTATION('',(#6946),#6949);
#6946 = B_SPLINE_CURVE_WITH_KNOTS('',1,(#6947,#6948),.UNSPECIFIED.,.F.,
  .F.,(2,2),(0.,5.099999904633E-02),.PIECEWISE_BEZIER_KNOTS.);
#6947 = CARTESIAN_POINT('',(-1.403724373654E-02,0.113537244213));
#6948 = CARTESIAN_POINT('',(3.696275530979E-02,0.113537244213));
#6949 = ( GEOMETRIC_REPRESENTATION_CONTEXT(2) 
PARAMETRIC_REPRESENTATION_CONTEXT() REPRESENTATION_CONTEXT('2D SPACE',''
  ) );
#6950 = ADVANCED_FACE('',(#6951),#6940,.T.);
#6951 = FACE_BOUND('',#6952,.T.);
#6952 = EDGE_LOOP('',(#6953,#6980,#6981));
#6953 = ORIENTED_EDGE('',*,*,#6954,.T.);
#6954 = EDGE_CURVE('',#6955,#6899,#6957,.T.);
#6955 = VERTEX_POINT('',#6956);
#6956 = CARTESIAN_POINT('',(-0.972999989986,0.375,0.));
#6957 = SURFACE_CURVE('',#6958,(#6962,#6969),.PCURVE_S1.);
#6958 = LINE('',#6959,#6960);
#6959 = CARTESIAN_POINT('',(-0.972999989986,0.375,0.));
#6960 = VECTOR('',#6961,1.);
#6961 = DIRECTION('',(0.,-0.979819727351,0.199883220642));
#6962 = PCURVE('',#6940,#6963);
#6963 = DEFINITIONAL_REPRESENTATION('',(#6964),#6968);
#6964 = LINE('',#6965,#6966);
#6965 = CARTESIAN_POINT('',(-1.403724373654E-02,-0.136462755787));
#6966 = VECTOR('',#6967,1.);
#6967 = DIRECTION('',(0.199883220642,0.979819727351));
#6968 = ( GEOMETRIC_REPRESENTATION_CONTEXT(2) 
PARAMETRIC_REPRESENTATION_CONTEXT() REPRESENTATION_CONTEXT('2D SPACE',''
  ) );
#6969 = PCURVE('',#6970,#6975);
#6970 = PLANE('',#6971);
#6971 = AXIS2_PLACEMENT_3D('',#6972,#6973,#6974);
#6972 = CARTESIAN_POINT('',(-0.972999989986,0.261462755787,
    3.696275530979E-02));
#6973 = DIRECTION('',(1.,0.,0.));
#6974 = DIRECTION('',(-0.,0.,1.));
#6975 = DEFINITIONAL_REPRESENTATION('',(#6976),#6979);
#6976 = B_SPLINE_CURVE_WITH_KNOTS('',1,(#6977,#6978),.UNSPECIFIED.,.F.,
  .F.,(2,2),(0.,0.2551489759),.PIECEWISE_BEZIER_KNOTS.);
#6977 = CARTESIAN_POINT('',(-3.696275530979E-02,-0.113537244213));
#6978 = CARTESIAN_POINT('',(1.403724373654E-02,0.136462755787));
#6979 = ( GEOMETRIC_REPRESENTATION_CONTEXT(2) 
PARAMETRIC_REPRESENTATION_CONTEXT() REPRESENTATION_CONTEXT('2D SPACE',''
  ) );
#6980 = ORIENTED_EDGE('',*,*,#6926,.F.);
#6981 = ORIENTED_EDGE('',*,*,#6982,.T.);
#6982 = EDGE_CURVE('',#6810,#6955,#6983,.T.);
#6983 = SURFACE_CURVE('',#6984,(#6988,#6995),.PCURVE_S1.);
#6984 = LINE('',#6985,#6986);
#6985 = CARTESIAN_POINT('',(-0.972999989986,0.125,0.));
#6986 = VECTOR('',#6987,1.);
#6987 = DIRECTION('',(0.,1.,0.));
#6988 = PCURVE('',#6940,#6989);
#6989 = DEFINITIONAL_REPRESENTATION('',(#6990),#6994);
#6990 = LINE('',#6991,#6992);
#6991 = CARTESIAN_POINT('',(-1.403724373654E-02,0.113537244213));
#6992 = VECTOR('',#6993,1.);
#6993 = DIRECTION('',(0.,-1.));
#6994 = ( GEOMETRIC_REPRESENTATION_CONTEXT(2) 
PARAMETRIC_REPRESENTATION_CONTEXT() REPRESENTATION_CONTEXT('2D SPACE',''
  ) );
#6995 = PCURVE('',#6884,#6996);
#6996 = DEFINITIONAL_REPRESENTATION('',(#6997),#7000);
#6997 = B_SPLINE_CURVE_WITH_KNOTS('',1,(#6998,#6999),.UNSPECIFIED.,.F.,
  .F.,(2,2),(0.,0.25),.PIECEWISE_BEZIER_KNOTS.);
#6998 = CARTESIAN_POINT('',(-0.190443174107,-7.794319198881E-02));
#6999 = CARTESIAN_POINT('',(-0.190443174107,0.172056808011));
#7000 = ( GEOMETRIC_REPRESENTATION_CONTEXT(2) 
PARAMETRIC_REPRESENTATION_CONTEXT() REPRESENTATION_CONTEXT('2D SPACE',''
  ) );
#7001 = ADVANCED_FACE('',(#7002),#6970,.T.);
#7002 = FACE_BOUND('',#7003,.T.);
#7003 = EDGE_LOOP('',(#7004,#7031,#7032));
#7004 = ORIENTED_EDGE('',*,*,#7005,.T.);
#7005 = EDGE_CURVE('',#7006,#6899,#7008,.T.);
#7006 = VERTEX_POINT('',#7007);
#7007 = CARTESIAN_POINT('',(-0.972999989986,0.375,5.099999904633E-02));
#7008 = SURFACE_CURVE('',#7009,(#7013,#7020),.PCURVE_S1.);
#7009 = LINE('',#7010,#7011);
#7010 = CARTESIAN_POINT('',(-0.972999989986,0.375,5.099999904633E-02));
#7011 = VECTOR('',#7012,1.);
#7012 = DIRECTION('',(0.,-1.,0.));
#7013 = PCURVE('',#6970,#7014);
#7014 = DEFINITIONAL_REPRESENTATION('',(#7015),#7019);
#7015 = LINE('',#7016,#7017);
#7016 = CARTESIAN_POINT('',(1.403724373654E-02,-0.113537244213));
#7017 = VECTOR('',#7018,1.);
#7018 = DIRECTION('',(0.,1.));
#7019 = ( GEOMETRIC_REPRESENTATION_CONTEXT(2) 
PARAMETRIC_REPRESENTATION_CONTEXT() REPRESENTATION_CONTEXT('2D SPACE',''
  ) );
#7020 = PCURVE('',#7021,#7026);
#7021 = PLANE('',#7022);
#7022 = AXIS2_PLACEMENT_3D('',#7023,#7024,#7025);
#7023 = CARTESIAN_POINT('',(-1.163443164094,0.297056808011,
    5.099999904633E-02));
#7024 = DIRECTION('',(0.,0.,1.));
#7025 = DIRECTION('',(1.,0.,-0.));
#7026 = DEFINITIONAL_REPRESENTATION('',(#7027),#7030);
#7027 = B_SPLINE_CURVE_WITH_KNOTS('',1,(#7028,#7029),.UNSPECIFIED.,.F.,
  .F.,(2,2),(0.,0.25),.PIECEWISE_BEZIER_KNOTS.);
#7028 = CARTESIAN_POINT('',(0.190443174107,7.794319198881E-02));
#7029 = CARTESIAN_POINT('',(0.190443174107,-0.172056808011));
#7030 = ( GEOMETRIC_REPRESENTATION_CONTEXT(2) 
PARAMETRIC_REPRESENTATION_CONTEXT() REPRESENTATION_CONTEXT('2D SPACE',''
  ) );
#7031 = ORIENTED_EDGE('',*,*,#6954,.F.);
#7032 = ORIENTED_EDGE('',*,*,#7033,.T.);
#7033 = EDGE_CURVE('',#6955,#7006,#7034,.T.);
#7034 = SURFACE_CURVE('',#7035,(#7039,#7046),.PCURVE_S1.);
#7035 = LINE('',#7036,#7037);
#7036 = CARTESIAN_POINT('',(-0.972999989986,0.375,0.));
#7037 = VECTOR('',#7038,1.);
#7038 = DIRECTION('',(0.,0.,1.));
#7039 = PCURVE('',#6970,#7040);
#7040 = DEFINITIONAL_REPRESENTATION('',(#7041),#7045);
#7041 = LINE('',#7042,#7043);
#7042 = CARTESIAN_POINT('',(-3.696275530979E-02,-0.113537244213));
#7043 = VECTOR('',#7044,1.);
#7044 = DIRECTION('',(1.,0.));
#7045 = ( GEOMETRIC_REPRESENTATION_CONTEXT(2) 
PARAMETRIC_REPRESENTATION_CONTEXT() REPRESENTATION_CONTEXT('2D SPACE',''
  ) );
#7046 = PCURVE('',#7047,#7052);
#7047 = PLANE('',#7048);
#7048 = AXIS2_PLACEMENT_3D('',#7049,#7050,#7051);
#7049 = CARTESIAN_POINT('',(-1.198432484693,0.375,1.343251211113E-02));
#7050 = DIRECTION('',(0.,1.,0.));
#7051 = DIRECTION('',(0.,-0.,1.));
#7052 = DEFINITIONAL_REPRESENTATION('',(#7053),#7056);
#7053 = B_SPLINE_CURVE_WITH_KNOTS('',1,(#7054,#7055),.UNSPECIFIED.,.F.,
  .F.,(2,2),(0.,5.099999904633E-02),.PIECEWISE_BEZIER_KNOTS.);
#7054 = CARTESIAN_POINT('',(-1.343251211113E-02,0.225432494707));
#7055 = CARTESIAN_POINT('',(3.75674869352E-02,0.225432494707));
#7056 = ( GEOMETRIC_REPRESENTATION_CONTEXT(2) 
PARAMETRIC_REPRESENTATION_CONTEXT() REPRESENTATION_CONTEXT('2D SPACE',''
  ) );
#7057 = ADVANCED_FACE('',(#7058),#7047,.T.);
#7058 = FACE_BOUND('',#7059,.T.);
#7059 = EDGE_LOOP('',(#7060,#7087,#7088));
#7060 = ORIENTED_EDGE('',*,*,#7061,.T.);
#7061 = EDGE_CURVE('',#7062,#7006,#7064,.T.);
#7062 = VERTEX_POINT('',#7063);
#7063 = CARTESIAN_POINT('',(-1.447999954224,0.375,0.));
#7064 = SURFACE_CURVE('',#7065,(#7069,#7076),.PCURVE_S1.);
#7065 = LINE('',#7066,#7067);
#7066 = CARTESIAN_POINT('',(-1.447999954224,0.375,0.));
#7067 = VECTOR('',#7068,1.);
#7068 = DIRECTION('',(0.99428537182,0.,0.106754856489));
#7069 = PCURVE('',#7047,#7070);
#7070 = DEFINITIONAL_REPRESENTATION('',(#7071),#7075);
#7071 = LINE('',#7072,#7073);
#7072 = CARTESIAN_POINT('',(-1.343251211113E-02,-0.249567469531));
#7073 = VECTOR('',#7074,1.);
#7074 = DIRECTION('',(0.106754856489,0.99428537182));
#7075 = ( GEOMETRIC_REPRESENTATION_CONTEXT(2) 
PARAMETRIC_REPRESENTATION_CONTEXT() REPRESENTATION_CONTEXT('2D SPACE',''
  ) );
#7076 = PCURVE('',#7077,#7082);
#7077 = PLANE('',#7078);
#7078 = AXIS2_PLACEMENT_3D('',#7079,#7080,#7081);
#7079 = CARTESIAN_POINT('',(-1.222567459517,0.375,3.75674869352E-02));
#7080 = DIRECTION('',(0.,1.,0.));
#7081 = DIRECTION('',(0.,-0.,1.));
#7082 = DEFINITIONAL_REPRESENTATION('',(#7083),#7086);
#7083 = B_SPLINE_CURVE_WITH_KNOTS('',1,(#7084,#7085),.UNSPECIFIED.,.F.,
  .F.,(2,2),(0.,0.477730013635),.PIECEWISE_BEZIER_KNOTS.);
#7084 = CARTESIAN_POINT('',(-3.75674869352E-02,-0.225432494707));
#7085 = CARTESIAN_POINT('',(1.343251211113E-02,0.249567469531));
#7086 = ( GEOMETRIC_REPRESENTATION_CONTEXT(2) 
PARAMETRIC_REPRESENTATION_CONTEXT() REPRESENTATION_CONTEXT('2D SPACE',''
  ) );
#7087 = ORIENTED_EDGE('',*,*,#7033,.F.);
#7088 = ORIENTED_EDGE('',*,*,#7089,.T.);
#7089 = EDGE_CURVE('',#6955,#7062,#7090,.T.);
#7090 = SURFACE_CURVE('',#7091,(#7095,#7102),.PCURVE_S1.);
#7091 = LINE('',#7092,#7093);
#7092 = CARTESIAN_POINT('',(-0.972999989986,0.375,0.));
#7093 = VECTOR('',#7094,1.);
#7094 = DIRECTION('',(-1.,0.,0.));
#7095 = PCURVE('',#7047,#7096);
#7096 = DEFINITIONAL_REPRESENTATION('',(#7097),#7101);
#7097 = LINE('',#7098,#7099);
#7098 = CARTESIAN_POINT('',(-1.343251211113E-02,0.225432494707));
#7099 = VECTOR('',#7100,1.);
#7100 = DIRECTION('',(0.,-1.));
#7101 = ( GEOMETRIC_REPRESENTATION_CONTEXT(2) 
PARAMETRIC_REPRESENTATION_CONTEXT() REPRESENTATION_CONTEXT('2D SPACE',''
  ) );
#7102 = PCURVE('',#7103,#7108);
#7103 = PLANE('',#7104);
#7104 = AXIS2_PLACEMENT_3D('',#7105,#7106,#7107);
#7105 = CARTESIAN_POINT('',(-1.257556780116,0.297056808011,0.));
#7106 = DIRECTION('',(-0.,-0.,-1.));
#7107 = DIRECTION('',(-1.,0.,0.));
#7108 = DEFINITIONAL_REPRESENTATION('',(#7109),#7112);
#7109 = B_SPLINE_CURVE_WITH_KNOTS('',1,(#7110,#7111),.UNSPECIFIED.,.F.,
  .F.,(2,2),(0.,0.474999964237),.PIECEWISE_BEZIER_KNOTS.);
#7110 = CARTESIAN_POINT('',(-0.28455679013,7.794319198881E-02));
#7111 = CARTESIAN_POINT('',(0.190443174107,7.794319198881E-02));
#7112 = ( GEOMETRIC_REPRESENTATION_CONTEXT(2) 
PARAMETRIC_REPRESENTATION_CONTEXT() REPRESENTATION_CONTEXT('2D SPACE',''
  ) );
#7113 = ADVANCED_FACE('',(#7114),#7077,.T.);
#7114 = FACE_BOUND('',#7115,.T.);
#7115 = EDGE_LOOP('',(#7116,#7138,#7139));
#7116 = ORIENTED_EDGE('',*,*,#7117,.T.);
#7117 = EDGE_CURVE('',#7118,#7006,#7120,.T.);
#7118 = VERTEX_POINT('',#7119);
#7119 = CARTESIAN_POINT('',(-1.447999954224,0.375,5.099999904633E-02));
#7120 = SURFACE_CURVE('',#7121,(#7125,#7132),.PCURVE_S1.);
#7121 = LINE('',#7122,#7123);
#7122 = CARTESIAN_POINT('',(-1.447999954224,0.375,5.099999904633E-02));
#7123 = VECTOR('',#7124,1.);
#7124 = DIRECTION('',(1.,0.,0.));
#7125 = PCURVE('',#7077,#7126);
#7126 = DEFINITIONAL_REPRESENTATION('',(#7127),#7131);
#7127 = LINE('',#7128,#7129);
#7128 = CARTESIAN_POINT('',(1.343251211113E-02,-0.225432494707));
#7129 = VECTOR('',#7130,1.);
#7130 = DIRECTION('',(0.,1.));
#7131 = ( GEOMETRIC_REPRESENTATION_CONTEXT(2) 
PARAMETRIC_REPRESENTATION_CONTEXT() REPRESENTATION_CONTEXT('2D SPACE',''
  ) );
#7132 = PCURVE('',#7021,#7133);
#7133 = DEFINITIONAL_REPRESENTATION('',(#7134),#7137);
#7134 = B_SPLINE_CURVE_WITH_KNOTS('',1,(#7135,#7136),.UNSPECIFIED.,.F.,
  .F.,(2,2),(0.,0.474999964237),.PIECEWISE_BEZIER_KNOTS.);
#7135 = CARTESIAN_POINT('',(-0.28455679013,7.794319198881E-02));
#7136 = CARTESIAN_POINT('',(0.190443174107,7.794319198881E-02));
#7137 = ( GEOMETRIC_REPRESENTATION_CONTEXT(2) 
PARAMETRIC_REPRESENTATION_CONTEXT() REPRESENTATION_CONTEXT('2D SPACE',''
  ) );
#7138 = ORIENTED_EDGE('',*,*,#7061,.F.);
#7139 = ORIENTED_EDGE('',*,*,#7140,.T.);
#7140 = EDGE_CURVE('',#7062,#7118,#7141,.T.);
#7141 = SURFACE_CURVE('',#7142,(#7146,#7153),.PCURVE_S1.);
#7142 = LINE('',#7143,#7144);
#7143 = CARTESIAN_POINT('',(-1.447999954224,0.375,0.));
#7144 = VECTOR('',#7145,1.);
#7145 = DIRECTION('',(0.,0.,1.));
#7146 = PCURVE('',#7077,#7147);
#7147 = DEFINITIONAL_REPRESENTATION('',(#7148),#7152);
#7148 = LINE('',#7149,#7150);
#7149 = CARTESIAN_POINT('',(-3.75674869352E-02,-0.225432494707));
#7150 = VECTOR('',#7151,1.);
#7151 = DIRECTION('',(1.,0.));
#7152 = ( GEOMETRIC_REPRESENTATION_CONTEXT(2) 
PARAMETRIC_REPRESENTATION_CONTEXT() REPRESENTATION_CONTEXT('2D SPACE',''
  ) );
#7153 = PCURVE('',#7154,#7159);
#7154 = PLANE('',#7155);
#7155 = AXIS2_PLACEMENT_3D('',#7156,#7157,#7158);
#7156 = CARTESIAN_POINT('',(-1.447999954224,0.261462755787,
    1.403724373654E-02));
#7157 = DIRECTION('',(-1.,-0.,-0.));
#7158 = DIRECTION('',(0.,0.,-1.));
#7159 = DEFINITIONAL_REPRESENTATION('',(#7160),#7163);
#7160 = B_SPLINE_CURVE_WITH_KNOTS('',1,(#7161,#7162),.UNSPECIFIED.,.F.,
  .F.,(2,2),(0.,5.099999904633E-02),.PIECEWISE_BEZIER_KNOTS.);
#7161 = CARTESIAN_POINT('',(1.403724373654E-02,-0.113537244213));
#7162 = CARTESIAN_POINT('',(-3.696275530979E-02,-0.113537244213));
#7163 = ( GEOMETRIC_REPRESENTATION_CONTEXT(2) 
PARAMETRIC_REPRESENTATION_CONTEXT() REPRESENTATION_CONTEXT('2D SPACE',''
  ) );
#7164 = ADVANCED_FACE('',(#7165),#7154,.T.);
#7165 = FACE_BOUND('',#7166,.T.);
#7166 = EDGE_LOOP('',(#7167,#7187,#7188));
#7167 = ORIENTED_EDGE('',*,*,#7168,.T.);
#7168 = EDGE_CURVE('',#6844,#7118,#7169,.T.);
#7169 = SURFACE_CURVE('',#7170,(#7174,#7181),.PCURVE_S1.);
#7170 = LINE('',#7171,#7172);
#7171 = CARTESIAN_POINT('',(-1.447999954224,0.125,0.));
#7172 = VECTOR('',#7173,1.);
#7173 = DIRECTION('',(0.,0.979819727351,0.199883220642));
#7174 = PCURVE('',#7154,#7175);
#7175 = DEFINITIONAL_REPRESENTATION('',(#7176),#7180);
#7176 = LINE('',#7177,#7178);
#7177 = CARTESIAN_POINT('',(1.403724373654E-02,0.136462755787));
#7178 = VECTOR('',#7179,1.);
#7179 = DIRECTION('',(-0.199883220642,-0.979819727351));
#7180 = ( GEOMETRIC_REPRESENTATION_CONTEXT(2) 
PARAMETRIC_REPRESENTATION_CONTEXT() REPRESENTATION_CONTEXT('2D SPACE',''
  ) );
#7181 = PCURVE('',#6859,#7182);
#7182 = DEFINITIONAL_REPRESENTATION('',(#7183),#7186);
#7183 = B_SPLINE_CURVE_WITH_KNOTS('',1,(#7184,#7185),.UNSPECIFIED.,.F.,
  .F.,(2,2),(0.,0.2551489759),.PIECEWISE_BEZIER_KNOTS.);
#7184 = CARTESIAN_POINT('',(3.696275530979E-02,0.113537244213));
#7185 = CARTESIAN_POINT('',(-1.403724373654E-02,-0.136462755787));
#7186 = ( GEOMETRIC_REPRESENTATION_CONTEXT(2) 
PARAMETRIC_REPRESENTATION_CONTEXT() REPRESENTATION_CONTEXT('2D SPACE',''
  ) );
#7187 = ORIENTED_EDGE('',*,*,#7140,.F.);
#7188 = ORIENTED_EDGE('',*,*,#7189,.T.);
#7189 = EDGE_CURVE('',#7062,#6844,#7190,.T.);
#7190 = SURFACE_CURVE('',#7191,(#7195,#7202),.PCURVE_S1.);
#7191 = LINE('',#7192,#7193);
#7192 = CARTESIAN_POINT('',(-1.447999954224,0.375,0.));
#7193 = VECTOR('',#7194,1.);
#7194 = DIRECTION('',(0.,-1.,0.));
#7195 = PCURVE('',#7154,#7196);
#7196 = DEFINITIONAL_REPRESENTATION('',(#7197),#7201);
#7197 = LINE('',#7198,#7199);
#7198 = CARTESIAN_POINT('',(1.403724373654E-02,-0.113537244213));
#7199 = VECTOR('',#7200,1.);
#7200 = DIRECTION('',(0.,1.));
#7201 = ( GEOMETRIC_REPRESENTATION_CONTEXT(2) 
PARAMETRIC_REPRESENTATION_CONTEXT() REPRESENTATION_CONTEXT('2D SPACE',''
  ) );
#7202 = PCURVE('',#7103,#7203);
#7203 = DEFINITIONAL_REPRESENTATION('',(#7204),#7207);
#7204 = B_SPLINE_CURVE_WITH_KNOTS('',1,(#7205,#7206),.UNSPECIFIED.,.F.,
  .F.,(2,2),(0.,0.25),.PIECEWISE_BEZIER_KNOTS.);
#7205 = CARTESIAN_POINT('',(0.190443174107,7.794319198881E-02));
#7206 = CARTESIAN_POINT('',(0.190443174107,-0.172056808011));
#7207 = ( GEOMETRIC_REPRESENTATION_CONTEXT(2) 
PARAMETRIC_REPRESENTATION_CONTEXT() REPRESENTATION_CONTEXT('2D SPACE',''
  ) );
#7208 = ADVANCED_FACE('',(#7209),#6859,.T.);
#7209 = FACE_BOUND('',#7210,.T.);
#7210 = EDGE_LOOP('',(#7211,#7231,#7232));
#7211 = ORIENTED_EDGE('',*,*,#7212,.T.);
#7212 = EDGE_CURVE('',#6812,#7118,#7213,.T.);
#7213 = SURFACE_CURVE('',#7214,(#7218,#7225),.PCURVE_S1.);
#7214 = LINE('',#7215,#7216);
#7215 = CARTESIAN_POINT('',(-1.447999954224,0.125,5.099999904633E-02));
#7216 = VECTOR('',#7217,1.);
#7217 = DIRECTION('',(0.,1.,0.));
#7218 = PCURVE('',#6859,#7219);
#7219 = DEFINITIONAL_REPRESENTATION('',(#7220),#7224);
#7220 = LINE('',#7221,#7222);
#7221 = CARTESIAN_POINT('',(-1.403724373654E-02,0.113537244213));
#7222 = VECTOR('',#7223,1.);
#7223 = DIRECTION('',(0.,-1.));
#7224 = ( GEOMETRIC_REPRESENTATION_CONTEXT(2) 
PARAMETRIC_REPRESENTATION_CONTEXT() REPRESENTATION_CONTEXT('2D SPACE',''
  ) );
#7225 = PCURVE('',#6914,#7226);
#7226 = DEFINITIONAL_REPRESENTATION('',(#7227),#7230);
#7227 = B_SPLINE_CURVE_WITH_KNOTS('',1,(#7228,#7229),.UNSPECIFIED.,.F.,
  .F.,(2,2),(0.,0.25),.PIECEWISE_BEZIER_KNOTS.);
#7228 = CARTESIAN_POINT('',(-0.190443174107,-7.794319198881E-02));
#7229 = CARTESIAN_POINT('',(-0.190443174107,0.172056808011));
#7230 = ( GEOMETRIC_REPRESENTATION_CONTEXT(2) 
PARAMETRIC_REPRESENTATION_CONTEXT() REPRESENTATION_CONTEXT('2D SPACE',''
  ) );
#7231 = ORIENTED_EDGE('',*,*,#7168,.F.);
#7232 = ORIENTED_EDGE('',*,*,#6843,.F.);
#7233 = ADVANCED_FACE('',(#7234),#6884,.T.);
#7234 = FACE_BOUND('',#7235,.T.);
#7235 = EDGE_LOOP('',(#7236,#7256,#7257));
#7236 = ORIENTED_EDGE('',*,*,#7237,.T.);
#7237 = EDGE_CURVE('',#6844,#6955,#7238,.T.);
#7238 = SURFACE_CURVE('',#7239,(#7243,#7250),.PCURVE_S1.);
#7239 = LINE('',#7240,#7241);
#7240 = CARTESIAN_POINT('',(-1.447999954224,0.125,0.));
#7241 = VECTOR('',#7242,1.);
#7242 = DIRECTION('',(0.88491820793,0.465746460292,0.));
#7243 = PCURVE('',#6884,#7244);
#7244 = DEFINITIONAL_REPRESENTATION('',(#7245),#7249);
#7245 = LINE('',#7246,#7247);
#7246 = CARTESIAN_POINT('',(0.28455679013,-7.794319198881E-02));
#7247 = VECTOR('',#7248,1.);
#7248 = DIRECTION('',(-0.88491820793,0.465746460292));
#7249 = ( GEOMETRIC_REPRESENTATION_CONTEXT(2) 
PARAMETRIC_REPRESENTATION_CONTEXT() REPRESENTATION_CONTEXT('2D SPACE',''
  ) );
#7250 = PCURVE('',#7103,#7251);
#7251 = DEFINITIONAL_REPRESENTATION('',(#7252),#7255);
#7252 = B_SPLINE_CURVE_WITH_KNOTS('',1,(#7253,#7254),.UNSPECIFIED.,.F.,
  .F.,(2,2),(0.,0.536772732192),.PIECEWISE_BEZIER_KNOTS.);
#7253 = CARTESIAN_POINT('',(0.190443174107,-0.172056808011));
#7254 = CARTESIAN_POINT('',(-0.28455679013,7.794319198881E-02));
#7255 = ( GEOMETRIC_REPRESENTATION_CONTEXT(2) 
PARAMETRIC_REPRESENTATION_CONTEXT() REPRESENTATION_CONTEXT('2D SPACE',''
  ) );
#7256 = ORIENTED_EDGE('',*,*,#6982,.F.);
#7257 = ORIENTED_EDGE('',*,*,#6870,.F.);
#7258 = ADVANCED_FACE('',(#7259),#7103,.T.);
#7259 = FACE_BOUND('',#7260,.T.);
#7260 = EDGE_LOOP('',(#7261,#7262,#7263));
#7261 = ORIENTED_EDGE('',*,*,#7089,.F.);
#7262 = ORIENTED_EDGE('',*,*,#7237,.F.);
#7263 = ORIENTED_EDGE('',*,*,#7189,.F.);
#7264 = ADVANCED_FACE('',(#7265),#6914,.T.);
#7265 = FACE_BOUND('',#7266,.T.);
#7266 = EDGE_LOOP('',(#7267,#7287,#7288));
#7267 = ORIENTED_EDGE('',*,*,#7268,.T.);
#7268 = EDGE_CURVE('',#6899,#7118,#7269,.T.);
#7269 = SURFACE_CURVE('',#7270,(#7274,#7281),.PCURVE_S1.);
#7270 = LINE('',#7271,#7272);
#7271 = CARTESIAN_POINT('',(-0.972999989986,0.125,5.099999904633E-02));
#7272 = VECTOR('',#7273,1.);
#7273 = DIRECTION('',(-0.88491820793,0.465746460292,0.));
#7274 = PCURVE('',#6914,#7275);
#7275 = DEFINITIONAL_REPRESENTATION('',(#7276),#7280);
#7276 = LINE('',#7277,#7278);
#7277 = CARTESIAN_POINT('',(0.28455679013,-7.794319198881E-02));
#7278 = VECTOR('',#7279,1.);
#7279 = DIRECTION('',(-0.88491820793,0.465746460292));
#7280 = ( GEOMETRIC_REPRESENTATION_CONTEXT(2) 
PARAMETRIC_REPRESENTATION_CONTEXT() REPRESENTATION_CONTEXT('2D SPACE',''
  ) );
#7281 = PCURVE('',#7021,#7282);
#7282 = DEFINITIONAL_REPRESENTATION('',(#7283),#7286);
#7283 = B_SPLINE_CURVE_WITH_KNOTS('',1,(#7284,#7285),.UNSPECIFIED.,.F.,
  .F.,(2,2),(0.,0.536772732192),.PIECEWISE_BEZIER_KNOTS.);
#7284 = CARTESIAN_POINT('',(0.190443174107,-0.172056808011));
#7285 = CARTESIAN_POINT('',(-0.28455679013,7.794319198881E-02));
#7286 = ( GEOMETRIC_REPRESENTATION_CONTEXT(2) 
PARAMETRIC_REPRESENTATION_CONTEXT() REPRESENTATION_CONTEXT('2D SPACE',''
  ) );
#7287 = ORIENTED_EDGE('',*,*,#7212,.F.);
#7288 = ORIENTED_EDGE('',*,*,#6898,.F.);
#7289 = ADVANCED_FACE('',(#7290),#7021,.T.);
#7290 = FACE_BOUND('',#7291,.T.);
#7291 = EDGE_LOOP('',(#7292,#7293,#7294));
#7292 = ORIENTED_EDGE('',*,*,#7117,.F.);
#7293 = ORIENTED_EDGE('',*,*,#7268,.F.);
#7294 = ORIENTED_EDGE('',*,*,#7005,.F.);
#7295 = ( GEOMETRIC_REPRESENTATION_CONTEXT(3) 
GLOBAL_UNCERTAINTY_ASSIGNED_CONTEXT((#7299)) 
GLOBAL_UNIT_ASSIGNED_CONTEXT((#7296,#7297,#7298)) REPRESENTATION_CONTEXT
('Context #1','3D Context with UNIT and UNCERTAINTY') );
#7296 = ( LENGTH_UNIT() NAMED_UNIT(*) SI_UNIT(.MILLI.,.METRE.) );
#7297 = ( NAMED_UNIT(*) PLANE_ANGLE_UNIT() SI_UNIT($,.RADIAN.) );
#7298 = ( NAMED_UNIT(*) SI_UNIT($,.STERADIAN.) SOLID_ANGLE_UNIT() );
#7299 = UNCERTAINTY_MEASURE_WITH_UNIT(LENGTH_MEASURE(1.E-07),#7296,
  'distance_accuracy_value','confusion accuracy');
#7300 = SHAPE_DEFINITION_REPRESENTATION(#7301,#6802);
#7301 = PRODUCT_DEFINITION_SHAPE('','',#7302);
#7302 = PRODUCT_DEFINITION('design','',#7303,#7306);
#7303 = PRODUCT_DEFINITION_FORMATION('','',#7304);
#7304 = PRODUCT(' STEP translator 7.5 1.4',
  ' STEP translator 7.5 1.4','',(#7305));
#7305 = PRODUCT_CONTEXT('',#2,'mechanical');
#7306 = PRODUCT_DEFINITION_CONTEXT('part definition',#2,'design');
#7307 = CONTEXT_DEPENDENT_SHAPE_REPRESENTATION(#7308,#7310);
#7308 = ( REPRESENTATION_RELATIONSHIP('','',#6802,#10) 
REPRESENTATION_RELATIONSHIP_WITH_TRANSFORMATION(#7309) 
SHAPE_REPRESENTATION_RELATIONSHIP() );
#7309 = ITEM_DEFINED_TRANSFORMATION('','',#11,#27);
#7310 = PRODUCT_DEFINITION_SHAPE('Placement','Placement of an item',
  #7311);
#7311 = NEXT_ASSEMBLY_USAGE_OCCURRENCE('4','','',#5,#7302,$);
#7312 = PRODUCT_RELATED_PRODUCT_CATEGORY('part',$,(#7304));
#7313 = MANIFOLD_SURFACE_SHAPE_REPRESENTATION('',(#11,#7314),#7806);
#7314 = SHELL_BASED_SURFACE_MODEL('',(#7315));
#7315 = CLOSED_SHELL('',(#7316,#7405,#7461,#7512,#7568,#7624,#7675,#7719
    ,#7744,#7769,#7775,#7800));
#7316 = ADVANCED_FACE('',(#7317),#7331,.T.);
#7317 = FACE_BOUND('',#7318,.T.);
#7318 = EDGE_LOOP('',(#7319,#7353,#7380));
#7319 = ORIENTED_EDGE('',*,*,#7320,.T.);
#7320 = EDGE_CURVE('',#7321,#7323,#7325,.T.);
#7321 = VERTEX_POINT('',#7322);
#7322 = CARTESIAN_POINT('',(-0.972999989986,-0.375,0.));
#7323 = VERTEX_POINT('',#7324);
#7324 = CARTESIAN_POINT('',(-1.447999954224,-0.375,5.099999904633E-02));
#7325 = SURFACE_CURVE('',#7326,(#7330,#7342),.PCURVE_S1.);
#7326 = LINE('',#7327,#7328);
#7327 = CARTESIAN_POINT('',(-0.972999989986,-0.375,0.));
#7328 = VECTOR('',#7329,1.);
#7329 = DIRECTION('',(-0.99428537182,0.,0.106754856489));
#7330 = PCURVE('',#7331,#7336);
#7331 = PLANE('',#7332);
#7332 = AXIS2_PLACEMENT_3D('',#7333,#7334,#7335);
#7333 = CARTESIAN_POINT('',(-1.222567459517,-0.375,1.343251211113E-02));
#7334 = DIRECTION('',(-0.,-1.,-0.));
#7335 = DIRECTION('',(0.,0.,-1.));
#7336 = DEFINITIONAL_REPRESENTATION('',(#7337),#7341);
#7337 = LINE('',#7338,#7339);
#7338 = CARTESIAN_POINT('',(1.343251211113E-02,0.249567469531));
#7339 = VECTOR('',#7340,1.);
#7340 = DIRECTION('',(-0.106754856489,-0.99428537182));
#7341 = ( GEOMETRIC_REPRESENTATION_CONTEXT(2) 
PARAMETRIC_REPRESENTATION_CONTEXT() REPRESENTATION_CONTEXT('2D SPACE',''
  ) );
#7342 = PCURVE('',#7343,#7348);
#7343 = PLANE('',#7344);
#7344 = AXIS2_PLACEMENT_3D('',#7345,#7346,#7347);
#7345 = CARTESIAN_POINT('',(-1.198432484693,-0.375,3.75674869352E-02));
#7346 = DIRECTION('',(-0.,-1.,-0.));
#7347 = DIRECTION('',(0.,0.,-1.));
#7348 = DEFINITIONAL_REPRESENTATION('',(#7349),#7352);
#7349 = B_SPLINE_CURVE_WITH_KNOTS('',1,(#7350,#7351),.UNSPECIFIED.,.F.,
  .F.,(2,2),(0.,0.477730013635),.PIECEWISE_BEZIER_KNOTS.);
#7350 = CARTESIAN_POINT('',(3.75674869352E-02,0.225432494707));
#7351 = CARTESIAN_POINT('',(-1.343251211113E-02,-0.249567469531));
#7352 = ( GEOMETRIC_REPRESENTATION_CONTEXT(2) 
PARAMETRIC_REPRESENTATION_CONTEXT() REPRESENTATION_CONTEXT('2D SPACE',''
  ) );
#7353 = ORIENTED_EDGE('',*,*,#7354,.T.);
#7354 = EDGE_CURVE('',#7323,#7355,#7357,.T.);
#7355 = VERTEX_POINT('',#7356);
#7356 = CARTESIAN_POINT('',(-1.447999954224,-0.375,0.));
#7357 = SURFACE_CURVE('',#7358,(#7362,#7369),.PCURVE_S1.);
#7358 = LINE('',#7359,#7360);
#7359 = CARTESIAN_POINT('',(-1.447999954224,-0.375,5.099999904633E-02));
#7360 = VECTOR('',#7361,1.);
#7361 = DIRECTION('',(0.,0.,-1.));
#7362 = PCURVE('',#7331,#7363);
#7363 = DEFINITIONAL_REPRESENTATION('',(#7364),#7368);
#7364 = LINE('',#7365,#7366);
#7365 = CARTESIAN_POINT('',(-3.75674869352E-02,-0.225432494707));
#7366 = VECTOR('',#7367,1.);
#7367 = DIRECTION('',(1.,0.));
#7368 = ( GEOMETRIC_REPRESENTATION_CONTEXT(2) 
PARAMETRIC_REPRESENTATION_CONTEXT() REPRESENTATION_CONTEXT('2D SPACE',''
  ) );
#7369 = PCURVE('',#7370,#7375);
#7370 = PLANE('',#7371);
#7371 = AXIS2_PLACEMENT_3D('',#7372,#7373,#7374);
#7372 = CARTESIAN_POINT('',(-1.447999954224,-0.261462755787,
    3.696275530979E-02));
#7373 = DIRECTION('',(-1.,-0.,-0.));
#7374 = DIRECTION('',(0.,0.,-1.));
#7375 = DEFINITIONAL_REPRESENTATION('',(#7376),#7379);
#7376 = B_SPLINE_CURVE_WITH_KNOTS('',1,(#7377,#7378),.UNSPECIFIED.,.F.,
  .F.,(2,2),(0.,5.099999904633E-02),.PIECEWISE_BEZIER_KNOTS.);
#7377 = CARTESIAN_POINT('',(-1.403724373654E-02,0.113537244213));
#7378 = CARTESIAN_POINT('',(3.696275530979E-02,0.113537244213));
#7379 = ( GEOMETRIC_REPRESENTATION_CONTEXT(2) 
PARAMETRIC_REPRESENTATION_CONTEXT() REPRESENTATION_CONTEXT('2D SPACE',''
  ) );
#7380 = ORIENTED_EDGE('',*,*,#7381,.T.);
#7381 = EDGE_CURVE('',#7355,#7321,#7382,.T.);
#7382 = SURFACE_CURVE('',#7383,(#7387,#7394),.PCURVE_S1.);
#7383 = LINE('',#7384,#7385);
#7384 = CARTESIAN_POINT('',(-1.447999954224,-0.375,0.));
#7385 = VECTOR('',#7386,1.);
#7386 = DIRECTION('',(1.,0.,0.));
#7387 = PCURVE('',#7331,#7388);
#7388 = DEFINITIONAL_REPRESENTATION('',(#7389),#7393);
#7389 = LINE('',#7390,#7391);
#7390 = CARTESIAN_POINT('',(1.343251211113E-02,-0.225432494707));
#7391 = VECTOR('',#7392,1.);
#7392 = DIRECTION('',(0.,1.));
#7393 = ( GEOMETRIC_REPRESENTATION_CONTEXT(2) 
PARAMETRIC_REPRESENTATION_CONTEXT() REPRESENTATION_CONTEXT('2D SPACE',''
  ) );
#7394 = PCURVE('',#7395,#7400);
#7395 = PLANE('',#7396);
#7396 = AXIS2_PLACEMENT_3D('',#7397,#7398,#7399);
#7397 = CARTESIAN_POINT('',(-1.163443164094,-0.297056808011,0.));
#7398 = DIRECTION('',(-0.,-0.,-1.));
#7399 = DIRECTION('',(-1.,0.,0.));
#7400 = DEFINITIONAL_REPRESENTATION('',(#7401),#7404);
#7401 = B_SPLINE_CURVE_WITH_KNOTS('',1,(#7402,#7403),.UNSPECIFIED.,.F.,
  .F.,(2,2),(0.,0.474999964237),.PIECEWISE_BEZIER_KNOTS.);
#7402 = CARTESIAN_POINT('',(0.28455679013,-7.794319198881E-02));
#7403 = CARTESIAN_POINT('',(-0.190443174107,-7.794319198881E-02));
#7404 = ( GEOMETRIC_REPRESENTATION_CONTEXT(2) 
PARAMETRIC_REPRESENTATION_CONTEXT() REPRESENTATION_CONTEXT('2D SPACE',''
  ) );
#7405 = ADVANCED_FACE('',(#7406),#7343,.T.);
#7406 = FACE_BOUND('',#7407,.T.);
#7407 = EDGE_LOOP('',(#7408,#7435,#7436));
#7408 = ORIENTED_EDGE('',*,*,#7409,.T.);
#7409 = EDGE_CURVE('',#7410,#7323,#7412,.T.);
#7410 = VERTEX_POINT('',#7411);
#7411 = CARTESIAN_POINT('',(-0.972999989986,-0.375,5.099999904633E-02));
#7412 = SURFACE_CURVE('',#7413,(#7417,#7424),.PCURVE_S1.);
#7413 = LINE('',#7414,#7415);
#7414 = CARTESIAN_POINT('',(-0.972999989986,-0.375,5.099999904633E-02));
#7415 = VECTOR('',#7416,1.);
#7416 = DIRECTION('',(-1.,0.,0.));
#7417 = PCURVE('',#7343,#7418);
#7418 = DEFINITIONAL_REPRESENTATION('',(#7419),#7423);
#7419 = LINE('',#7420,#7421);
#7420 = CARTESIAN_POINT('',(-1.343251211113E-02,0.225432494707));
#7421 = VECTOR('',#7422,1.);
#7422 = DIRECTION('',(0.,-1.));
#7423 = ( GEOMETRIC_REPRESENTATION_CONTEXT(2) 
PARAMETRIC_REPRESENTATION_CONTEXT() REPRESENTATION_CONTEXT('2D SPACE',''
  ) );
#7424 = PCURVE('',#7425,#7430);
#7425 = PLANE('',#7426);
#7426 = AXIS2_PLACEMENT_3D('',#7427,#7428,#7429);
#7427 = CARTESIAN_POINT('',(-1.257556780116,-0.297056808011,
    5.099999904633E-02));
#7428 = DIRECTION('',(0.,0.,1.));
#7429 = DIRECTION('',(1.,0.,-0.));
#7430 = DEFINITIONAL_REPRESENTATION('',(#7431),#7434);
#7431 = B_SPLINE_CURVE_WITH_KNOTS('',1,(#7432,#7433),.UNSPECIFIED.,.F.,
  .F.,(2,2),(0.,0.474999964237),.PIECEWISE_BEZIER_KNOTS.);
#7432 = CARTESIAN_POINT('',(0.28455679013,-7.794319198881E-02));
#7433 = CARTESIAN_POINT('',(-0.190443174107,-7.794319198881E-02));
#7434 = ( GEOMETRIC_REPRESENTATION_CONTEXT(2) 
PARAMETRIC_REPRESENTATION_CONTEXT() REPRESENTATION_CONTEXT('2D SPACE',''
  ) );
#7435 = ORIENTED_EDGE('',*,*,#7320,.F.);
#7436 = ORIENTED_EDGE('',*,*,#7437,.T.);
#7437 = EDGE_CURVE('',#7321,#7410,#7438,.T.);
#7438 = SURFACE_CURVE('',#7439,(#7443,#7450),.PCURVE_S1.);
#7439 = LINE('',#7440,#7441);
#7440 = CARTESIAN_POINT('',(-0.972999989986,-0.375,0.));
#7441 = VECTOR('',#7442,1.);
#7442 = DIRECTION('',(0.,0.,1.));
#7443 = PCURVE('',#7343,#7444);
#7444 = DEFINITIONAL_REPRESENTATION('',(#7445),#7449);
#7445 = LINE('',#7446,#7447);
#7446 = CARTESIAN_POINT('',(3.75674869352E-02,0.225432494707));
#7447 = VECTOR('',#7448,1.);
#7448 = DIRECTION('',(-1.,0.));
#7449 = ( GEOMETRIC_REPRESENTATION_CONTEXT(2) 
PARAMETRIC_REPRESENTATION_CONTEXT() REPRESENTATION_CONTEXT('2D SPACE',''
  ) );
#7450 = PCURVE('',#7451,#7456);
#7451 = PLANE('',#7452);
#7452 = AXIS2_PLACEMENT_3D('',#7453,#7454,#7455);
#7453 = CARTESIAN_POINT('',(-0.972999989986,-0.261462755787,
    1.403724373654E-02));
#7454 = DIRECTION('',(1.,0.,0.));
#7455 = DIRECTION('',(-0.,0.,1.));
#7456 = DEFINITIONAL_REPRESENTATION('',(#7457),#7460);
#7457 = B_SPLINE_CURVE_WITH_KNOTS('',1,(#7458,#7459),.UNSPECIFIED.,.F.,
  .F.,(2,2),(0.,5.099999904633E-02),.PIECEWISE_BEZIER_KNOTS.);
#7458 = CARTESIAN_POINT('',(-1.403724373654E-02,0.113537244213));
#7459 = CARTESIAN_POINT('',(3.696275530979E-02,0.113537244213));
#7460 = ( GEOMETRIC_REPRESENTATION_CONTEXT(2) 
PARAMETRIC_REPRESENTATION_CONTEXT() REPRESENTATION_CONTEXT('2D SPACE',''
  ) );
#7461 = ADVANCED_FACE('',(#7462),#7451,.T.);
#7462 = FACE_BOUND('',#7463,.T.);
#7463 = EDGE_LOOP('',(#7464,#7491,#7492));
#7464 = ORIENTED_EDGE('',*,*,#7465,.T.);
#7465 = EDGE_CURVE('',#7466,#7410,#7468,.T.);
#7466 = VERTEX_POINT('',#7467);
#7467 = CARTESIAN_POINT('',(-0.972999989986,-0.125,0.));
#7468 = SURFACE_CURVE('',#7469,(#7473,#7480),.PCURVE_S1.);
#7469 = LINE('',#7470,#7471);
#7470 = CARTESIAN_POINT('',(-0.972999989986,-0.125,0.));
#7471 = VECTOR('',#7472,1.);
#7472 = DIRECTION('',(0.,-0.979819727351,0.199883220642));
#7473 = PCURVE('',#7451,#7474);
#7474 = DEFINITIONAL_REPRESENTATION('',(#7475),#7479);
#7475 = LINE('',#7476,#7477);
#7476 = CARTESIAN_POINT('',(-1.403724373654E-02,-0.136462755787));
#7477 = VECTOR('',#7478,1.);
#7478 = DIRECTION('',(0.199883220642,0.979819727351));
#7479 = ( GEOMETRIC_REPRESENTATION_CONTEXT(2) 
PARAMETRIC_REPRESENTATION_CONTEXT() REPRESENTATION_CONTEXT('2D SPACE',''
  ) );
#7480 = PCURVE('',#7481,#7486);
#7481 = PLANE('',#7482);
#7482 = AXIS2_PLACEMENT_3D('',#7483,#7484,#7485);
#7483 = CARTESIAN_POINT('',(-0.972999989986,-0.238537244213,
    3.696275530979E-02));
#7484 = DIRECTION('',(1.,0.,0.));
#7485 = DIRECTION('',(-0.,0.,1.));
#7486 = DEFINITIONAL_REPRESENTATION('',(#7487),#7490);
#7487 = B_SPLINE_CURVE_WITH_KNOTS('',1,(#7488,#7489),.UNSPECIFIED.,.F.,
  .F.,(2,2),(0.,0.2551489759),.PIECEWISE_BEZIER_KNOTS.);
#7488 = CARTESIAN_POINT('',(-3.696275530979E-02,-0.113537244213));
#7489 = CARTESIAN_POINT('',(1.403724373654E-02,0.136462755787));
#7490 = ( GEOMETRIC_REPRESENTATION_CONTEXT(2) 
PARAMETRIC_REPRESENTATION_CONTEXT() REPRESENTATION_CONTEXT('2D SPACE',''
  ) );
#7491 = ORIENTED_EDGE('',*,*,#7437,.F.);
#7492 = ORIENTED_EDGE('',*,*,#7493,.T.);
#7493 = EDGE_CURVE('',#7321,#7466,#7494,.T.);
#7494 = SURFACE_CURVE('',#7495,(#7499,#7506),.PCURVE_S1.);
#7495 = LINE('',#7496,#7497);
#7496 = CARTESIAN_POINT('',(-0.972999989986,-0.375,0.));
#7497 = VECTOR('',#7498,1.);
#7498 = DIRECTION('',(0.,1.,0.));
#7499 = PCURVE('',#7451,#7500);
#7500 = DEFINITIONAL_REPRESENTATION('',(#7501),#7505);
#7501 = LINE('',#7502,#7503);
#7502 = CARTESIAN_POINT('',(-1.403724373654E-02,0.113537244213));
#7503 = VECTOR('',#7504,1.);
#7504 = DIRECTION('',(0.,-1.));
#7505 = ( GEOMETRIC_REPRESENTATION_CONTEXT(2) 
PARAMETRIC_REPRESENTATION_CONTEXT() REPRESENTATION_CONTEXT('2D SPACE',''
  ) );
#7506 = PCURVE('',#7395,#7507);
#7507 = DEFINITIONAL_REPRESENTATION('',(#7508),#7511);
#7508 = B_SPLINE_CURVE_WITH_KNOTS('',1,(#7509,#7510),.UNSPECIFIED.,.F.,
  .F.,(2,2),(0.,0.25),.PIECEWISE_BEZIER_KNOTS.);
#7509 = CARTESIAN_POINT('',(-0.190443174107,-7.794319198881E-02));
#7510 = CARTESIAN_POINT('',(-0.190443174107,0.172056808011));
#7511 = ( GEOMETRIC_REPRESENTATION_CONTEXT(2) 
PARAMETRIC_REPRESENTATION_CONTEXT() REPRESENTATION_CONTEXT('2D SPACE',''
  ) );
#7512 = ADVANCED_FACE('',(#7513),#7481,.T.);
#7513 = FACE_BOUND('',#7514,.T.);
#7514 = EDGE_LOOP('',(#7515,#7542,#7543));
#7515 = ORIENTED_EDGE('',*,*,#7516,.T.);
#7516 = EDGE_CURVE('',#7517,#7410,#7519,.T.);
#7517 = VERTEX_POINT('',#7518);
#7518 = CARTESIAN_POINT('',(-0.972999989986,-0.125,5.099999904633E-02));
#7519 = SURFACE_CURVE('',#7520,(#7524,#7531),.PCURVE_S1.);
#7520 = LINE('',#7521,#7522);
#7521 = CARTESIAN_POINT('',(-0.972999989986,-0.125,5.099999904633E-02));
#7522 = VECTOR('',#7523,1.);
#7523 = DIRECTION('',(0.,-1.,0.));
#7524 = PCURVE('',#7481,#7525);
#7525 = DEFINITIONAL_REPRESENTATION('',(#7526),#7530);
#7526 = LINE('',#7527,#7528);
#7527 = CARTESIAN_POINT('',(1.403724373654E-02,-0.113537244213));
#7528 = VECTOR('',#7529,1.);
#7529 = DIRECTION('',(0.,1.));
#7530 = ( GEOMETRIC_REPRESENTATION_CONTEXT(2) 
PARAMETRIC_REPRESENTATION_CONTEXT() REPRESENTATION_CONTEXT('2D SPACE',''
  ) );
#7531 = PCURVE('',#7532,#7537);
#7532 = PLANE('',#7533);
#7533 = AXIS2_PLACEMENT_3D('',#7534,#7535,#7536);
#7534 = CARTESIAN_POINT('',(-1.163443164094,-0.202943191989,
    5.099999904633E-02));
#7535 = DIRECTION('',(0.,0.,1.));
#7536 = DIRECTION('',(1.,0.,-0.));
#7537 = DEFINITIONAL_REPRESENTATION('',(#7538),#7541);
#7538 = B_SPLINE_CURVE_WITH_KNOTS('',1,(#7539,#7540),.UNSPECIFIED.,.F.,
  .F.,(2,2),(0.,0.25),.PIECEWISE_BEZIER_KNOTS.);
#7539 = CARTESIAN_POINT('',(0.190443174107,7.794319198881E-02));
#7540 = CARTESIAN_POINT('',(0.190443174107,-0.172056808011));
#7541 = ( GEOMETRIC_REPRESENTATION_CONTEXT(2) 
PARAMETRIC_REPRESENTATION_CONTEXT() REPRESENTATION_CONTEXT('2D SPACE',''
  ) );
#7542 = ORIENTED_EDGE('',*,*,#7465,.F.);
#7543 = ORIENTED_EDGE('',*,*,#7544,.T.);
#7544 = EDGE_CURVE('',#7466,#7517,#7545,.T.);
#7545 = SURFACE_CURVE('',#7546,(#7550,#7557),.PCURVE_S1.);
#7546 = LINE('',#7547,#7548);
#7547 = CARTESIAN_POINT('',(-0.972999989986,-0.125,0.));
#7548 = VECTOR('',#7549,1.);
#7549 = DIRECTION('',(0.,0.,1.));
#7550 = PCURVE('',#7481,#7551);
#7551 = DEFINITIONAL_REPRESENTATION('',(#7552),#7556);
#7552 = LINE('',#7553,#7554);
#7553 = CARTESIAN_POINT('',(-3.696275530979E-02,-0.113537244213));
#7554 = VECTOR('',#7555,1.);
#7555 = DIRECTION('',(1.,0.));
#7556 = ( GEOMETRIC_REPRESENTATION_CONTEXT(2) 
PARAMETRIC_REPRESENTATION_CONTEXT() REPRESENTATION_CONTEXT('2D SPACE',''
  ) );
#7557 = PCURVE('',#7558,#7563);
#7558 = PLANE('',#7559);
#7559 = AXIS2_PLACEMENT_3D('',#7560,#7561,#7562);
#7560 = CARTESIAN_POINT('',(-1.198432484693,-0.125,1.343251211113E-02));
#7561 = DIRECTION('',(0.,1.,0.));
#7562 = DIRECTION('',(0.,-0.,1.));
#7563 = DEFINITIONAL_REPRESENTATION('',(#7564),#7567);
#7564 = B_SPLINE_CURVE_WITH_KNOTS('',1,(#7565,#7566),.UNSPECIFIED.,.F.,
  .F.,(2,2),(0.,5.099999904633E-02),.PIECEWISE_BEZIER_KNOTS.);
#7565 = CARTESIAN_POINT('',(-1.343251211113E-02,0.225432494707));
#7566 = CARTESIAN_POINT('',(3.75674869352E-02,0.225432494707));
#7567 = ( GEOMETRIC_REPRESENTATION_CONTEXT(2) 
PARAMETRIC_REPRESENTATION_CONTEXT() REPRESENTATION_CONTEXT('2D SPACE',''
  ) );
#7568 = ADVANCED_FACE('',(#7569),#7558,.T.);
#7569 = FACE_BOUND('',#7570,.T.);
#7570 = EDGE_LOOP('',(#7571,#7598,#7599));
#7571 = ORIENTED_EDGE('',*,*,#7572,.T.);
#7572 = EDGE_CURVE('',#7573,#7517,#7575,.T.);
#7573 = VERTEX_POINT('',#7574);
#7574 = CARTESIAN_POINT('',(-1.447999954224,-0.125,0.));
#7575 = SURFACE_CURVE('',#7576,(#7580,#7587),.PCURVE_S1.);
#7576 = LINE('',#7577,#7578);
#7577 = CARTESIAN_POINT('',(-1.447999954224,-0.125,0.));
#7578 = VECTOR('',#7579,1.);
#7579 = DIRECTION('',(0.99428537182,0.,0.106754856489));
#7580 = PCURVE('',#7558,#7581);
#7581 = DEFINITIONAL_REPRESENTATION('',(#7582),#7586);
#7582 = LINE('',#7583,#7584);
#7583 = CARTESIAN_POINT('',(-1.343251211113E-02,-0.249567469531));
#7584 = VECTOR('',#7585,1.);
#7585 = DIRECTION('',(0.106754856489,0.99428537182));
#7586 = ( GEOMETRIC_REPRESENTATION_CONTEXT(2) 
PARAMETRIC_REPRESENTATION_CONTEXT() REPRESENTATION_CONTEXT('2D SPACE',''
  ) );
#7587 = PCURVE('',#7588,#7593);
#7588 = PLANE('',#7589);
#7589 = AXIS2_PLACEMENT_3D('',#7590,#7591,#7592);
#7590 = CARTESIAN_POINT('',(-1.222567459517,-0.125,3.75674869352E-02));
#7591 = DIRECTION('',(0.,1.,0.));
#7592 = DIRECTION('',(0.,-0.,1.));
#7593 = DEFINITIONAL_REPRESENTATION('',(#7594),#7597);
#7594 = B_SPLINE_CURVE_WITH_KNOTS('',1,(#7595,#7596),.UNSPECIFIED.,.F.,
  .F.,(2,2),(0.,0.477730013635),.PIECEWISE_BEZIER_KNOTS.);
#7595 = CARTESIAN_POINT('',(-3.75674869352E-02,-0.225432494707));
#7596 = CARTESIAN_POINT('',(1.343251211113E-02,0.249567469531));
#7597 = ( GEOMETRIC_REPRESENTATION_CONTEXT(2) 
PARAMETRIC_REPRESENTATION_CONTEXT() REPRESENTATION_CONTEXT('2D SPACE',''
  ) );
#7598 = ORIENTED_EDGE('',*,*,#7544,.F.);
#7599 = ORIENTED_EDGE('',*,*,#7600,.T.);
#7600 = EDGE_CURVE('',#7466,#7573,#7601,.T.);
#7601 = SURFACE_CURVE('',#7602,(#7606,#7613),.PCURVE_S1.);
#7602 = LINE('',#7603,#7604);
#7603 = CARTESIAN_POINT('',(-0.972999989986,-0.125,0.));
#7604 = VECTOR('',#7605,1.);
#7605 = DIRECTION('',(-1.,0.,0.));
#7606 = PCURVE('',#7558,#7607);
#7607 = DEFINITIONAL_REPRESENTATION('',(#7608),#7612);
#7608 = LINE('',#7609,#7610);
#7609 = CARTESIAN_POINT('',(-1.343251211113E-02,0.225432494707));
#7610 = VECTOR('',#7611,1.);
#7611 = DIRECTION('',(0.,-1.));
#7612 = ( GEOMETRIC_REPRESENTATION_CONTEXT(2) 
PARAMETRIC_REPRESENTATION_CONTEXT() REPRESENTATION_CONTEXT('2D SPACE',''
  ) );
#7613 = PCURVE('',#7614,#7619);
#7614 = PLANE('',#7615);
#7615 = AXIS2_PLACEMENT_3D('',#7616,#7617,#7618);
#7616 = CARTESIAN_POINT('',(-1.257556780116,-0.202943191989,0.));
#7617 = DIRECTION('',(-0.,-0.,-1.));
#7618 = DIRECTION('',(-1.,0.,0.));
#7619 = DEFINITIONAL_REPRESENTATION('',(#7620),#7623);
#7620 = B_SPLINE_CURVE_WITH_KNOTS('',1,(#7621,#7622),.UNSPECIFIED.,.F.,
  .F.,(2,2),(0.,0.474999964237),.PIECEWISE_BEZIER_KNOTS.);
#7621 = CARTESIAN_POINT('',(-0.28455679013,7.794319198881E-02));
#7622 = CARTESIAN_POINT('',(0.190443174107,7.794319198881E-02));
#7623 = ( GEOMETRIC_REPRESENTATION_CONTEXT(2) 
PARAMETRIC_REPRESENTATION_CONTEXT() REPRESENTATION_CONTEXT('2D SPACE',''
  ) );
#7624 = ADVANCED_FACE('',(#7625),#7588,.T.);
#7625 = FACE_BOUND('',#7626,.T.);
#7626 = EDGE_LOOP('',(#7627,#7649,#7650));
#7627 = ORIENTED_EDGE('',*,*,#7628,.T.);
#7628 = EDGE_CURVE('',#7629,#7517,#7631,.T.);
#7629 = VERTEX_POINT('',#7630);
#7630 = CARTESIAN_POINT('',(-1.447999954224,-0.125,5.099999904633E-02));
#7631 = SURFACE_CURVE('',#7632,(#7636,#7643),.PCURVE_S1.);
#7632 = LINE('',#7633,#7634);
#7633 = CARTESIAN_POINT('',(-1.447999954224,-0.125,5.099999904633E-02));
#7634 = VECTOR('',#7635,1.);
#7635 = DIRECTION('',(1.,0.,0.));
#7636 = PCURVE('',#7588,#7637);
#7637 = DEFINITIONAL_REPRESENTATION('',(#7638),#7642);
#7638 = LINE('',#7639,#7640);
#7639 = CARTESIAN_POINT('',(1.343251211113E-02,-0.225432494707));
#7640 = VECTOR('',#7641,1.);
#7641 = DIRECTION('',(0.,1.));
#7642 = ( GEOMETRIC_REPRESENTATION_CONTEXT(2) 
PARAMETRIC_REPRESENTATION_CONTEXT() REPRESENTATION_CONTEXT('2D SPACE',''
  ) );
#7643 = PCURVE('',#7532,#7644);
#7644 = DEFINITIONAL_REPRESENTATION('',(#7645),#7648);
#7645 = B_SPLINE_CURVE_WITH_KNOTS('',1,(#7646,#7647),.UNSPECIFIED.,.F.,
  .F.,(2,2),(0.,0.474999964237),.PIECEWISE_BEZIER_KNOTS.);
#7646 = CARTESIAN_POINT('',(-0.28455679013,7.794319198881E-02));
#7647 = CARTESIAN_POINT('',(0.190443174107,7.794319198881E-02));
#7648 = ( GEOMETRIC_REPRESENTATION_CONTEXT(2) 
PARAMETRIC_REPRESENTATION_CONTEXT() REPRESENTATION_CONTEXT('2D SPACE',''
  ) );
#7649 = ORIENTED_EDGE('',*,*,#7572,.F.);
#7650 = ORIENTED_EDGE('',*,*,#7651,.T.);
#7651 = EDGE_CURVE('',#7573,#7629,#7652,.T.);
#7652 = SURFACE_CURVE('',#7653,(#7657,#7664),.PCURVE_S1.);
#7653 = LINE('',#7654,#7655);
#7654 = CARTESIAN_POINT('',(-1.447999954224,-0.125,0.));
#7655 = VECTOR('',#7656,1.);
#7656 = DIRECTION('',(0.,0.,1.));
#7657 = PCURVE('',#7588,#7658);
#7658 = DEFINITIONAL_REPRESENTATION('',(#7659),#7663);
#7659 = LINE('',#7660,#7661);
#7660 = CARTESIAN_POINT('',(-3.75674869352E-02,-0.225432494707));
#7661 = VECTOR('',#7662,1.);
#7662 = DIRECTION('',(1.,0.));
#7663 = ( GEOMETRIC_REPRESENTATION_CONTEXT(2) 
PARAMETRIC_REPRESENTATION_CONTEXT() REPRESENTATION_CONTEXT('2D SPACE',''
  ) );
#7664 = PCURVE('',#7665,#7670);
#7665 = PLANE('',#7666);
#7666 = AXIS2_PLACEMENT_3D('',#7667,#7668,#7669);
#7667 = CARTESIAN_POINT('',(-1.447999954224,-0.238537244213,
    1.403724373654E-02));
#7668 = DIRECTION('',(-1.,-0.,-0.));
#7669 = DIRECTION('',(0.,0.,-1.));
#7670 = DEFINITIONAL_REPRESENTATION('',(#7671),#7674);
#7671 = B_SPLINE_CURVE_WITH_KNOTS('',1,(#7672,#7673),.UNSPECIFIED.,.F.,
  .F.,(2,2),(0.,5.099999904633E-02),.PIECEWISE_BEZIER_KNOTS.);
#7672 = CARTESIAN_POINT('',(1.403724373654E-02,-0.113537244213));
#7673 = CARTESIAN_POINT('',(-3.696275530979E-02,-0.113537244213));
#7674 = ( GEOMETRIC_REPRESENTATION_CONTEXT(2) 
PARAMETRIC_REPRESENTATION_CONTEXT() REPRESENTATION_CONTEXT('2D SPACE',''
  ) );
#7675 = ADVANCED_FACE('',(#7676),#7665,.T.);
#7676 = FACE_BOUND('',#7677,.T.);
#7677 = EDGE_LOOP('',(#7678,#7698,#7699));
#7678 = ORIENTED_EDGE('',*,*,#7679,.T.);
#7679 = EDGE_CURVE('',#7355,#7629,#7680,.T.);
#7680 = SURFACE_CURVE('',#7681,(#7685,#7692),.PCURVE_S1.);
#7681 = LINE('',#7682,#7683);
#7682 = CARTESIAN_POINT('',(-1.447999954224,-0.375,0.));
#7683 = VECTOR('',#7684,1.);
#7684 = DIRECTION('',(0.,0.979819727351,0.199883220642));
#7685 = PCURVE('',#7665,#7686);
#7686 = DEFINITIONAL_REPRESENTATION('',(#7687),#7691);
#7687 = LINE('',#7688,#7689);
#7688 = CARTESIAN_POINT('',(1.403724373654E-02,0.136462755787));
#7689 = VECTOR('',#7690,1.);
#7690 = DIRECTION('',(-0.199883220642,-0.979819727351));
#7691 = ( GEOMETRIC_REPRESENTATION_CONTEXT(2) 
PARAMETRIC_REPRESENTATION_CONTEXT() REPRESENTATION_CONTEXT('2D SPACE',''
  ) );
#7692 = PCURVE('',#7370,#7693);
#7693 = DEFINITIONAL_REPRESENTATION('',(#7694),#7697);
#7694 = B_SPLINE_CURVE_WITH_KNOTS('',1,(#7695,#7696),.UNSPECIFIED.,.F.,
  .F.,(2,2),(0.,0.2551489759),.PIECEWISE_BEZIER_KNOTS.);
#7695 = CARTESIAN_POINT('',(3.696275530979E-02,0.113537244213));
#7696 = CARTESIAN_POINT('',(-1.403724373654E-02,-0.136462755787));
#7697 = ( GEOMETRIC_REPRESENTATION_CONTEXT(2) 
PARAMETRIC_REPRESENTATION_CONTEXT() REPRESENTATION_CONTEXT('2D SPACE',''
  ) );
#7698 = ORIENTED_EDGE('',*,*,#7651,.F.);
#7699 = ORIENTED_EDGE('',*,*,#7700,.T.);
#7700 = EDGE_CURVE('',#7573,#7355,#7701,.T.);
#7701 = SURFACE_CURVE('',#7702,(#7706,#7713),.PCURVE_S1.);
#7702 = LINE('',#7703,#7704);
#7703 = CARTESIAN_POINT('',(-1.447999954224,-0.125,0.));
#7704 = VECTOR('',#7705,1.);
#7705 = DIRECTION('',(0.,-1.,0.));
#7706 = PCURVE('',#7665,#7707);
#7707 = DEFINITIONAL_REPRESENTATION('',(#7708),#7712);
#7708 = LINE('',#7709,#7710);
#7709 = CARTESIAN_POINT('',(1.403724373654E-02,-0.113537244213));
#7710 = VECTOR('',#7711,1.);
#7711 = DIRECTION('',(0.,1.));
#7712 = ( GEOMETRIC_REPRESENTATION_CONTEXT(2) 
PARAMETRIC_REPRESENTATION_CONTEXT() REPRESENTATION_CONTEXT('2D SPACE',''
  ) );
#7713 = PCURVE('',#7614,#7714);
#7714 = DEFINITIONAL_REPRESENTATION('',(#7715),#7718);
#7715 = B_SPLINE_CURVE_WITH_KNOTS('',1,(#7716,#7717),.UNSPECIFIED.,.F.,
  .F.,(2,2),(0.,0.25),.PIECEWISE_BEZIER_KNOTS.);
#7716 = CARTESIAN_POINT('',(0.190443174107,7.794319198881E-02));
#7717 = CARTESIAN_POINT('',(0.190443174107,-0.172056808011));
#7718 = ( GEOMETRIC_REPRESENTATION_CONTEXT(2) 
PARAMETRIC_REPRESENTATION_CONTEXT() REPRESENTATION_CONTEXT('2D SPACE',''
  ) );
#7719 = ADVANCED_FACE('',(#7720),#7370,.T.);
#7720 = FACE_BOUND('',#7721,.T.);
#7721 = EDGE_LOOP('',(#7722,#7742,#7743));
#7722 = ORIENTED_EDGE('',*,*,#7723,.T.);
#7723 = EDGE_CURVE('',#7323,#7629,#7724,.T.);
#7724 = SURFACE_CURVE('',#7725,(#7729,#7736),.PCURVE_S1.);
#7725 = LINE('',#7726,#7727);
#7726 = CARTESIAN_POINT('',(-1.447999954224,-0.375,5.099999904633E-02));
#7727 = VECTOR('',#7728,1.);
#7728 = DIRECTION('',(0.,1.,0.));
#7729 = PCURVE('',#7370,#7730);
#7730 = DEFINITIONAL_REPRESENTATION('',(#7731),#7735);
#7731 = LINE('',#7732,#7733);
#7732 = CARTESIAN_POINT('',(-1.403724373654E-02,0.113537244213));
#7733 = VECTOR('',#7734,1.);
#7734 = DIRECTION('',(0.,-1.));
#7735 = ( GEOMETRIC_REPRESENTATION_CONTEXT(2) 
PARAMETRIC_REPRESENTATION_CONTEXT() REPRESENTATION_CONTEXT('2D SPACE',''
  ) );
#7736 = PCURVE('',#7425,#7737);
#7737 = DEFINITIONAL_REPRESENTATION('',(#7738),#7741);
#7738 = B_SPLINE_CURVE_WITH_KNOTS('',1,(#7739,#7740),.UNSPECIFIED.,.F.,
  .F.,(2,2),(0.,0.25),.PIECEWISE_BEZIER_KNOTS.);
#7739 = CARTESIAN_POINT('',(-0.190443174107,-7.794319198881E-02));
#7740 = CARTESIAN_POINT('',(-0.190443174107,0.172056808011));
#7741 = ( GEOMETRIC_REPRESENTATION_CONTEXT(2) 
PARAMETRIC_REPRESENTATION_CONTEXT() REPRESENTATION_CONTEXT('2D SPACE',''
  ) );
#7742 = ORIENTED_EDGE('',*,*,#7679,.F.);
#7743 = ORIENTED_EDGE('',*,*,#7354,.F.);
#7744 = ADVANCED_FACE('',(#7745),#7395,.T.);
#7745 = FACE_BOUND('',#7746,.T.);
#7746 = EDGE_LOOP('',(#7747,#7767,#7768));
#7747 = ORIENTED_EDGE('',*,*,#7748,.T.);
#7748 = EDGE_CURVE('',#7355,#7466,#7749,.T.);
#7749 = SURFACE_CURVE('',#7750,(#7754,#7761),.PCURVE_S1.);
#7750 = LINE('',#7751,#7752);
#7751 = CARTESIAN_POINT('',(-1.447999954224,-0.375,0.));
#7752 = VECTOR('',#7753,1.);
#7753 = DIRECTION('',(0.88491820793,0.465746460292,0.));
#7754 = PCURVE('',#7395,#7755);
#7755 = DEFINITIONAL_REPRESENTATION('',(#7756),#7760);
#7756 = LINE('',#7757,#7758);
#7757 = CARTESIAN_POINT('',(0.28455679013,-7.794319198881E-02));
#7758 = VECTOR('',#7759,1.);
#7759 = DIRECTION('',(-0.88491820793,0.465746460292));
#7760 = ( GEOMETRIC_REPRESENTATION_CONTEXT(2) 
PARAMETRIC_REPRESENTATION_CONTEXT() REPRESENTATION_CONTEXT('2D SPACE',''
  ) );
#7761 = PCURVE('',#7614,#7762);
#7762 = DEFINITIONAL_REPRESENTATION('',(#7763),#7766);
#7763 = B_SPLINE_CURVE_WITH_KNOTS('',1,(#7764,#7765),.UNSPECIFIED.,.F.,
  .F.,(2,2),(0.,0.536772732192),.PIECEWISE_BEZIER_KNOTS.);
#7764 = CARTESIAN_POINT('',(0.190443174107,-0.172056808011));
#7765 = CARTESIAN_POINT('',(-0.28455679013,7.794319198881E-02));
#7766 = ( GEOMETRIC_REPRESENTATION_CONTEXT(2) 
PARAMETRIC_REPRESENTATION_CONTEXT() REPRESENTATION_CONTEXT('2D SPACE',''
  ) );
#7767 = ORIENTED_EDGE('',*,*,#7493,.F.);
#7768 = ORIENTED_EDGE('',*,*,#7381,.F.);
#7769 = ADVANCED_FACE('',(#7770),#7614,.T.);
#7770 = FACE_BOUND('',#7771,.T.);
#7771 = EDGE_LOOP('',(#7772,#7773,#7774));
#7772 = ORIENTED_EDGE('',*,*,#7600,.F.);
#7773 = ORIENTED_EDGE('',*,*,#7748,.F.);
#7774 = ORIENTED_EDGE('',*,*,#7700,.F.);
#7775 = ADVANCED_FACE('',(#7776),#7425,.T.);
#7776 = FACE_BOUND('',#7777,.T.);
#7777 = EDGE_LOOP('',(#7778,#7798,#7799));
#7778 = ORIENTED_EDGE('',*,*,#7779,.T.);
#7779 = EDGE_CURVE('',#7410,#7629,#7780,.T.);
#7780 = SURFACE_CURVE('',#7781,(#7785,#7792),.PCURVE_S1.);
#7781 = LINE('',#7782,#7783);
#7782 = CARTESIAN_POINT('',(-0.972999989986,-0.375,5.099999904633E-02));
#7783 = VECTOR('',#7784,1.);
#7784 = DIRECTION('',(-0.88491820793,0.465746460292,0.));
#7785 = PCURVE('',#7425,#7786);
#7786 = DEFINITIONAL_REPRESENTATION('',(#7787),#7791);
#7787 = LINE('',#7788,#7789);
#7788 = CARTESIAN_POINT('',(0.28455679013,-7.794319198881E-02));
#7789 = VECTOR('',#7790,1.);
#7790 = DIRECTION('',(-0.88491820793,0.465746460292));
#7791 = ( GEOMETRIC_REPRESENTATION_CONTEXT(2) 
PARAMETRIC_REPRESENTATION_CONTEXT() REPRESENTATION_CONTEXT('2D SPACE',''
  ) );
#7792 = PCURVE('',#7532,#7793);
#7793 = DEFINITIONAL_REPRESENTATION('',(#7794),#7797);
#7794 = B_SPLINE_CURVE_WITH_KNOTS('',1,(#7795,#7796),.UNSPECIFIED.,.F.,
  .F.,(2,2),(0.,0.536772732192),.PIECEWISE_BEZIER_KNOTS.);
#7795 = CARTESIAN_POINT('',(0.190443174107,-0.172056808011));
#7796 = CARTESIAN_POINT('',(-0.28455679013,7.794319198881E-02));
#7797 = ( GEOMETRIC_REPRESENTATION_CONTEXT(2) 
PARAMETRIC_REPRESENTATION_CONTEXT() REPRESENTATION_CONTEXT('2D SPACE',''
  ) );
#7798 = ORIENTED_EDGE('',*,*,#7723,.F.);
#7799 = ORIENTED_EDGE('',*,*,#7409,.F.);
#7800 = ADVANCED_FACE('',(#7801),#7532,.T.);
#7801 = FACE_BOUND('',#7802,.T.);
#7802 = EDGE_LOOP('',(#7803,#7804,#7805));
#7803 = ORIENTED_EDGE('',*,*,#7628,.F.);
#7804 = ORIENTED_EDGE('',*,*,#7779,.F.);
#7805 = ORIENTED_EDGE('',*,*,#7516,.F.);
#7806 = ( GEOMETRIC_REPRESENTATION_CONTEXT(3) 
GLOBAL_UNCERTAINTY_ASSIGNED_CONTEXT((#7810)) 
GLOBAL_UNIT_ASSIGNED_CONTEXT((#7807,#7808,#7809)) REPRESENTATION_CONTEXT
('Context #1','3D Context with UNIT and UNCERTAINTY') );
#7807 = ( LENGTH_UNIT() NAMED_UNIT(*) SI_UNIT(.MILLI.,.METRE.) );
#7808 = ( NAMED_UNIT(*) PLANE_ANGLE_UNIT() SI_UNIT($,.RADIAN.) );
#7809 = ( NAMED_UNIT(*) SI_UNIT($,.STERADIAN.) SOLID_ANGLE_UNIT() );
#7810 = UNCERTAINTY_MEASURE_WITH_UNIT(LENGTH_MEASURE(1.E-07),#7807,
  'distance_accuracy_value','confusion accuracy');
#7811 = SHAPE_DEFINITION_REPRESENTATION(#7812,#7313);
#7812 = PRODUCT_DEFINITION_SHAPE('','',#7813);
#7813 = PRODUCT_DEFINITION('design','',#7814,#7817);
#7814 = PRODUCT_DEFINITION_FORMATION('','',#7815);
#7815 = PRODUCT(' STEP translator 7.5 1.5',
  ' STEP translator 7.5 1.5','',(#7816));
#7816 = PRODUCT_CONTEXT('',#2,'mechanical');
#7817 = PRODUCT_DEFINITION_CONTEXT('part definition',#2,'design');
#7818 = CONTEXT_DEPENDENT_SHAPE_REPRESENTATION(#7819,#7821);
#7819 = ( REPRESENTATION_RELATIONSHIP('','',#7313,#10) 
REPRESENTATION_RELATIONSHIP_WITH_TRANSFORMATION(#7820) 
SHAPE_REPRESENTATION_RELATIONSHIP() );
#7820 = ITEM_DEFINED_TRANSFORMATION('','',#11,#31);
#7821 = PRODUCT_DEFINITION_SHAPE('Placement','Placement of an item',
  #7822);
#7822 = NEXT_ASSEMBLY_USAGE_OCCURRENCE('5','','',#5,#7813,$);
#7823 = PRODUCT_RELATED_PRODUCT_CATEGORY('part',$,(#7815));
#7824 = MANIFOLD_SURFACE_SHAPE_REPRESENTATION('',(#11,#7825),#8317);
#7825 = SHELL_BASED_SURFACE_MODEL('',(#7826));
#7826 = CLOSED_SHELL('',(#7827,#7916,#7972,#8023,#8079,#8135,#8186,#8230
    ,#8255,#8280,#8286,#8311));
#7827 = ADVANCED_FACE('',(#7828),#7842,.T.);
#7828 = FACE_BOUND('',#7829,.T.);
#7829 = EDGE_LOOP('',(#7830,#7864,#7891));
#7830 = ORIENTED_EDGE('',*,*,#7831,.T.);
#7831 = EDGE_CURVE('',#7832,#7834,#7836,.T.);
#7832 = VERTEX_POINT('',#7833);
#7833 = CARTESIAN_POINT('',(-0.972999989986,-0.875,0.));
#7834 = VERTEX_POINT('',#7835);
#7835 = CARTESIAN_POINT('',(-1.447999954224,-0.875,5.099999904633E-02));
#7836 = SURFACE_CURVE('',#7837,(#7841,#7853),.PCURVE_S1.);
#7837 = LINE('',#7838,#7839);
#7838 = CARTESIAN_POINT('',(-0.972999989986,-0.875,0.));
#7839 = VECTOR('',#7840,1.);
#7840 = DIRECTION('',(-0.99428537182,0.,0.106754856489));
#7841 = PCURVE('',#7842,#7847);
#7842 = PLANE('',#7843);
#7843 = AXIS2_PLACEMENT_3D('',#7844,#7845,#7846);
#7844 = CARTESIAN_POINT('',(-1.222567459517,-0.875,1.343251211113E-02));
#7845 = DIRECTION('',(-0.,-1.,-0.));
#7846 = DIRECTION('',(0.,0.,-1.));
#7847 = DEFINITIONAL_REPRESENTATION('',(#7848),#7852);
#7848 = LINE('',#7849,#7850);
#7849 = CARTESIAN_POINT('',(1.343251211113E-02,0.249567469531));
#7850 = VECTOR('',#7851,1.);
#7851 = DIRECTION('',(-0.106754856489,-0.99428537182));
#7852 = ( GEOMETRIC_REPRESENTATION_CONTEXT(2) 
PARAMETRIC_REPRESENTATION_CONTEXT() REPRESENTATION_CONTEXT('2D SPACE',''
  ) );
#7853 = PCURVE('',#7854,#7859);
#7854 = PLANE('',#7855);
#7855 = AXIS2_PLACEMENT_3D('',#7856,#7857,#7858);
#7856 = CARTESIAN_POINT('',(-1.198432484693,-0.875,3.75674869352E-02));
#7857 = DIRECTION('',(-0.,-1.,-0.));
#7858 = DIRECTION('',(0.,0.,-1.));
#7859 = DEFINITIONAL_REPRESENTATION('',(#7860),#7863);
#7860 = B_SPLINE_CURVE_WITH_KNOTS('',1,(#7861,#7862),.UNSPECIFIED.,.F.,
  .F.,(2,2),(0.,0.477730013635),.PIECEWISE_BEZIER_KNOTS.);
#7861 = CARTESIAN_POINT('',(3.75674869352E-02,0.225432494707));
#7862 = CARTESIAN_POINT('',(-1.343251211113E-02,-0.249567469531));
#7863 = ( GEOMETRIC_REPRESENTATION_CONTEXT(2) 
PARAMETRIC_REPRESENTATION_CONTEXT() REPRESENTATION_CONTEXT('2D SPACE',''
  ) );
#7864 = ORIENTED_EDGE('',*,*,#7865,.T.);
#7865 = EDGE_CURVE('',#7834,#7866,#7868,.T.);
#7866 = VERTEX_POINT('',#7867);
#7867 = CARTESIAN_POINT('',(-1.447999954224,-0.875,0.));
#7868 = SURFACE_CURVE('',#7869,(#7873,#7880),.PCURVE_S1.);
#7869 = LINE('',#7870,#7871);
#7870 = CARTESIAN_POINT('',(-1.447999954224,-0.875,5.099999904633E-02));
#7871 = VECTOR('',#7872,1.);
#7872 = DIRECTION('',(0.,0.,-1.));
#7873 = PCURVE('',#7842,#7874);
#7874 = DEFINITIONAL_REPRESENTATION('',(#7875),#7879);
#7875 = LINE('',#7876,#7877);
#7876 = CARTESIAN_POINT('',(-3.75674869352E-02,-0.225432494707));
#7877 = VECTOR('',#7878,1.);
#7878 = DIRECTION('',(1.,0.));
#7879 = ( GEOMETRIC_REPRESENTATION_CONTEXT(2) 
PARAMETRIC_REPRESENTATION_CONTEXT() REPRESENTATION_CONTEXT('2D SPACE',''
  ) );
#7880 = PCURVE('',#7881,#7886);
#7881 = PLANE('',#7882);
#7882 = AXIS2_PLACEMENT_3D('',#7883,#7884,#7885);
#7883 = CARTESIAN_POINT('',(-1.447999954224,-0.761462755787,
    3.696275530979E-02));
#7884 = DIRECTION('',(-1.,-0.,-0.));
#7885 = DIRECTION('',(0.,0.,-1.));
#7886 = DEFINITIONAL_REPRESENTATION('',(#7887),#7890);
#7887 = B_SPLINE_CURVE_WITH_KNOTS('',1,(#7888,#7889),.UNSPECIFIED.,.F.,
  .F.,(2,2),(0.,5.099999904633E-02),.PIECEWISE_BEZIER_KNOTS.);
#7888 = CARTESIAN_POINT('',(-1.403724373654E-02,0.113537244213));
#7889 = CARTESIAN_POINT('',(3.696275530979E-02,0.113537244213));
#7890 = ( GEOMETRIC_REPRESENTATION_CONTEXT(2) 
PARAMETRIC_REPRESENTATION_CONTEXT() REPRESENTATION_CONTEXT('2D SPACE',''
  ) );
#7891 = ORIENTED_EDGE('',*,*,#7892,.T.);
#7892 = EDGE_CURVE('',#7866,#7832,#7893,.T.);
#7893 = SURFACE_CURVE('',#7894,(#7898,#7905),.PCURVE_S1.);
#7894 = LINE('',#7895,#7896);
#7895 = CARTESIAN_POINT('',(-1.447999954224,-0.875,0.));
#7896 = VECTOR('',#7897,1.);
#7897 = DIRECTION('',(1.,0.,0.));
#7898 = PCURVE('',#7842,#7899);
#7899 = DEFINITIONAL_REPRESENTATION('',(#7900),#7904);
#7900 = LINE('',#7901,#7902);
#7901 = CARTESIAN_POINT('',(1.343251211113E-02,-0.225432494707));
#7902 = VECTOR('',#7903,1.);
#7903 = DIRECTION('',(0.,1.));
#7904 = ( GEOMETRIC_REPRESENTATION_CONTEXT(2) 
PARAMETRIC_REPRESENTATION_CONTEXT() REPRESENTATION_CONTEXT('2D SPACE',''
  ) );
#7905 = PCURVE('',#7906,#7911);
#7906 = PLANE('',#7907);
#7907 = AXIS2_PLACEMENT_3D('',#7908,#7909,#7910);
#7908 = CARTESIAN_POINT('',(-1.163443164094,-0.797056808011,0.));
#7909 = DIRECTION('',(-0.,-0.,-1.));
#7910 = DIRECTION('',(-1.,0.,0.));
#7911 = DEFINITIONAL_REPRESENTATION('',(#7912),#7915);
#7912 = B_SPLINE_CURVE_WITH_KNOTS('',1,(#7913,#7914),.UNSPECIFIED.,.F.,
  .F.,(2,2),(0.,0.474999964237),.PIECEWISE_BEZIER_KNOTS.);
#7913 = CARTESIAN_POINT('',(0.28455679013,-7.794319198881E-02));
#7914 = CARTESIAN_POINT('',(-0.190443174107,-7.794319198881E-02));
#7915 = ( GEOMETRIC_REPRESENTATION_CONTEXT(2) 
PARAMETRIC_REPRESENTATION_CONTEXT() REPRESENTATION_CONTEXT('2D SPACE',''
  ) );
#7916 = ADVANCED_FACE('',(#7917),#7854,.T.);
#7917 = FACE_BOUND('',#7918,.T.);
#7918 = EDGE_LOOP('',(#7919,#7946,#7947));
#7919 = ORIENTED_EDGE('',*,*,#7920,.T.);
#7920 = EDGE_CURVE('',#7921,#7834,#7923,.T.);
#7921 = VERTEX_POINT('',#7922);
#7922 = CARTESIAN_POINT('',(-0.972999989986,-0.875,5.099999904633E-02));
#7923 = SURFACE_CURVE('',#7924,(#7928,#7935),.PCURVE_S1.);
#7924 = LINE('',#7925,#7926);
#7925 = CARTESIAN_POINT('',(-0.972999989986,-0.875,5.099999904633E-02));
#7926 = VECTOR('',#7927,1.);
#7927 = DIRECTION('',(-1.,0.,0.));
#7928 = PCURVE('',#7854,#7929);
#7929 = DEFINITIONAL_REPRESENTATION('',(#7930),#7934);
#7930 = LINE('',#7931,#7932);
#7931 = CARTESIAN_POINT('',(-1.343251211113E-02,0.225432494707));
#7932 = VECTOR('',#7933,1.);
#7933 = DIRECTION('',(0.,-1.));
#7934 = ( GEOMETRIC_REPRESENTATION_CONTEXT(2) 
PARAMETRIC_REPRESENTATION_CONTEXT() REPRESENTATION_CONTEXT('2D SPACE',''
  ) );
#7935 = PCURVE('',#7936,#7941);
#7936 = PLANE('',#7937);
#7937 = AXIS2_PLACEMENT_3D('',#7938,#7939,#7940);
#7938 = CARTESIAN_POINT('',(-1.257556780116,-0.797056808011,
    5.099999904633E-02));
#7939 = DIRECTION('',(0.,0.,1.));
#7940 = DIRECTION('',(1.,0.,-0.));
#7941 = DEFINITIONAL_REPRESENTATION('',(#7942),#7945);
#7942 = B_SPLINE_CURVE_WITH_KNOTS('',1,(#7943,#7944),.UNSPECIFIED.,.F.,
  .F.,(2,2),(0.,0.474999964237),.PIECEWISE_BEZIER_KNOTS.);
#7943 = CARTESIAN_POINT('',(0.28455679013,-7.794319198881E-02));
#7944 = CARTESIAN_POINT('',(-0.190443174107,-7.794319198881E-02));
#7945 = ( GEOMETRIC_REPRESENTATION_CONTEXT(2) 
PARAMETRIC_REPRESENTATION_CONTEXT() REPRESENTATION_CONTEXT('2D SPACE',''
  ) );
#7946 = ORIENTED_EDGE('',*,*,#7831,.F.);
#7947 = ORIENTED_EDGE('',*,*,#7948,.T.);
#7948 = EDGE_CURVE('',#7832,#7921,#7949,.T.);
#7949 = SURFACE_CURVE('',#7950,(#7954,#7961),.PCURVE_S1.);
#7950 = LINE('',#7951,#7952);
#7951 = CARTESIAN_POINT('',(-0.972999989986,-0.875,0.));
#7952 = VECTOR('',#7953,1.);
#7953 = DIRECTION('',(0.,0.,1.));
#7954 = PCURVE('',#7854,#7955);
#7955 = DEFINITIONAL_REPRESENTATION('',(#7956),#7960);
#7956 = LINE('',#7957,#7958);
#7957 = CARTESIAN_POINT('',(3.75674869352E-02,0.225432494707));
#7958 = VECTOR('',#7959,1.);
#7959 = DIRECTION('',(-1.,0.));
#7960 = ( GEOMETRIC_REPRESENTATION_CONTEXT(2) 
PARAMETRIC_REPRESENTATION_CONTEXT() REPRESENTATION_CONTEXT('2D SPACE',''
  ) );
#7961 = PCURVE('',#7962,#7967);
#7962 = PLANE('',#7963);
#7963 = AXIS2_PLACEMENT_3D('',#7964,#7965,#7966);
#7964 = CARTESIAN_POINT('',(-0.972999989986,-0.761462755787,
    1.403724373654E-02));
#7965 = DIRECTION('',(1.,0.,0.));
#7966 = DIRECTION('',(-0.,0.,1.));
#7967 = DEFINITIONAL_REPRESENTATION('',(#7968),#7971);
#7968 = B_SPLINE_CURVE_WITH_KNOTS('',1,(#7969,#7970),.UNSPECIFIED.,.F.,
  .F.,(2,2),(0.,5.099999904633E-02),.PIECEWISE_BEZIER_KNOTS.);
#7969 = CARTESIAN_POINT('',(-1.403724373654E-02,0.113537244213));
#7970 = CARTESIAN_POINT('',(3.696275530979E-02,0.113537244213));
#7971 = ( GEOMETRIC_REPRESENTATION_CONTEXT(2) 
PARAMETRIC_REPRESENTATION_CONTEXT() REPRESENTATION_CONTEXT('2D SPACE',''
  ) );
#7972 = ADVANCED_FACE('',(#7973),#7962,.T.);
#7973 = FACE_BOUND('',#7974,.T.);
#7974 = EDGE_LOOP('',(#7975,#8002,#8003));
#7975 = ORIENTED_EDGE('',*,*,#7976,.T.);
#7976 = EDGE_CURVE('',#7977,#7921,#7979,.T.);
#7977 = VERTEX_POINT('',#7978);
#7978 = CARTESIAN_POINT('',(-0.972999989986,-0.625,0.));
#7979 = SURFACE_CURVE('',#7980,(#7984,#7991),.PCURVE_S1.);
#7980 = LINE('',#7981,#7982);
#7981 = CARTESIAN_POINT('',(-0.972999989986,-0.625,0.));
#7982 = VECTOR('',#7983,1.);
#7983 = DIRECTION('',(0.,-0.979819727351,0.199883220642));
#7984 = PCURVE('',#7962,#7985);
#7985 = DEFINITIONAL_REPRESENTATION('',(#7986),#7990);
#7986 = LINE('',#7987,#7988);
#7987 = CARTESIAN_POINT('',(-1.403724373654E-02,-0.136462755787));
#7988 = VECTOR('',#7989,1.);
#7989 = DIRECTION('',(0.199883220642,0.979819727351));
#7990 = ( GEOMETRIC_REPRESENTATION_CONTEXT(2) 
PARAMETRIC_REPRESENTATION_CONTEXT() REPRESENTATION_CONTEXT('2D SPACE',''
  ) );
#7991 = PCURVE('',#7992,#7997);
#7992 = PLANE('',#7993);
#7993 = AXIS2_PLACEMENT_3D('',#7994,#7995,#7996);
#7994 = CARTESIAN_POINT('',(-0.972999989986,-0.738537244213,
    3.696275530979E-02));
#7995 = DIRECTION('',(1.,0.,0.));
#7996 = DIRECTION('',(-0.,0.,1.));
#7997 = DEFINITIONAL_REPRESENTATION('',(#7998),#8001);
#7998 = B_SPLINE_CURVE_WITH_KNOTS('',1,(#7999,#8000),.UNSPECIFIED.,.F.,
  .F.,(2,2),(0.,0.2551489759),.PIECEWISE_BEZIER_KNOTS.);
#7999 = CARTESIAN_POINT('',(-3.696275530979E-02,-0.113537244213));
#8000 = CARTESIAN_POINT('',(1.403724373654E-02,0.136462755787));
#8001 = ( GEOMETRIC_REPRESENTATION_CONTEXT(2) 
PARAMETRIC_REPRESENTATION_CONTEXT() REPRESENTATION_CONTEXT('2D SPACE',''
  ) );
#8002 = ORIENTED_EDGE('',*,*,#7948,.F.);
#8003 = ORIENTED_EDGE('',*,*,#8004,.T.);
#8004 = EDGE_CURVE('',#7832,#7977,#8005,.T.);
#8005 = SURFACE_CURVE('',#8006,(#8010,#8017),.PCURVE_S1.);
#8006 = LINE('',#8007,#8008);
#8007 = CARTESIAN_POINT('',(-0.972999989986,-0.875,0.));
#8008 = VECTOR('',#8009,1.);
#8009 = DIRECTION('',(0.,1.,0.));
#8010 = PCURVE('',#7962,#8011);
#8011 = DEFINITIONAL_REPRESENTATION('',(#8012),#8016);
#8012 = LINE('',#8013,#8014);
#8013 = CARTESIAN_POINT('',(-1.403724373654E-02,0.113537244213));
#8014 = VECTOR('',#8015,1.);
#8015 = DIRECTION('',(0.,-1.));
#8016 = ( GEOMETRIC_REPRESENTATION_CONTEXT(2) 
PARAMETRIC_REPRESENTATION_CONTEXT() REPRESENTATION_CONTEXT('2D SPACE',''
  ) );
#8017 = PCURVE('',#7906,#8018);
#8018 = DEFINITIONAL_REPRESENTATION('',(#8019),#8022);
#8019 = B_SPLINE_CURVE_WITH_KNOTS('',1,(#8020,#8021),.UNSPECIFIED.,.F.,
  .F.,(2,2),(0.,0.25),.PIECEWISE_BEZIER_KNOTS.);
#8020 = CARTESIAN_POINT('',(-0.190443174107,-7.794319198881E-02));
#8021 = CARTESIAN_POINT('',(-0.190443174107,0.172056808011));
#8022 = ( GEOMETRIC_REPRESENTATION_CONTEXT(2) 
PARAMETRIC_REPRESENTATION_CONTEXT() REPRESENTATION_CONTEXT('2D SPACE',''
  ) );
#8023 = ADVANCED_FACE('',(#8024),#7992,.T.);
#8024 = FACE_BOUND('',#8025,.T.);
#8025 = EDGE_LOOP('',(#8026,#8053,#8054));
#8026 = ORIENTED_EDGE('',*,*,#8027,.T.);
#8027 = EDGE_CURVE('',#8028,#7921,#8030,.T.);
#8028 = VERTEX_POINT('',#8029);
#8029 = CARTESIAN_POINT('',(-0.972999989986,-0.625,5.099999904633E-02));
#8030 = SURFACE_CURVE('',#8031,(#8035,#8042),.PCURVE_S1.);
#8031 = LINE('',#8032,#8033);
#8032 = CARTESIAN_POINT('',(-0.972999989986,-0.625,5.099999904633E-02));
#8033 = VECTOR('',#8034,1.);
#8034 = DIRECTION('',(0.,-1.,0.));
#8035 = PCURVE('',#7992,#8036);
#8036 = DEFINITIONAL_REPRESENTATION('',(#8037),#8041);
#8037 = LINE('',#8038,#8039);
#8038 = CARTESIAN_POINT('',(1.403724373654E-02,-0.113537244213));
#8039 = VECTOR('',#8040,1.);
#8040 = DIRECTION('',(0.,1.));
#8041 = ( GEOMETRIC_REPRESENTATION_CONTEXT(2) 
PARAMETRIC_REPRESENTATION_CONTEXT() REPRESENTATION_CONTEXT('2D SPACE',''
  ) );
#8042 = PCURVE('',#8043,#8048);
#8043 = PLANE('',#8044);
#8044 = AXIS2_PLACEMENT_3D('',#8045,#8046,#8047);
#8045 = CARTESIAN_POINT('',(-1.163443164094,-0.702943191989,
    5.099999904633E-02));
#8046 = DIRECTION('',(0.,0.,1.));
#8047 = DIRECTION('',(1.,0.,-0.));
#8048 = DEFINITIONAL_REPRESENTATION('',(#8049),#8052);
#8049 = B_SPLINE_CURVE_WITH_KNOTS('',1,(#8050,#8051),.UNSPECIFIED.,.F.,
  .F.,(2,2),(0.,0.25),.PIECEWISE_BEZIER_KNOTS.);
#8050 = CARTESIAN_POINT('',(0.190443174107,7.794319198881E-02));
#8051 = CARTESIAN_POINT('',(0.190443174107,-0.172056808011));
#8052 = ( GEOMETRIC_REPRESENTATION_CONTEXT(2) 
PARAMETRIC_REPRESENTATION_CONTEXT() REPRESENTATION_CONTEXT('2D SPACE',''
  ) );
#8053 = ORIENTED_EDGE('',*,*,#7976,.F.);
#8054 = ORIENTED_EDGE('',*,*,#8055,.T.);
#8055 = EDGE_CURVE('',#7977,#8028,#8056,.T.);
#8056 = SURFACE_CURVE('',#8057,(#8061,#8068),.PCURVE_S1.);
#8057 = LINE('',#8058,#8059);
#8058 = CARTESIAN_POINT('',(-0.972999989986,-0.625,0.));
#8059 = VECTOR('',#8060,1.);
#8060 = DIRECTION('',(0.,0.,1.));
#8061 = PCURVE('',#7992,#8062);
#8062 = DEFINITIONAL_REPRESENTATION('',(#8063),#8067);
#8063 = LINE('',#8064,#8065);
#8064 = CARTESIAN_POINT('',(-3.696275530979E-02,-0.113537244213));
#8065 = VECTOR('',#8066,1.);
#8066 = DIRECTION('',(1.,0.));
#8067 = ( GEOMETRIC_REPRESENTATION_CONTEXT(2) 
PARAMETRIC_REPRESENTATION_CONTEXT() REPRESENTATION_CONTEXT('2D SPACE',''
  ) );
#8068 = PCURVE('',#8069,#8074);
#8069 = PLANE('',#8070);
#8070 = AXIS2_PLACEMENT_3D('',#8071,#8072,#8073);
#8071 = CARTESIAN_POINT('',(-1.198432484693,-0.625,1.343251211113E-02));
#8072 = DIRECTION('',(0.,1.,0.));
#8073 = DIRECTION('',(0.,-0.,1.));
#8074 = DEFINITIONAL_REPRESENTATION('',(#8075),#8078);
#8075 = B_SPLINE_CURVE_WITH_KNOTS('',1,(#8076,#8077),.UNSPECIFIED.,.F.,
  .F.,(2,2),(0.,5.099999904633E-02),.PIECEWISE_BEZIER_KNOTS.);
#8076 = CARTESIAN_POINT('',(-1.343251211113E-02,0.225432494707));
#8077 = CARTESIAN_POINT('',(3.75674869352E-02,0.225432494707));
#8078 = ( GEOMETRIC_REPRESENTATION_CONTEXT(2) 
PARAMETRIC_REPRESENTATION_CONTEXT() REPRESENTATION_CONTEXT('2D SPACE',''
  ) );
#8079 = ADVANCED_FACE('',(#8080),#8069,.T.);
#8080 = FACE_BOUND('',#8081,.T.);
#8081 = EDGE_LOOP('',(#8082,#8109,#8110));
#8082 = ORIENTED_EDGE('',*,*,#8083,.T.);
#8083 = EDGE_CURVE('',#8084,#8028,#8086,.T.);
#8084 = VERTEX_POINT('',#8085);
#8085 = CARTESIAN_POINT('',(-1.447999954224,-0.625,0.));
#8086 = SURFACE_CURVE('',#8087,(#8091,#8098),.PCURVE_S1.);
#8087 = LINE('',#8088,#8089);
#8088 = CARTESIAN_POINT('',(-1.447999954224,-0.625,0.));
#8089 = VECTOR('',#8090,1.);
#8090 = DIRECTION('',(0.99428537182,0.,0.106754856489));
#8091 = PCURVE('',#8069,#8092);
#8092 = DEFINITIONAL_REPRESENTATION('',(#8093),#8097);
#8093 = LINE('',#8094,#8095);
#8094 = CARTESIAN_POINT('',(-1.343251211113E-02,-0.249567469531));
#8095 = VECTOR('',#8096,1.);
#8096 = DIRECTION('',(0.106754856489,0.99428537182));
#8097 = ( GEOMETRIC_REPRESENTATION_CONTEXT(2) 
PARAMETRIC_REPRESENTATION_CONTEXT() REPRESENTATION_CONTEXT('2D SPACE',''
  ) );
#8098 = PCURVE('',#8099,#8104);
#8099 = PLANE('',#8100);
#8100 = AXIS2_PLACEMENT_3D('',#8101,#8102,#8103);
#8101 = CARTESIAN_POINT('',(-1.222567459517,-0.625,3.75674869352E-02));
#8102 = DIRECTION('',(0.,1.,0.));
#8103 = DIRECTION('',(0.,-0.,1.));
#8104 = DEFINITIONAL_REPRESENTATION('',(#8105),#8108);
#8105 = B_SPLINE_CURVE_WITH_KNOTS('',1,(#8106,#8107),.UNSPECIFIED.,.F.,
  .F.,(2,2),(0.,0.477730013635),.PIECEWISE_BEZIER_KNOTS.);
#8106 = CARTESIAN_POINT('',(-3.75674869352E-02,-0.225432494707));
#8107 = CARTESIAN_POINT('',(1.343251211113E-02,0.249567469531));
#8108 = ( GEOMETRIC_REPRESENTATION_CONTEXT(2) 
PARAMETRIC_REPRESENTATION_CONTEXT() REPRESENTATION_CONTEXT('2D SPACE',''
  ) );
#8109 = ORIENTED_EDGE('',*,*,#8055,.F.);
#8110 = ORIENTED_EDGE('',*,*,#8111,.T.);
#8111 = EDGE_CURVE('',#7977,#8084,#8112,.T.);
#8112 = SURFACE_CURVE('',#8113,(#8117,#8124),.PCURVE_S1.);
#8113 = LINE('',#8114,#8115);
#8114 = CARTESIAN_POINT('',(-0.972999989986,-0.625,0.));
#8115 = VECTOR('',#8116,1.);
#8116 = DIRECTION('',(-1.,0.,0.));
#8117 = PCURVE('',#8069,#8118);
#8118 = DEFINITIONAL_REPRESENTATION('',(#8119),#8123);
#8119 = LINE('',#8120,#8121);
#8120 = CARTESIAN_POINT('',(-1.343251211113E-02,0.225432494707));
#8121 = VECTOR('',#8122,1.);
#8122 = DIRECTION('',(0.,-1.));
#8123 = ( GEOMETRIC_REPRESENTATION_CONTEXT(2) 
PARAMETRIC_REPRESENTATION_CONTEXT() REPRESENTATION_CONTEXT('2D SPACE',''
  ) );
#8124 = PCURVE('',#8125,#8130);
#8125 = PLANE('',#8126);
#8126 = AXIS2_PLACEMENT_3D('',#8127,#8128,#8129);
#8127 = CARTESIAN_POINT('',(-1.257556780116,-0.702943191989,0.));
#8128 = DIRECTION('',(-0.,-0.,-1.));
#8129 = DIRECTION('',(-1.,0.,0.));
#8130 = DEFINITIONAL_REPRESENTATION('',(#8131),#8134);
#8131 = B_SPLINE_CURVE_WITH_KNOTS('',1,(#8132,#8133),.UNSPECIFIED.,.F.,
  .F.,(2,2),(0.,0.474999964237),.PIECEWISE_BEZIER_KNOTS.);
#8132 = CARTESIAN_POINT('',(-0.28455679013,7.794319198881E-02));
#8133 = CARTESIAN_POINT('',(0.190443174107,7.794319198881E-02));
#8134 = ( GEOMETRIC_REPRESENTATION_CONTEXT(2) 
PARAMETRIC_REPRESENTATION_CONTEXT() REPRESENTATION_CONTEXT('2D SPACE',''
  ) );
#8135 = ADVANCED_FACE('',(#8136),#8099,.T.);
#8136 = FACE_BOUND('',#8137,.T.);
#8137 = EDGE_LOOP('',(#8138,#8160,#8161));
#8138 = ORIENTED_EDGE('',*,*,#8139,.T.);
#8139 = EDGE_CURVE('',#8140,#8028,#8142,.T.);
#8140 = VERTEX_POINT('',#8141);
#8141 = CARTESIAN_POINT('',(-1.447999954224,-0.625,5.099999904633E-02));
#8142 = SURFACE_CURVE('',#8143,(#8147,#8154),.PCURVE_S1.);
#8143 = LINE('',#8144,#8145);
#8144 = CARTESIAN_POINT('',(-1.447999954224,-0.625,5.099999904633E-02));
#8145 = VECTOR('',#8146,1.);
#8146 = DIRECTION('',(1.,0.,0.));
#8147 = PCURVE('',#8099,#8148);
#8148 = DEFINITIONAL_REPRESENTATION('',(#8149),#8153);
#8149 = LINE('',#8150,#8151);
#8150 = CARTESIAN_POINT('',(1.343251211113E-02,-0.225432494707));
#8151 = VECTOR('',#8152,1.);
#8152 = DIRECTION('',(0.,1.));
#8153 = ( GEOMETRIC_REPRESENTATION_CONTEXT(2) 
PARAMETRIC_REPRESENTATION_CONTEXT() REPRESENTATION_CONTEXT('2D SPACE',''
  ) );
#8154 = PCURVE('',#8043,#8155);
#8155 = DEFINITIONAL_REPRESENTATION('',(#8156),#8159);
#8156 = B_SPLINE_CURVE_WITH_KNOTS('',1,(#8157,#8158),.UNSPECIFIED.,.F.,
  .F.,(2,2),(0.,0.474999964237),.PIECEWISE_BEZIER_KNOTS.);
#8157 = CARTESIAN_POINT('',(-0.28455679013,7.794319198881E-02));
#8158 = CARTESIAN_POINT('',(0.190443174107,7.794319198881E-02));
#8159 = ( GEOMETRIC_REPRESENTATION_CONTEXT(2) 
PARAMETRIC_REPRESENTATION_CONTEXT() REPRESENTATION_CONTEXT('2D SPACE',''
  ) );
#8160 = ORIENTED_EDGE('',*,*,#8083,.F.);
#8161 = ORIENTED_EDGE('',*,*,#8162,.T.);
#8162 = EDGE_CURVE('',#8084,#8140,#8163,.T.);
#8163 = SURFACE_CURVE('',#8164,(#8168,#8175),.PCURVE_S1.);
#8164 = LINE('',#8165,#8166);
#8165 = CARTESIAN_POINT('',(-1.447999954224,-0.625,0.));
#8166 = VECTOR('',#8167,1.);
#8167 = DIRECTION('',(0.,0.,1.));
#8168 = PCURVE('',#8099,#8169);
#8169 = DEFINITIONAL_REPRESENTATION('',(#8170),#8174);
#8170 = LINE('',#8171,#8172);
#8171 = CARTESIAN_POINT('',(-3.75674869352E-02,-0.225432494707));
#8172 = VECTOR('',#8173,1.);
#8173 = DIRECTION('',(1.,0.));
#8174 = ( GEOMETRIC_REPRESENTATION_CONTEXT(2) 
PARAMETRIC_REPRESENTATION_CONTEXT() REPRESENTATION_CONTEXT('2D SPACE',''
  ) );
#8175 = PCURVE('',#8176,#8181);
#8176 = PLANE('',#8177);
#8177 = AXIS2_PLACEMENT_3D('',#8178,#8179,#8180);
#8178 = CARTESIAN_POINT('',(-1.447999954224,-0.738537244213,
    1.403724373654E-02));
#8179 = DIRECTION('',(-1.,-0.,-0.));
#8180 = DIRECTION('',(0.,0.,-1.));
#8181 = DEFINITIONAL_REPRESENTATION('',(#8182),#8185);
#8182 = B_SPLINE_CURVE_WITH_KNOTS('',1,(#8183,#8184),.UNSPECIFIED.,.F.,
  .F.,(2,2),(0.,5.099999904633E-02),.PIECEWISE_BEZIER_KNOTS.);
#8183 = CARTESIAN_POINT('',(1.403724373654E-02,-0.113537244213));
#8184 = CARTESIAN_POINT('',(-3.696275530979E-02,-0.113537244213));
#8185 = ( GEOMETRIC_REPRESENTATION_CONTEXT(2) 
PARAMETRIC_REPRESENTATION_CONTEXT() REPRESENTATION_CONTEXT('2D SPACE',''
  ) );
#8186 = ADVANCED_FACE('',(#8187),#8176,.T.);
#8187 = FACE_BOUND('',#8188,.T.);
#8188 = EDGE_LOOP('',(#8189,#8209,#8210));
#8189 = ORIENTED_EDGE('',*,*,#8190,.T.);
#8190 = EDGE_CURVE('',#7866,#8140,#8191,.T.);
#8191 = SURFACE_CURVE('',#8192,(#8196,#8203),.PCURVE_S1.);
#8192 = LINE('',#8193,#8194);
#8193 = CARTESIAN_POINT('',(-1.447999954224,-0.875,0.));
#8194 = VECTOR('',#8195,1.);
#8195 = DIRECTION('',(0.,0.979819727351,0.199883220642));
#8196 = PCURVE('',#8176,#8197);
#8197 = DEFINITIONAL_REPRESENTATION('',(#8198),#8202);
#8198 = LINE('',#8199,#8200);
#8199 = CARTESIAN_POINT('',(1.403724373654E-02,0.136462755787));
#8200 = VECTOR('',#8201,1.);
#8201 = DIRECTION('',(-0.199883220642,-0.979819727351));
#8202 = ( GEOMETRIC_REPRESENTATION_CONTEXT(2) 
PARAMETRIC_REPRESENTATION_CONTEXT() REPRESENTATION_CONTEXT('2D SPACE',''
  ) );
#8203 = PCURVE('',#7881,#8204);
#8204 = DEFINITIONAL_REPRESENTATION('',(#8205),#8208);
#8205 = B_SPLINE_CURVE_WITH_KNOTS('',1,(#8206,#8207),.UNSPECIFIED.,.F.,
  .F.,(2,2),(0.,0.2551489759),.PIECEWISE_BEZIER_KNOTS.);
#8206 = CARTESIAN_POINT('',(3.696275530979E-02,0.113537244213));
#8207 = CARTESIAN_POINT('',(-1.403724373654E-02,-0.136462755787));
#8208 = ( GEOMETRIC_REPRESENTATION_CONTEXT(2) 
PARAMETRIC_REPRESENTATION_CONTEXT() REPRESENTATION_CONTEXT('2D SPACE',''
  ) );
#8209 = ORIENTED_EDGE('',*,*,#8162,.F.);
#8210 = ORIENTED_EDGE('',*,*,#8211,.T.);
#8211 = EDGE_CURVE('',#8084,#7866,#8212,.T.);
#8212 = SURFACE_CURVE('',#8213,(#8217,#8224),.PCURVE_S1.);
#8213 = LINE('',#8214,#8215);
#8214 = CARTESIAN_POINT('',(-1.447999954224,-0.625,0.));
#8215 = VECTOR('',#8216,1.);
#8216 = DIRECTION('',(0.,-1.,0.));
#8217 = PCURVE('',#8176,#8218);
#8218 = DEFINITIONAL_REPRESENTATION('',(#8219),#8223);
#8219 = LINE('',#8220,#8221);
#8220 = CARTESIAN_POINT('',(1.403724373654E-02,-0.113537244213));
#8221 = VECTOR('',#8222,1.);
#8222 = DIRECTION('',(0.,1.));
#8223 = ( GEOMETRIC_REPRESENTATION_CONTEXT(2) 
PARAMETRIC_REPRESENTATION_CONTEXT() REPRESENTATION_CONTEXT('2D SPACE',''
  ) );
#8224 = PCURVE('',#8125,#8225);
#8225 = DEFINITIONAL_REPRESENTATION('',(#8226),#8229);
#8226 = B_SPLINE_CURVE_WITH_KNOTS('',1,(#8227,#8228),.UNSPECIFIED.,.F.,
  .F.,(2,2),(0.,0.25),.PIECEWISE_BEZIER_KNOTS.);
#8227 = CARTESIAN_POINT('',(0.190443174107,7.794319198881E-02));
#8228 = CARTESIAN_POINT('',(0.190443174107,-0.172056808011));
#8229 = ( GEOMETRIC_REPRESENTATION_CONTEXT(2) 
PARAMETRIC_REPRESENTATION_CONTEXT() REPRESENTATION_CONTEXT('2D SPACE',''
  ) );
#8230 = ADVANCED_FACE('',(#8231),#7881,.T.);
#8231 = FACE_BOUND('',#8232,.T.);
#8232 = EDGE_LOOP('',(#8233,#8253,#8254));
#8233 = ORIENTED_EDGE('',*,*,#8234,.T.);
#8234 = EDGE_CURVE('',#7834,#8140,#8235,.T.);
#8235 = SURFACE_CURVE('',#8236,(#8240,#8247),.PCURVE_S1.);
#8236 = LINE('',#8237,#8238);
#8237 = CARTESIAN_POINT('',(-1.447999954224,-0.875,5.099999904633E-02));
#8238 = VECTOR('',#8239,1.);
#8239 = DIRECTION('',(0.,1.,0.));
#8240 = PCURVE('',#7881,#8241);
#8241 = DEFINITIONAL_REPRESENTATION('',(#8242),#8246);
#8242 = LINE('',#8243,#8244);
#8243 = CARTESIAN_POINT('',(-1.403724373654E-02,0.113537244213));
#8244 = VECTOR('',#8245,1.);
#8245 = DIRECTION('',(0.,-1.));
#8246 = ( GEOMETRIC_REPRESENTATION_CONTEXT(2) 
PARAMETRIC_REPRESENTATION_CONTEXT() REPRESENTATION_CONTEXT('2D SPACE',''
  ) );
#8247 = PCURVE('',#7936,#8248);
#8248 = DEFINITIONAL_REPRESENTATION('',(#8249),#8252);
#8249 = B_SPLINE_CURVE_WITH_KNOTS('',1,(#8250,#8251),.UNSPECIFIED.,.F.,
  .F.,(2,2),(0.,0.25),.PIECEWISE_BEZIER_KNOTS.);
#8250 = CARTESIAN_POINT('',(-0.190443174107,-7.794319198881E-02));
#8251 = CARTESIAN_POINT('',(-0.190443174107,0.172056808011));
#8252 = ( GEOMETRIC_REPRESENTATION_CONTEXT(2) 
PARAMETRIC_REPRESENTATION_CONTEXT() REPRESENTATION_CONTEXT('2D SPACE',''
  ) );
#8253 = ORIENTED_EDGE('',*,*,#8190,.F.);
#8254 = ORIENTED_EDGE('',*,*,#7865,.F.);
#8255 = ADVANCED_FACE('',(#8256),#7906,.T.);
#8256 = FACE_BOUND('',#8257,.T.);
#8257 = EDGE_LOOP('',(#8258,#8278,#8279));
#8258 = ORIENTED_EDGE('',*,*,#8259,.T.);
#8259 = EDGE_CURVE('',#7866,#7977,#8260,.T.);
#8260 = SURFACE_CURVE('',#8261,(#8265,#8272),.PCURVE_S1.);
#8261 = LINE('',#8262,#8263);
#8262 = CARTESIAN_POINT('',(-1.447999954224,-0.875,0.));
#8263 = VECTOR('',#8264,1.);
#8264 = DIRECTION('',(0.88491820793,0.465746460292,0.));
#8265 = PCURVE('',#7906,#8266);
#8266 = DEFINITIONAL_REPRESENTATION('',(#8267),#8271);
#8267 = LINE('',#8268,#8269);
#8268 = CARTESIAN_POINT('',(0.28455679013,-7.794319198881E-02));
#8269 = VECTOR('',#8270,1.);
#8270 = DIRECTION('',(-0.88491820793,0.465746460292));
#8271 = ( GEOMETRIC_REPRESENTATION_CONTEXT(2) 
PARAMETRIC_REPRESENTATION_CONTEXT() REPRESENTATION_CONTEXT('2D SPACE',''
  ) );
#8272 = PCURVE('',#8125,#8273);
#8273 = DEFINITIONAL_REPRESENTATION('',(#8274),#8277);
#8274 = B_SPLINE_CURVE_WITH_KNOTS('',1,(#8275,#8276),.UNSPECIFIED.,.F.,
  .F.,(2,2),(0.,0.536772732192),.PIECEWISE_BEZIER_KNOTS.);
#8275 = CARTESIAN_POINT('',(0.190443174107,-0.172056808011));
#8276 = CARTESIAN_POINT('',(-0.28455679013,7.794319198881E-02));
#8277 = ( GEOMETRIC_REPRESENTATION_CONTEXT(2) 
PARAMETRIC_REPRESENTATION_CONTEXT() REPRESENTATION_CONTEXT('2D SPACE',''
  ) );
#8278 = ORIENTED_EDGE('',*,*,#8004,.F.);
#8279 = ORIENTED_EDGE('',*,*,#7892,.F.);
#8280 = ADVANCED_FACE('',(#8281),#8125,.T.);
#8281 = FACE_BOUND('',#8282,.T.);
#8282 = EDGE_LOOP('',(#8283,#8284,#8285));
#8283 = ORIENTED_EDGE('',*,*,#8111,.F.);
#8284 = ORIENTED_EDGE('',*,*,#8259,.F.);
#8285 = ORIENTED_EDGE('',*,*,#8211,.F.);
#8286 = ADVANCED_FACE('',(#8287),#7936,.T.);
#8287 = FACE_BOUND('',#8288,.T.);
#8288 = EDGE_LOOP('',(#8289,#8309,#8310));
#8289 = ORIENTED_EDGE('',*,*,#8290,.T.);
#8290 = EDGE_CURVE('',#7921,#8140,#8291,.T.);
#8291 = SURFACE_CURVE('',#8292,(#8296,#8303),.PCURVE_S1.);
#8292 = LINE('',#8293,#8294);
#8293 = CARTESIAN_POINT('',(-0.972999989986,-0.875,5.099999904633E-02));
#8294 = VECTOR('',#8295,1.);
#8295 = DIRECTION('',(-0.88491820793,0.465746460292,0.));
#8296 = PCURVE('',#7936,#8297);
#8297 = DEFINITIONAL_REPRESENTATION('',(#8298),#8302);
#8298 = LINE('',#8299,#8300);
#8299 = CARTESIAN_POINT('',(0.28455679013,-7.794319198881E-02));
#8300 = VECTOR('',#8301,1.);
#8301 = DIRECTION('',(-0.88491820793,0.465746460292));
#8302 = ( GEOMETRIC_REPRESENTATION_CONTEXT(2) 
PARAMETRIC_REPRESENTATION_CONTEXT() REPRESENTATION_CONTEXT('2D SPACE',''
  ) );
#8303 = PCURVE('',#8043,#8304);
#8304 = DEFINITIONAL_REPRESENTATION('',(#8305),#8308);
#8305 = B_SPLINE_CURVE_WITH_KNOTS('',1,(#8306,#8307),.UNSPECIFIED.,.F.,
  .F.,(2,2),(0.,0.536772732192),.PIECEWISE_BEZIER_KNOTS.);
#8306 = CARTESIAN_POINT('',(0.190443174107,-0.172056808011));
#8307 = CARTESIAN_POINT('',(-0.28455679013,7.794319198881E-02));
#8308 = ( GEOMETRIC_REPRESENTATION_CONTEXT(2) 
PARAMETRIC_REPRESENTATION_CONTEXT() REPRESENTATION_CONTEXT('2D SPACE',''
  ) );
#8309 = ORIENTED_EDGE('',*,*,#8234,.F.);
#8310 = ORIENTED_EDGE('',*,*,#7920,.F.);
#8311 = ADVANCED_FACE('',(#8312),#8043,.T.);
#8312 = FACE_BOUND('',#8313,.T.);
#8313 = EDGE_LOOP('',(#8314,#8315,#8316));
#8314 = ORIENTED_EDGE('',*,*,#8139,.F.);
#8315 = ORIENTED_EDGE('',*,*,#8290,.F.);
#8316 = ORIENTED_EDGE('',*,*,#8027,.F.);
#8317 = ( GEOMETRIC_REPRESENTATION_CONTEXT(3) 
GLOBAL_UNCERTAINTY_ASSIGNED_CONTEXT((#8321)) 
GLOBAL_UNIT_ASSIGNED_CONTEXT((#8318,#8319,#8320)) REPRESENTATION_CONTEXT
('Context #1','3D Context with UNIT and UNCERTAINTY') );
#8318 = ( LENGTH_UNIT() NAMED_UNIT(*) SI_UNIT(.MILLI.,.METRE.) );
#8319 = ( NAMED_UNIT(*) PLANE_ANGLE_UNIT() SI_UNIT($,.RADIAN.) );
#8320 = ( NAMED_UNIT(*) SI_UNIT($,.STERADIAN.) SOLID_ANGLE_UNIT() );
#8321 = UNCERTAINTY_MEASURE_WITH_UNIT(LENGTH_MEASURE(1.E-07),#8318,
  'distance_accuracy_value','confusion accuracy');
#8322 = SHAPE_DEFINITION_REPRESENTATION(#8323,#7824);
#8323 = PRODUCT_DEFINITION_SHAPE('','',#8324);
#8324 = PRODUCT_DEFINITION('design','',#8325,#8328);
#8325 = PRODUCT_DEFINITION_FORMATION('','',#8326);
#8326 = PRODUCT(' STEP translator 7.5 1.6',
  ' STEP translator 7.5 1.6','',(#8327));
#8327 = PRODUCT_CONTEXT('',#2,'mechanical');
#8328 = PRODUCT_DEFINITION_CONTEXT('part definition',#2,'design');
#8329 = CONTEXT_DEPENDENT_SHAPE_REPRESENTATION(#8330,#8332);
#8330 = ( REPRESENTATION_RELATIONSHIP('','',#7824,#10) 
REPRESENTATION_RELATIONSHIP_WITH_TRANSFORMATION(#8331) 
SHAPE_REPRESENTATION_RELATIONSHIP() );
#8331 = ITEM_DEFINED_TRANSFORMATION('','',#11,#35);
#8332 = PRODUCT_DEFINITION_SHAPE('Placement','Placement of an item',
  #8333);
#8333 = NEXT_ASSEMBLY_USAGE_OCCURRENCE('6','','',#5,#8324,$);
#8334 = PRODUCT_RELATED_PRODUCT_CATEGORY('part',$,(#8326));
#8335 = MANIFOLD_SURFACE_SHAPE_REPRESENTATION('',(#11,#8336),#8828);
#8336 = SHELL_BASED_SURFACE_MODEL('',(#8337));
#8337 = CLOSED_SHELL('',(#8338,#8427,#8483,#8534,#8590,#8646,#8697,#8741
    ,#8766,#8791,#8797,#8822));
#8338 = ADVANCED_FACE('',(#8339),#8353,.T.);
#8339 = FACE_BOUND('',#8340,.T.);
#8340 = EDGE_LOOP('',(#8341,#8375,#8402));
#8341 = ORIENTED_EDGE('',*,*,#8342,.T.);
#8342 = EDGE_CURVE('',#8343,#8345,#8347,.T.);
#8343 = VERTEX_POINT('',#8344);
#8344 = CARTESIAN_POINT('',(-0.375,-1.194000005722,0.));
#8345 = VERTEX_POINT('',#8346);
#8346 = CARTESIAN_POINT('',(-0.625,-1.194000005722,5.099999904633E-02));
#8347 = SURFACE_CURVE('',#8348,(#8352,#8364),.PCURVE_S1.);
#8348 = LINE('',#8349,#8350);
#8349 = CARTESIAN_POINT('',(-0.375,-1.194000005722,0.));
#8350 = VECTOR('',#8351,1.);
#8351 = DIRECTION('',(-0.979819727351,0.,0.199883220642));
#8352 = PCURVE('',#8353,#8358);
#8353 = PLANE('',#8354);
#8354 = AXIS2_PLACEMENT_3D('',#8355,#8356,#8357);
#8355 = CARTESIAN_POINT('',(-0.511462755787,-1.194000005722,
    1.403724373654E-02));
#8356 = DIRECTION('',(1.846105881252E-31,-1.,9.076482505132E-31));
#8357 = DIRECTION('',(0.,-9.076482505132E-31,-1.));
#8358 = DEFINITIONAL_REPRESENTATION('',(#8359),#8363);
#8359 = LINE('',#8360,#8361);
#8360 = CARTESIAN_POINT('',(1.403724373654E-02,0.136462755787));
#8361 = VECTOR('',#8362,1.);
#8362 = DIRECTION('',(-0.199883220642,-0.979819727351));
#8363 = ( GEOMETRIC_REPRESENTATION_CONTEXT(2) 
PARAMETRIC_REPRESENTATION_CONTEXT() REPRESENTATION_CONTEXT('2D SPACE',''
  ) );
#8364 = PCURVE('',#8365,#8370);
#8365 = PLANE('',#8366);
#8366 = AXIS2_PLACEMENT_3D('',#8367,#8368,#8369);
#8367 = CARTESIAN_POINT('',(-0.488537244213,-1.194000005722,
    3.696275530979E-02));
#8368 = DIRECTION('',(2.264661241986E-31,-1.,2.866865074681E-30));
#8369 = DIRECTION('',(0.,-2.866865074681E-30,-1.));
#8370 = DEFINITIONAL_REPRESENTATION('',(#8371),#8374);
#8371 = B_SPLINE_CURVE_WITH_KNOTS('',1,(#8372,#8373),.UNSPECIFIED.,.F.,
  .F.,(2,2),(0.,0.2551489759),.PIECEWISE_BEZIER_KNOTS.);
#8372 = CARTESIAN_POINT('',(3.696275530979E-02,0.113537244213));
#8373 = CARTESIAN_POINT('',(-1.403724373654E-02,-0.136462755787));
#8374 = ( GEOMETRIC_REPRESENTATION_CONTEXT(2) 
PARAMETRIC_REPRESENTATION_CONTEXT() REPRESENTATION_CONTEXT('2D SPACE',''
  ) );
#8375 = ORIENTED_EDGE('',*,*,#8376,.T.);
#8376 = EDGE_CURVE('',#8345,#8377,#8379,.T.);
#8377 = VERTEX_POINT('',#8378);
#8378 = CARTESIAN_POINT('',(-0.625,-1.194000005722,0.));
#8379 = SURFACE_CURVE('',#8380,(#8384,#8391),.PCURVE_S1.);
#8380 = LINE('',#8381,#8382);
#8381 = CARTESIAN_POINT('',(-0.625,-1.194000005722,5.099999904633E-02));
#8382 = VECTOR('',#8383,1.);
#8383 = DIRECTION('',(0.,0.,-1.));
#8384 = PCURVE('',#8353,#8385);
#8385 = DEFINITIONAL_REPRESENTATION('',(#8386),#8390);
#8386 = LINE('',#8387,#8388);
#8387 = CARTESIAN_POINT('',(-3.696275530979E-02,-0.113537244213));
#8388 = VECTOR('',#8389,1.);
#8389 = DIRECTION('',(1.,1.67561477338E-61));
#8390 = ( GEOMETRIC_REPRESENTATION_CONTEXT(2) 
PARAMETRIC_REPRESENTATION_CONTEXT() REPRESENTATION_CONTEXT('2D SPACE',''
  ) );
#8391 = PCURVE('',#8392,#8397);
#8392 = PLANE('',#8393);
#8393 = AXIS2_PLACEMENT_3D('',#8394,#8395,#8396);
#8394 = CARTESIAN_POINT('',(-0.625,-0.968567481298,3.756748702035E-02));
#8395 = DIRECTION('',(-1.,-0.,-0.));
#8396 = DIRECTION('',(0.,0.,-1.));
#8397 = DEFINITIONAL_REPRESENTATION('',(#8398),#8401);
#8398 = B_SPLINE_CURVE_WITH_KNOTS('',1,(#8399,#8400),.UNSPECIFIED.,.F.,
  .F.,(2,2),(0.,5.099999904633E-02),.PIECEWISE_BEZIER_KNOTS.);
#8399 = CARTESIAN_POINT('',(-1.343251202597E-02,0.225432524424));
#8400 = CARTESIAN_POINT('',(3.756748702035E-02,0.225432524424));
#8401 = ( GEOMETRIC_REPRESENTATION_CONTEXT(2) 
PARAMETRIC_REPRESENTATION_CONTEXT() REPRESENTATION_CONTEXT('2D SPACE',''
  ) );
#8402 = ORIENTED_EDGE('',*,*,#8403,.T.);
#8403 = EDGE_CURVE('',#8377,#8343,#8404,.T.);
#8404 = SURFACE_CURVE('',#8405,(#8409,#8416),.PCURVE_S1.);
#8405 = LINE('',#8406,#8407);
#8406 = CARTESIAN_POINT('',(-0.625,-1.194000005722,0.));
#8407 = VECTOR('',#8408,1.);
#8408 = DIRECTION('',(1.,0.,0.));
#8409 = PCURVE('',#8353,#8410);
#8410 = DEFINITIONAL_REPRESENTATION('',(#8411),#8415);
#8411 = LINE('',#8412,#8413);
#8412 = CARTESIAN_POINT('',(1.403724373654E-02,-0.113537244213));
#8413 = VECTOR('',#8414,1.);
#8414 = DIRECTION('',(0.,1.));
#8415 = ( GEOMETRIC_REPRESENTATION_CONTEXT(2) 
PARAMETRIC_REPRESENTATION_CONTEXT() REPRESENTATION_CONTEXT('2D SPACE',''
  ) );
#8416 = PCURVE('',#8417,#8422);
#8417 = PLANE('',#8418);
#8418 = AXIS2_PLACEMENT_3D('',#8419,#8420,#8421);
#8419 = CARTESIAN_POINT('',(-0.452943190274,-1.003556803527,0.));
#8420 = DIRECTION('',(-0.,-0.,-1.));
#8421 = DIRECTION('',(-1.,0.,0.));
#8422 = DEFINITIONAL_REPRESENTATION('',(#8423),#8426);
#8423 = B_SPLINE_CURVE_WITH_KNOTS('',1,(#8424,#8425),.UNSPECIFIED.,.F.,
  .F.,(2,2),(0.,0.25),.PIECEWISE_BEZIER_KNOTS.);
#8424 = CARTESIAN_POINT('',(0.172056809726,-0.190443202195));
#8425 = CARTESIAN_POINT('',(-7.794319027396E-02,-0.190443202195));
#8426 = ( GEOMETRIC_REPRESENTATION_CONTEXT(2) 
PARAMETRIC_REPRESENTATION_CONTEXT() REPRESENTATION_CONTEXT('2D SPACE',''
  ) );
#8427 = ADVANCED_FACE('',(#8428),#8365,.T.);
#8428 = FACE_BOUND('',#8429,.T.);
#8429 = EDGE_LOOP('',(#8430,#8457,#8458));
#8430 = ORIENTED_EDGE('',*,*,#8431,.T.);
#8431 = EDGE_CURVE('',#8432,#8345,#8434,.T.);
#8432 = VERTEX_POINT('',#8433);
#8433 = CARTESIAN_POINT('',(-0.375,-1.194000005722,5.099999904633E-02));
#8434 = SURFACE_CURVE('',#8435,(#8439,#8446),.PCURVE_S1.);
#8435 = LINE('',#8436,#8437);
#8436 = CARTESIAN_POINT('',(-0.375,-1.194000005722,5.099999904633E-02));
#8437 = VECTOR('',#8438,1.);
#8438 = DIRECTION('',(-1.,0.,0.));
#8439 = PCURVE('',#8365,#8440);
#8440 = DEFINITIONAL_REPRESENTATION('',(#8441),#8445);
#8441 = LINE('',#8442,#8443);
#8442 = CARTESIAN_POINT('',(-1.403724373654E-02,0.113537244213));
#8443 = VECTOR('',#8444,1.);
#8444 = DIRECTION('',(0.,-1.));
#8445 = ( GEOMETRIC_REPRESENTATION_CONTEXT(2) 
PARAMETRIC_REPRESENTATION_CONTEXT() REPRESENTATION_CONTEXT('2D SPACE',''
  ) );
#8446 = PCURVE('',#8447,#8452);
#8447 = PLANE('',#8448);
#8448 = AXIS2_PLACEMENT_3D('',#8449,#8450,#8451);
#8449 = CARTESIAN_POINT('',(-0.547056809726,-1.003556803527,
    5.099999904633E-02));
#8450 = DIRECTION('',(0.,0.,1.));
#8451 = DIRECTION('',(1.,0.,-0.));
#8452 = DEFINITIONAL_REPRESENTATION('',(#8453),#8456);
#8453 = B_SPLINE_CURVE_WITH_KNOTS('',1,(#8454,#8455),.UNSPECIFIED.,.F.,
  .F.,(2,2),(0.,0.25),.PIECEWISE_BEZIER_KNOTS.);
#8454 = CARTESIAN_POINT('',(0.172056809726,-0.190443202195));
#8455 = CARTESIAN_POINT('',(-7.794319027396E-02,-0.190443202195));
#8456 = ( GEOMETRIC_REPRESENTATION_CONTEXT(2) 
PARAMETRIC_REPRESENTATION_CONTEXT() REPRESENTATION_CONTEXT('2D SPACE',''
  ) );
#8457 = ORIENTED_EDGE('',*,*,#8342,.F.);
#8458 = ORIENTED_EDGE('',*,*,#8459,.T.);
#8459 = EDGE_CURVE('',#8343,#8432,#8460,.T.);
#8460 = SURFACE_CURVE('',#8461,(#8465,#8472),.PCURVE_S1.);
#8461 = LINE('',#8462,#8463);
#8462 = CARTESIAN_POINT('',(-0.375,-1.194000005722,0.));
#8463 = VECTOR('',#8464,1.);
#8464 = DIRECTION('',(0.,0.,1.));
#8465 = PCURVE('',#8365,#8466);
#8466 = DEFINITIONAL_REPRESENTATION('',(#8467),#8471);
#8467 = LINE('',#8468,#8469);
#8468 = CARTESIAN_POINT('',(3.696275530979E-02,0.113537244213));
#8469 = VECTOR('',#8470,1.);
#8470 = DIRECTION('',(-1.,-6.492478220635E-61));
#8471 = ( GEOMETRIC_REPRESENTATION_CONTEXT(2) 
PARAMETRIC_REPRESENTATION_CONTEXT() REPRESENTATION_CONTEXT('2D SPACE',''
  ) );
#8472 = PCURVE('',#8473,#8478);
#8473 = PLANE('',#8474);
#8474 = AXIS2_PLACEMENT_3D('',#8475,#8476,#8477);
#8475 = CARTESIAN_POINT('',(-0.375,-0.968567481298,1.343251202597E-02));
#8476 = DIRECTION('',(1.,-1.804903353278E-31,-8.105987877415E-31));
#8477 = DIRECTION('',(8.105987877415E-31,0.,1.));
#8478 = DEFINITIONAL_REPRESENTATION('',(#8479),#8482);
#8479 = B_SPLINE_CURVE_WITH_KNOTS('',1,(#8480,#8481),.UNSPECIFIED.,.F.,
  .F.,(2,2),(0.,5.099999904633E-02),.PIECEWISE_BEZIER_KNOTS.);
#8480 = CARTESIAN_POINT('',(-1.343251202597E-02,0.225432524424));
#8481 = CARTESIAN_POINT('',(3.756748702035E-02,0.225432524424));
#8482 = ( GEOMETRIC_REPRESENTATION_CONTEXT(2) 
PARAMETRIC_REPRESENTATION_CONTEXT() REPRESENTATION_CONTEXT('2D SPACE',''
  ) );
#8483 = ADVANCED_FACE('',(#8484),#8473,.T.);
#8484 = FACE_BOUND('',#8485,.T.);
#8485 = EDGE_LOOP('',(#8486,#8513,#8514));
#8486 = ORIENTED_EDGE('',*,*,#8487,.T.);
#8487 = EDGE_CURVE('',#8488,#8432,#8490,.T.);
#8488 = VERTEX_POINT('',#8489);
#8489 = CARTESIAN_POINT('',(-0.375,-0.71899998188,0.));
#8490 = SURFACE_CURVE('',#8491,(#8495,#8502),.PCURVE_S1.);
#8491 = LINE('',#8492,#8493);
#8492 = CARTESIAN_POINT('',(-0.375,-0.71899998188,0.));
#8493 = VECTOR('',#8494,1.);
#8494 = DIRECTION('',(0.,-0.994285373242,0.106754843246));
#8495 = PCURVE('',#8473,#8496);
#8496 = DEFINITIONAL_REPRESENTATION('',(#8497),#8501);
#8497 = LINE('',#8498,#8499);
#8498 = CARTESIAN_POINT('',(-1.343251202597E-02,-0.249567499418));
#8499 = VECTOR('',#8500,1.);
#8500 = DIRECTION('',(0.106754843246,0.994285373242));
#8501 = ( GEOMETRIC_REPRESENTATION_CONTEXT(2) 
PARAMETRIC_REPRESENTATION_CONTEXT() REPRESENTATION_CONTEXT('2D SPACE',''
  ) );
#8502 = PCURVE('',#8503,#8508);
#8503 = PLANE('',#8504);
#8504 = AXIS2_PLACEMENT_3D('',#8505,#8506,#8507);
#8505 = CARTESIAN_POINT('',(-0.375,-0.944432506304,3.756748702035E-02));
#8506 = DIRECTION('',(1.,-9.174651307633E-32,-1.304795720138E-31));
#8507 = DIRECTION('',(1.304795720138E-31,0.,1.));
#8508 = DEFINITIONAL_REPRESENTATION('',(#8509),#8512);
#8509 = B_SPLINE_CURVE_WITH_KNOTS('',1,(#8510,#8511),.UNSPECIFIED.,.F.,
  .F.,(2,2),(0.,0.477730072899),.PIECEWISE_BEZIER_KNOTS.);
#8510 = CARTESIAN_POINT('',(-3.756748702035E-02,-0.225432524424));
#8511 = CARTESIAN_POINT('',(1.343251202597E-02,0.249567499418));
#8512 = ( GEOMETRIC_REPRESENTATION_CONTEXT(2) 
PARAMETRIC_REPRESENTATION_CONTEXT() REPRESENTATION_CONTEXT('2D SPACE',''
  ) );
#8513 = ORIENTED_EDGE('',*,*,#8459,.F.);
#8514 = ORIENTED_EDGE('',*,*,#8515,.T.);
#8515 = EDGE_CURVE('',#8343,#8488,#8516,.T.);
#8516 = SURFACE_CURVE('',#8517,(#8521,#8528),.PCURVE_S1.);
#8517 = LINE('',#8518,#8519);
#8518 = CARTESIAN_POINT('',(-0.375,-1.194000005722,0.));
#8519 = VECTOR('',#8520,1.);
#8520 = DIRECTION('',(0.,1.,0.));
#8521 = PCURVE('',#8473,#8522);
#8522 = DEFINITIONAL_REPRESENTATION('',(#8523),#8527);
#8523 = LINE('',#8524,#8525);
#8524 = CARTESIAN_POINT('',(-1.343251202597E-02,0.225432524424));
#8525 = VECTOR('',#8526,1.);
#8526 = DIRECTION('',(0.,-1.));
#8527 = ( GEOMETRIC_REPRESENTATION_CONTEXT(2) 
PARAMETRIC_REPRESENTATION_CONTEXT() REPRESENTATION_CONTEXT('2D SPACE',''
  ) );
#8528 = PCURVE('',#8417,#8529);
#8529 = DEFINITIONAL_REPRESENTATION('',(#8530),#8533);
#8530 = B_SPLINE_CURVE_WITH_KNOTS('',1,(#8531,#8532),.UNSPECIFIED.,.F.,
  .F.,(2,2),(0.,0.475000023842),.PIECEWISE_BEZIER_KNOTS.);
#8531 = CARTESIAN_POINT('',(-7.794319027396E-02,-0.190443202195));
#8532 = CARTESIAN_POINT('',(-7.794319027396E-02,0.284556821647));
#8533 = ( GEOMETRIC_REPRESENTATION_CONTEXT(2) 
PARAMETRIC_REPRESENTATION_CONTEXT() REPRESENTATION_CONTEXT('2D SPACE',''
  ) );
#8534 = ADVANCED_FACE('',(#8535),#8503,.T.);
#8535 = FACE_BOUND('',#8536,.T.);
#8536 = EDGE_LOOP('',(#8537,#8564,#8565));
#8537 = ORIENTED_EDGE('',*,*,#8538,.T.);
#8538 = EDGE_CURVE('',#8539,#8432,#8541,.T.);
#8539 = VERTEX_POINT('',#8540);
#8540 = CARTESIAN_POINT('',(-0.375,-0.71899998188,5.099999904633E-02));
#8541 = SURFACE_CURVE('',#8542,(#8546,#8553),.PCURVE_S1.);
#8542 = LINE('',#8543,#8544);
#8543 = CARTESIAN_POINT('',(-0.375,-0.71899998188,5.099999904633E-02));
#8544 = VECTOR('',#8545,1.);
#8545 = DIRECTION('',(0.,-1.,0.));
#8546 = PCURVE('',#8503,#8547);
#8547 = DEFINITIONAL_REPRESENTATION('',(#8548),#8552);
#8548 = LINE('',#8549,#8550);
#8549 = CARTESIAN_POINT('',(1.343251202597E-02,-0.225432524424));
#8550 = VECTOR('',#8551,1.);
#8551 = DIRECTION('',(0.,1.));
#8552 = ( GEOMETRIC_REPRESENTATION_CONTEXT(2) 
PARAMETRIC_REPRESENTATION_CONTEXT() REPRESENTATION_CONTEXT('2D SPACE',''
  ) );
#8553 = PCURVE('',#8554,#8559);
#8554 = PLANE('',#8555);
#8555 = AXIS2_PLACEMENT_3D('',#8556,#8557,#8558);
#8556 = CARTESIAN_POINT('',(-0.452943190274,-0.909443184075,
    5.099999904633E-02));
#8557 = DIRECTION('',(0.,0.,1.));
#8558 = DIRECTION('',(1.,0.,-0.));
#8559 = DEFINITIONAL_REPRESENTATION('',(#8560),#8563);
#8560 = B_SPLINE_CURVE_WITH_KNOTS('',1,(#8561,#8562),.UNSPECIFIED.,.F.,
  .F.,(2,2),(0.,0.475000023842),.PIECEWISE_BEZIER_KNOTS.);
#8561 = CARTESIAN_POINT('',(7.794319027396E-02,0.190443202195));
#8562 = CARTESIAN_POINT('',(7.794319027396E-02,-0.284556821647));
#8563 = ( GEOMETRIC_REPRESENTATION_CONTEXT(2) 
PARAMETRIC_REPRESENTATION_CONTEXT() REPRESENTATION_CONTEXT('2D SPACE',''
  ) );
#8564 = ORIENTED_EDGE('',*,*,#8487,.F.);
#8565 = ORIENTED_EDGE('',*,*,#8566,.T.);
#8566 = EDGE_CURVE('',#8488,#8539,#8567,.T.);
#8567 = SURFACE_CURVE('',#8568,(#8572,#8579),.PCURVE_S1.);
#8568 = LINE('',#8569,#8570);
#8569 = CARTESIAN_POINT('',(-0.375,-0.71899998188,0.));
#8570 = VECTOR('',#8571,1.);
#8571 = DIRECTION('',(0.,0.,1.));
#8572 = PCURVE('',#8503,#8573);
#8573 = DEFINITIONAL_REPRESENTATION('',(#8574),#8578);
#8574 = LINE('',#8575,#8576);
#8575 = CARTESIAN_POINT('',(-3.756748702035E-02,-0.225432524424));
#8576 = VECTOR('',#8577,1.);
#8577 = DIRECTION('',(1.,1.197104575996E-62));
#8578 = ( GEOMETRIC_REPRESENTATION_CONTEXT(2) 
PARAMETRIC_REPRESENTATION_CONTEXT() REPRESENTATION_CONTEXT('2D SPACE',''
  ) );
#8579 = PCURVE('',#8580,#8585);
#8580 = PLANE('',#8581);
#8581 = AXIS2_PLACEMENT_3D('',#8582,#8583,#8584);
#8582 = CARTESIAN_POINT('',(-0.488537244213,-0.71899998188,
    1.403724373654E-02));
#8583 = DIRECTION('',(9.23052940626E-32,1.,-4.538241252566E-31));
#8584 = DIRECTION('',(0.,4.538241252566E-31,1.));
#8585 = DEFINITIONAL_REPRESENTATION('',(#8586),#8589);
#8586 = B_SPLINE_CURVE_WITH_KNOTS('',1,(#8587,#8588),.UNSPECIFIED.,.F.,
  .F.,(2,2),(0.,5.099999904633E-02),.PIECEWISE_BEZIER_KNOTS.);
#8587 = CARTESIAN_POINT('',(-1.403724373654E-02,0.113537244213));
#8588 = CARTESIAN_POINT('',(3.696275530979E-02,0.113537244213));
#8589 = ( GEOMETRIC_REPRESENTATION_CONTEXT(2) 
PARAMETRIC_REPRESENTATION_CONTEXT() REPRESENTATION_CONTEXT('2D SPACE',''
  ) );
#8590 = ADVANCED_FACE('',(#8591),#8580,.T.);
#8591 = FACE_BOUND('',#8592,.T.);
#8592 = EDGE_LOOP('',(#8593,#8620,#8621));
#8593 = ORIENTED_EDGE('',*,*,#8594,.T.);
#8594 = EDGE_CURVE('',#8595,#8539,#8597,.T.);
#8595 = VERTEX_POINT('',#8596);
#8596 = CARTESIAN_POINT('',(-0.625,-0.71899998188,0.));
#8597 = SURFACE_CURVE('',#8598,(#8602,#8609),.PCURVE_S1.);
#8598 = LINE('',#8599,#8600);
#8599 = CARTESIAN_POINT('',(-0.625,-0.71899998188,0.));
#8600 = VECTOR('',#8601,1.);
#8601 = DIRECTION('',(0.979819727351,0.,0.199883220642));
#8602 = PCURVE('',#8580,#8603);
#8603 = DEFINITIONAL_REPRESENTATION('',(#8604),#8608);
#8604 = LINE('',#8605,#8606);
#8605 = CARTESIAN_POINT('',(-1.403724373654E-02,-0.136462755787));
#8606 = VECTOR('',#8607,1.);
#8607 = DIRECTION('',(0.199883220642,0.979819727351));
#8608 = ( GEOMETRIC_REPRESENTATION_CONTEXT(2) 
PARAMETRIC_REPRESENTATION_CONTEXT() REPRESENTATION_CONTEXT('2D SPACE',''
  ) );
#8609 = PCURVE('',#8610,#8615);
#8610 = PLANE('',#8611);
#8611 = AXIS2_PLACEMENT_3D('',#8612,#8613,#8614);
#8612 = CARTESIAN_POINT('',(-0.511462755787,-0.71899998188,
    3.696275530979E-02));
#8613 = DIRECTION('',(1.132330620993E-31,1.,-1.433432537341E-30));
#8614 = DIRECTION('',(0.,1.433432537341E-30,1.));
#8615 = DEFINITIONAL_REPRESENTATION('',(#8616),#8619);
#8616 = B_SPLINE_CURVE_WITH_KNOTS('',1,(#8617,#8618),.UNSPECIFIED.,.F.,
  .F.,(2,2),(0.,0.2551489759),.PIECEWISE_BEZIER_KNOTS.);
#8617 = CARTESIAN_POINT('',(-3.696275530979E-02,-0.113537244213));
#8618 = CARTESIAN_POINT('',(1.403724373654E-02,0.136462755787));
#8619 = ( GEOMETRIC_REPRESENTATION_CONTEXT(2) 
PARAMETRIC_REPRESENTATION_CONTEXT() REPRESENTATION_CONTEXT('2D SPACE',''
  ) );
#8620 = ORIENTED_EDGE('',*,*,#8566,.F.);
#8621 = ORIENTED_EDGE('',*,*,#8622,.T.);
#8622 = EDGE_CURVE('',#8488,#8595,#8623,.T.);
#8623 = SURFACE_CURVE('',#8624,(#8628,#8635),.PCURVE_S1.);
#8624 = LINE('',#8625,#8626);
#8625 = CARTESIAN_POINT('',(-0.375,-0.71899998188,0.));
#8626 = VECTOR('',#8627,1.);
#8627 = DIRECTION('',(-1.,0.,0.));
#8628 = PCURVE('',#8580,#8629);
#8629 = DEFINITIONAL_REPRESENTATION('',(#8630),#8634);
#8630 = LINE('',#8631,#8632);
#8631 = CARTESIAN_POINT('',(-1.403724373654E-02,0.113537244213));
#8632 = VECTOR('',#8633,1.);
#8633 = DIRECTION('',(0.,-1.));
#8634 = ( GEOMETRIC_REPRESENTATION_CONTEXT(2) 
PARAMETRIC_REPRESENTATION_CONTEXT() REPRESENTATION_CONTEXT('2D SPACE',''
  ) );
#8635 = PCURVE('',#8636,#8641);
#8636 = PLANE('',#8637);
#8637 = AXIS2_PLACEMENT_3D('',#8638,#8639,#8640);
#8638 = CARTESIAN_POINT('',(-0.547056809726,-0.909443184075,0.));
#8639 = DIRECTION('',(-0.,-0.,-1.));
#8640 = DIRECTION('',(-1.,0.,0.));
#8641 = DEFINITIONAL_REPRESENTATION('',(#8642),#8645);
#8642 = B_SPLINE_CURVE_WITH_KNOTS('',1,(#8643,#8644),.UNSPECIFIED.,.F.,
  .F.,(2,2),(0.,0.25),.PIECEWISE_BEZIER_KNOTS.);
#8643 = CARTESIAN_POINT('',(-0.172056809726,0.190443202195));
#8644 = CARTESIAN_POINT('',(7.794319027396E-02,0.190443202195));
#8645 = ( GEOMETRIC_REPRESENTATION_CONTEXT(2) 
PARAMETRIC_REPRESENTATION_CONTEXT() REPRESENTATION_CONTEXT('2D SPACE',''
  ) );
#8646 = ADVANCED_FACE('',(#8647),#8610,.T.);
#8647 = FACE_BOUND('',#8648,.T.);
#8648 = EDGE_LOOP('',(#8649,#8671,#8672));
#8649 = ORIENTED_EDGE('',*,*,#8650,.T.);
#8650 = EDGE_CURVE('',#8651,#8539,#8653,.T.);
#8651 = VERTEX_POINT('',#8652);
#8652 = CARTESIAN_POINT('',(-0.625,-0.71899998188,5.099999904633E-02));
#8653 = SURFACE_CURVE('',#8654,(#8658,#8665),.PCURVE_S1.);
#8654 = LINE('',#8655,#8656);
#8655 = CARTESIAN_POINT('',(-0.625,-0.71899998188,5.099999904633E-02));
#8656 = VECTOR('',#8657,1.);
#8657 = DIRECTION('',(1.,0.,0.));
#8658 = PCURVE('',#8610,#8659);
#8659 = DEFINITIONAL_REPRESENTATION('',(#8660),#8664);
#8660 = LINE('',#8661,#8662);
#8661 = CARTESIAN_POINT('',(1.403724373654E-02,-0.113537244213));
#8662 = VECTOR('',#8663,1.);
#8663 = DIRECTION('',(0.,1.));
#8664 = ( GEOMETRIC_REPRESENTATION_CONTEXT(2) 
PARAMETRIC_REPRESENTATION_CONTEXT() REPRESENTATION_CONTEXT('2D SPACE',''
  ) );
#8665 = PCURVE('',#8554,#8666);
#8666 = DEFINITIONAL_REPRESENTATION('',(#8667),#8670);
#8667 = B_SPLINE_CURVE_WITH_KNOTS('',1,(#8668,#8669),.UNSPECIFIED.,.F.,
  .F.,(2,2),(0.,0.25),.PIECEWISE_BEZIER_KNOTS.);
#8668 = CARTESIAN_POINT('',(-0.172056809726,0.190443202195));
#8669 = CARTESIAN_POINT('',(7.794319027396E-02,0.190443202195));
#8670 = ( GEOMETRIC_REPRESENTATION_CONTEXT(2) 
PARAMETRIC_REPRESENTATION_CONTEXT() REPRESENTATION_CONTEXT('2D SPACE',''
  ) );
#8671 = ORIENTED_EDGE('',*,*,#8594,.F.);
#8672 = ORIENTED_EDGE('',*,*,#8673,.T.);
#8673 = EDGE_CURVE('',#8595,#8651,#8674,.T.);
#8674 = SURFACE_CURVE('',#8675,(#8679,#8686),.PCURVE_S1.);
#8675 = LINE('',#8676,#8677);
#8676 = CARTESIAN_POINT('',(-0.625,-0.71899998188,0.));
#8677 = VECTOR('',#8678,1.);
#8678 = DIRECTION('',(0.,0.,1.));
#8679 = PCURVE('',#8610,#8680);
#8680 = DEFINITIONAL_REPRESENTATION('',(#8681),#8685);
#8681 = LINE('',#8682,#8683);
#8682 = CARTESIAN_POINT('',(-3.696275530979E-02,-0.113537244213));
#8683 = VECTOR('',#8684,1.);
#8684 = DIRECTION('',(1.,1.623119555159E-61));
#8685 = ( GEOMETRIC_REPRESENTATION_CONTEXT(2) 
PARAMETRIC_REPRESENTATION_CONTEXT() REPRESENTATION_CONTEXT('2D SPACE',''
  ) );
#8686 = PCURVE('',#8687,#8692);
#8687 = PLANE('',#8688);
#8688 = AXIS2_PLACEMENT_3D('',#8689,#8690,#8691);
#8689 = CARTESIAN_POINT('',(-0.625,-0.944432506304,1.343251202597E-02));
#8690 = DIRECTION('',(-1.,-0.,-0.));
#8691 = DIRECTION('',(0.,0.,-1.));
#8692 = DEFINITIONAL_REPRESENTATION('',(#8693),#8696);
#8693 = B_SPLINE_CURVE_WITH_KNOTS('',1,(#8694,#8695),.UNSPECIFIED.,.F.,
  .F.,(2,2),(0.,5.099999904633E-02),.PIECEWISE_BEZIER_KNOTS.);
#8694 = CARTESIAN_POINT('',(1.343251202597E-02,-0.225432524424));
#8695 = CARTESIAN_POINT('',(-3.756748702035E-02,-0.225432524424));
#8696 = ( GEOMETRIC_REPRESENTATION_CONTEXT(2) 
PARAMETRIC_REPRESENTATION_CONTEXT() REPRESENTATION_CONTEXT('2D SPACE',''
  ) );
#8697 = ADVANCED_FACE('',(#8698),#8687,.T.);
#8698 = FACE_BOUND('',#8699,.T.);
#8699 = EDGE_LOOP('',(#8700,#8720,#8721));
#8700 = ORIENTED_EDGE('',*,*,#8701,.T.);
#8701 = EDGE_CURVE('',#8377,#8651,#8702,.T.);
#8702 = SURFACE_CURVE('',#8703,(#8707,#8714),.PCURVE_S1.);
#8703 = LINE('',#8704,#8705);
#8704 = CARTESIAN_POINT('',(-0.625,-1.194000005722,0.));
#8705 = VECTOR('',#8706,1.);
#8706 = DIRECTION('',(0.,0.994285373242,0.106754843246));
#8707 = PCURVE('',#8687,#8708);
#8708 = DEFINITIONAL_REPRESENTATION('',(#8709),#8713);
#8709 = LINE('',#8710,#8711);
#8710 = CARTESIAN_POINT('',(1.343251202597E-02,0.249567499418));
#8711 = VECTOR('',#8712,1.);
#8712 = DIRECTION('',(-0.106754843246,-0.994285373242));
#8713 = ( GEOMETRIC_REPRESENTATION_CONTEXT(2) 
PARAMETRIC_REPRESENTATION_CONTEXT() REPRESENTATION_CONTEXT('2D SPACE',''
  ) );
#8714 = PCURVE('',#8392,#8715);
#8715 = DEFINITIONAL_REPRESENTATION('',(#8716),#8719);
#8716 = B_SPLINE_CURVE_WITH_KNOTS('',1,(#8717,#8718),.UNSPECIFIED.,.F.,
  .F.,(2,2),(0.,0.477730072899),.PIECEWISE_BEZIER_KNOTS.);
#8717 = CARTESIAN_POINT('',(3.756748702035E-02,0.225432524424));
#8718 = CARTESIAN_POINT('',(-1.343251202597E-02,-0.249567499418));
#8719 = ( GEOMETRIC_REPRESENTATION_CONTEXT(2) 
PARAMETRIC_REPRESENTATION_CONTEXT() REPRESENTATION_CONTEXT('2D SPACE',''
  ) );
#8720 = ORIENTED_EDGE('',*,*,#8673,.F.);
#8721 = ORIENTED_EDGE('',*,*,#8722,.T.);
#8722 = EDGE_CURVE('',#8595,#8377,#8723,.T.);
#8723 = SURFACE_CURVE('',#8724,(#8728,#8735),.PCURVE_S1.);
#8724 = LINE('',#8725,#8726);
#8725 = CARTESIAN_POINT('',(-0.625,-0.71899998188,0.));
#8726 = VECTOR('',#8727,1.);
#8727 = DIRECTION('',(0.,-1.,0.));
#8728 = PCURVE('',#8687,#8729);
#8729 = DEFINITIONAL_REPRESENTATION('',(#8730),#8734);
#8730 = LINE('',#8731,#8732);
#8731 = CARTESIAN_POINT('',(1.343251202597E-02,-0.225432524424));
#8732 = VECTOR('',#8733,1.);
#8733 = DIRECTION('',(0.,1.));
#8734 = ( GEOMETRIC_REPRESENTATION_CONTEXT(2) 
PARAMETRIC_REPRESENTATION_CONTEXT() REPRESENTATION_CONTEXT('2D SPACE',''
  ) );
#8735 = PCURVE('',#8636,#8736);
#8736 = DEFINITIONAL_REPRESENTATION('',(#8737),#8740);
#8737 = B_SPLINE_CURVE_WITH_KNOTS('',1,(#8738,#8739),.UNSPECIFIED.,.F.,
  .F.,(2,2),(0.,0.475000023842),.PIECEWISE_BEZIER_KNOTS.);
#8738 = CARTESIAN_POINT('',(7.794319027396E-02,0.190443202195));
#8739 = CARTESIAN_POINT('',(7.794319027396E-02,-0.284556821647));
#8740 = ( GEOMETRIC_REPRESENTATION_CONTEXT(2) 
PARAMETRIC_REPRESENTATION_CONTEXT() REPRESENTATION_CONTEXT('2D SPACE',''
  ) );
#8741 = ADVANCED_FACE('',(#8742),#8392,.T.);
#8742 = FACE_BOUND('',#8743,.T.);
#8743 = EDGE_LOOP('',(#8744,#8764,#8765));
#8744 = ORIENTED_EDGE('',*,*,#8745,.T.);
#8745 = EDGE_CURVE('',#8345,#8651,#8746,.T.);
#8746 = SURFACE_CURVE('',#8747,(#8751,#8758),.PCURVE_S1.);
#8747 = LINE('',#8748,#8749);
#8748 = CARTESIAN_POINT('',(-0.625,-1.194000005722,5.099999904633E-02));
#8749 = VECTOR('',#8750,1.);
#8750 = DIRECTION('',(0.,1.,0.));
#8751 = PCURVE('',#8392,#8752);
#8752 = DEFINITIONAL_REPRESENTATION('',(#8753),#8757);
#8753 = LINE('',#8754,#8755);
#8754 = CARTESIAN_POINT('',(-1.343251202597E-02,0.225432524424));
#8755 = VECTOR('',#8756,1.);
#8756 = DIRECTION('',(0.,-1.));
#8757 = ( GEOMETRIC_REPRESENTATION_CONTEXT(2) 
PARAMETRIC_REPRESENTATION_CONTEXT() REPRESENTATION_CONTEXT('2D SPACE',''
  ) );
#8758 = PCURVE('',#8447,#8759);
#8759 = DEFINITIONAL_REPRESENTATION('',(#8760),#8763);
#8760 = B_SPLINE_CURVE_WITH_KNOTS('',1,(#8761,#8762),.UNSPECIFIED.,.F.,
  .F.,(2,2),(0.,0.475000023842),.PIECEWISE_BEZIER_KNOTS.);
#8761 = CARTESIAN_POINT('',(-7.794319027396E-02,-0.190443202195));
#8762 = CARTESIAN_POINT('',(-7.794319027396E-02,0.284556821647));
#8763 = ( GEOMETRIC_REPRESENTATION_CONTEXT(2) 
PARAMETRIC_REPRESENTATION_CONTEXT() REPRESENTATION_CONTEXT('2D SPACE',''
  ) );
#8764 = ORIENTED_EDGE('',*,*,#8701,.F.);
#8765 = ORIENTED_EDGE('',*,*,#8376,.F.);
#8766 = ADVANCED_FACE('',(#8767),#8417,.T.);
#8767 = FACE_BOUND('',#8768,.T.);
#8768 = EDGE_LOOP('',(#8769,#8789,#8790));
#8769 = ORIENTED_EDGE('',*,*,#8770,.T.);
#8770 = EDGE_CURVE('',#8377,#8488,#8771,.T.);
#8771 = SURFACE_CURVE('',#8772,(#8776,#8783),.PCURVE_S1.);
#8772 = LINE('',#8773,#8774);
#8773 = CARTESIAN_POINT('',(-0.625,-1.194000005722,0.));
#8774 = VECTOR('',#8775,1.);
#8775 = DIRECTION('',(0.465746414526,0.884918232017,0.));
#8776 = PCURVE('',#8417,#8777);
#8777 = DEFINITIONAL_REPRESENTATION('',(#8778),#8782);
#8778 = LINE('',#8779,#8780);
#8779 = CARTESIAN_POINT('',(0.172056809726,-0.190443202195));
#8780 = VECTOR('',#8781,1.);
#8781 = DIRECTION('',(-0.465746414526,0.884918232017));
#8782 = ( GEOMETRIC_REPRESENTATION_CONTEXT(2) 
PARAMETRIC_REPRESENTATION_CONTEXT() REPRESENTATION_CONTEXT('2D SPACE',''
  ) );
#8783 = PCURVE('',#8636,#8784);
#8784 = DEFINITIONAL_REPRESENTATION('',(#8785),#8788);
#8785 = B_SPLINE_CURVE_WITH_KNOTS('',1,(#8786,#8787),.UNSPECIFIED.,.F.,
  .F.,(2,2),(0.,0.536772784938),.PIECEWISE_BEZIER_KNOTS.);
#8786 = CARTESIAN_POINT('',(7.794319027396E-02,-0.284556821647));
#8787 = CARTESIAN_POINT('',(-0.172056809726,0.190443202195));
#8788 = ( GEOMETRIC_REPRESENTATION_CONTEXT(2) 
PARAMETRIC_REPRESENTATION_CONTEXT() REPRESENTATION_CONTEXT('2D SPACE',''
  ) );
#8789 = ORIENTED_EDGE('',*,*,#8515,.F.);
#8790 = ORIENTED_EDGE('',*,*,#8403,.F.);
#8791 = ADVANCED_FACE('',(#8792),#8636,.T.);
#8792 = FACE_BOUND('',#8793,.T.);
#8793 = EDGE_LOOP('',(#8794,#8795,#8796));
#8794 = ORIENTED_EDGE('',*,*,#8622,.F.);
#8795 = ORIENTED_EDGE('',*,*,#8770,.F.);
#8796 = ORIENTED_EDGE('',*,*,#8722,.F.);
#8797 = ADVANCED_FACE('',(#8798),#8447,.T.);
#8798 = FACE_BOUND('',#8799,.T.);
#8799 = EDGE_LOOP('',(#8800,#8820,#8821));
#8800 = ORIENTED_EDGE('',*,*,#8801,.T.);
#8801 = EDGE_CURVE('',#8432,#8651,#8802,.T.);
#8802 = SURFACE_CURVE('',#8803,(#8807,#8814),.PCURVE_S1.);
#8803 = LINE('',#8804,#8805);
#8804 = CARTESIAN_POINT('',(-0.375,-1.194000005722,5.099999904633E-02));
#8805 = VECTOR('',#8806,1.);
#8806 = DIRECTION('',(-0.465746414526,0.884918232017,0.));
#8807 = PCURVE('',#8447,#8808);
#8808 = DEFINITIONAL_REPRESENTATION('',(#8809),#8813);
#8809 = LINE('',#8810,#8811);
#8810 = CARTESIAN_POINT('',(0.172056809726,-0.190443202195));
#8811 = VECTOR('',#8812,1.);
#8812 = DIRECTION('',(-0.465746414526,0.884918232017));
#8813 = ( GEOMETRIC_REPRESENTATION_CONTEXT(2) 
PARAMETRIC_REPRESENTATION_CONTEXT() REPRESENTATION_CONTEXT('2D SPACE',''
  ) );
#8814 = PCURVE('',#8554,#8815);
#8815 = DEFINITIONAL_REPRESENTATION('',(#8816),#8819);
#8816 = B_SPLINE_CURVE_WITH_KNOTS('',1,(#8817,#8818),.UNSPECIFIED.,.F.,
  .F.,(2,2),(0.,0.536772784938),.PIECEWISE_BEZIER_KNOTS.);
#8817 = CARTESIAN_POINT('',(7.794319027396E-02,-0.284556821647));
#8818 = CARTESIAN_POINT('',(-0.172056809726,0.190443202195));
#8819 = ( GEOMETRIC_REPRESENTATION_CONTEXT(2) 
PARAMETRIC_REPRESENTATION_CONTEXT() REPRESENTATION_CONTEXT('2D SPACE',''
  ) );
#8820 = ORIENTED_EDGE('',*,*,#8745,.F.);
#8821 = ORIENTED_EDGE('',*,*,#8431,.F.);
#8822 = ADVANCED_FACE('',(#8823),#8554,.T.);
#8823 = FACE_BOUND('',#8824,.T.);
#8824 = EDGE_LOOP('',(#8825,#8826,#8827));
#8825 = ORIENTED_EDGE('',*,*,#8650,.F.);
#8826 = ORIENTED_EDGE('',*,*,#8801,.F.);
#8827 = ORIENTED_EDGE('',*,*,#8538,.F.);
#8828 = ( GEOMETRIC_REPRESENTATION_CONTEXT(3) 
GLOBAL_UNCERTAINTY_ASSIGNED_CONTEXT((#8832)) 
GLOBAL_UNIT_ASSIGNED_CONTEXT((#8829,#8830,#8831)) REPRESENTATION_CONTEXT
('Context #1','3D Context with UNIT and UNCERTAINTY') );
#8829 = ( LENGTH_UNIT() NAMED_UNIT(*) SI_UNIT(.MILLI.,.METRE.) );
#8830 = ( NAMED_UNIT(*) PLANE_ANGLE_UNIT() SI_UNIT($,.RADIAN.) );
#8831 = ( NAMED_UNIT(*) SI_UNIT($,.STERADIAN.) SOLID_ANGLE_UNIT() );
#8832 = UNCERTAINTY_MEASURE_WITH_UNIT(LENGTH_MEASURE(1.E-07),#8829,
  'distance_accuracy_value','confusion accuracy');
#8833 = SHAPE_DEFINITION_REPRESENTATION(#8834,#8335);
#8834 = PRODUCT_DEFINITION_SHAPE('','',#8835);
#8835 = PRODUCT_DEFINITION('design','',#8836,#8839);
#8836 = PRODUCT_DEFINITION_FORMATION('','',#8837);
#8837 = PRODUCT(' STEP translator 7.5 1.7',
  ' STEP translator 7.5 1.7','',(#8838));
#8838 = PRODUCT_CONTEXT('',#2,'mechanical');
#8839 = PRODUCT_DEFINITION_CONTEXT('part definition',#2,'design');
#8840 = CONTEXT_DEPENDENT_SHAPE_REPRESENTATION(#8841,#8843);
#8841 = ( REPRESENTATION_RELATIONSHIP('','',#8335,#10) 
REPRESENTATION_RELATIONSHIP_WITH_TRANSFORMATION(#8842) 
SHAPE_REPRESENTATION_RELATIONSHIP() );
#8842 = ITEM_DEFINED_TRANSFORMATION('','',#11,#39);
#8843 = PRODUCT_DEFINITION_SHAPE('Placement','Placement of an item',
  #8844);
#8844 = NEXT_ASSEMBLY_USAGE_OCCURRENCE('7','','',#5,#8835,$);
#8845 = PRODUCT_RELATED_PRODUCT_CATEGORY('part',$,(#8837));
#8846 = MANIFOLD_SURFACE_SHAPE_REPRESENTATION('',(#11,#8847),#9339);
#8847 = SHELL_BASED_SURFACE_MODEL('',(#8848));
#8848 = CLOSED_SHELL('',(#8849,#8938,#8994,#9045,#9101,#9157,#9208,#9252
    ,#9277,#9302,#9308,#9333));
#8849 = ADVANCED_FACE('',(#8850),#8864,.T.);
#8850 = FACE_BOUND('',#8851,.T.);
#8851 = EDGE_LOOP('',(#8852,#8886,#8913));
#8852 = ORIENTED_EDGE('',*,*,#8853,.T.);
#8853 = EDGE_CURVE('',#8854,#8856,#8858,.T.);
#8854 = VERTEX_POINT('',#8855);
#8855 = CARTESIAN_POINT('',(0.125,-1.194000005722,0.));
#8856 = VERTEX_POINT('',#8857);
#8857 = CARTESIAN_POINT('',(-0.125,-1.194000005722,5.099999904633E-02));
#8858 = SURFACE_CURVE('',#8859,(#8863,#8875),.PCURVE_S1.);
#8859 = LINE('',#8860,#8861);
#8860 = CARTESIAN_POINT('',(0.125,-1.194000005722,0.));
#8861 = VECTOR('',#8862,1.);
#8862 = DIRECTION('',(-0.979819727351,0.,0.199883220642));
#8863 = PCURVE('',#8864,#8869);
#8864 = PLANE('',#8865);
#8865 = AXIS2_PLACEMENT_3D('',#8866,#8867,#8868);
#8866 = CARTESIAN_POINT('',(-1.146275578663E-02,-1.194000005722,
    1.403724373654E-02));
#8867 = DIRECTION('',(1.846105881252E-31,-1.,9.076482505132E-31));
#8868 = DIRECTION('',(0.,-9.076482505132E-31,-1.));
#8869 = DEFINITIONAL_REPRESENTATION('',(#8870),#8874);
#8870 = LINE('',#8871,#8872);
#8871 = CARTESIAN_POINT('',(1.403724373654E-02,0.136462755787));
#8872 = VECTOR('',#8873,1.);
#8873 = DIRECTION('',(-0.199883220642,-0.979819727351));
#8874 = ( GEOMETRIC_REPRESENTATION_CONTEXT(2) 
PARAMETRIC_REPRESENTATION_CONTEXT() REPRESENTATION_CONTEXT('2D SPACE',''
  ) );
#8875 = PCURVE('',#8876,#8881);
#8876 = PLANE('',#8877);
#8877 = AXIS2_PLACEMENT_3D('',#8878,#8879,#8880);
#8878 = CARTESIAN_POINT('',(1.146275578663E-02,-1.194000005722,
    3.696275530979E-02));
#8879 = DIRECTION('',(2.264661241986E-31,-1.,2.866865074681E-30));
#8880 = DIRECTION('',(0.,-2.866865074681E-30,-1.));
#8881 = DEFINITIONAL_REPRESENTATION('',(#8882),#8885);
#8882 = B_SPLINE_CURVE_WITH_KNOTS('',1,(#8883,#8884),.UNSPECIFIED.,.F.,
  .F.,(2,2),(0.,0.2551489759),.PIECEWISE_BEZIER_KNOTS.);
#8883 = CARTESIAN_POINT('',(3.696275530979E-02,0.113537244213));
#8884 = CARTESIAN_POINT('',(-1.403724373654E-02,-0.136462755787));
#8885 = ( GEOMETRIC_REPRESENTATION_CONTEXT(2) 
PARAMETRIC_REPRESENTATION_CONTEXT() REPRESENTATION_CONTEXT('2D SPACE',''
  ) );
#8886 = ORIENTED_EDGE('',*,*,#8887,.T.);
#8887 = EDGE_CURVE('',#8856,#8888,#8890,.T.);
#8888 = VERTEX_POINT('',#8889);
#8889 = CARTESIAN_POINT('',(-0.125,-1.194000005722,0.));
#8890 = SURFACE_CURVE('',#8891,(#8895,#8902),.PCURVE_S1.);
#8891 = LINE('',#8892,#8893);
#8892 = CARTESIAN_POINT('',(-0.125,-1.194000005722,5.099999904633E-02));
#8893 = VECTOR('',#8894,1.);
#8894 = DIRECTION('',(0.,0.,-1.));
#8895 = PCURVE('',#8864,#8896);
#8896 = DEFINITIONAL_REPRESENTATION('',(#8897),#8901);
#8897 = LINE('',#8898,#8899);
#8898 = CARTESIAN_POINT('',(-3.696275530979E-02,-0.113537244213));
#8899 = VECTOR('',#8900,1.);
#8900 = DIRECTION('',(1.,1.67561477338E-61));
#8901 = ( GEOMETRIC_REPRESENTATION_CONTEXT(2) 
PARAMETRIC_REPRESENTATION_CONTEXT() REPRESENTATION_CONTEXT('2D SPACE',''
  ) );
#8902 = PCURVE('',#8903,#8908);
#8903 = PLANE('',#8904);
#8904 = AXIS2_PLACEMENT_3D('',#8905,#8906,#8907);
#8905 = CARTESIAN_POINT('',(-0.125,-0.968567481298,3.756748702035E-02));
#8906 = DIRECTION('',(-1.,-0.,-0.));
#8907 = DIRECTION('',(0.,0.,-1.));
#8908 = DEFINITIONAL_REPRESENTATION('',(#8909),#8912);
#8909 = B_SPLINE_CURVE_WITH_KNOTS('',1,(#8910,#8911),.UNSPECIFIED.,.F.,
  .F.,(2,2),(0.,5.099999904633E-02),.PIECEWISE_BEZIER_KNOTS.);
#8910 = CARTESIAN_POINT('',(-1.343251202597E-02,0.225432524424));
#8911 = CARTESIAN_POINT('',(3.756748702035E-02,0.225432524424));
#8912 = ( GEOMETRIC_REPRESENTATION_CONTEXT(2) 
PARAMETRIC_REPRESENTATION_CONTEXT() REPRESENTATION_CONTEXT('2D SPACE',''
  ) );
#8913 = ORIENTED_EDGE('',*,*,#8914,.T.);
#8914 = EDGE_CURVE('',#8888,#8854,#8915,.T.);
#8915 = SURFACE_CURVE('',#8916,(#8920,#8927),.PCURVE_S1.);
#8916 = LINE('',#8917,#8918);
#8917 = CARTESIAN_POINT('',(-0.125,-1.194000005722,0.));
#8918 = VECTOR('',#8919,1.);
#8919 = DIRECTION('',(1.,0.,0.));
#8920 = PCURVE('',#8864,#8921);
#8921 = DEFINITIONAL_REPRESENTATION('',(#8922),#8926);
#8922 = LINE('',#8923,#8924);
#8923 = CARTESIAN_POINT('',(1.403724373654E-02,-0.113537244213));
#8924 = VECTOR('',#8925,1.);
#8925 = DIRECTION('',(0.,1.));
#8926 = ( GEOMETRIC_REPRESENTATION_CONTEXT(2) 
PARAMETRIC_REPRESENTATION_CONTEXT() REPRESENTATION_CONTEXT('2D SPACE',''
  ) );
#8927 = PCURVE('',#8928,#8933);
#8928 = PLANE('',#8929);
#8929 = AXIS2_PLACEMENT_3D('',#8930,#8931,#8932);
#8930 = CARTESIAN_POINT('',(4.705680972604E-02,-1.003556803527,0.));
#8931 = DIRECTION('',(-0.,-0.,-1.));
#8932 = DIRECTION('',(-1.,0.,0.));
#8933 = DEFINITIONAL_REPRESENTATION('',(#8934),#8937);
#8934 = B_SPLINE_CURVE_WITH_KNOTS('',1,(#8935,#8936),.UNSPECIFIED.,.F.,
  .F.,(2,2),(0.,0.25),.PIECEWISE_BEZIER_KNOTS.);
#8935 = CARTESIAN_POINT('',(0.172056809726,-0.190443202195));
#8936 = CARTESIAN_POINT('',(-7.794319027396E-02,-0.190443202195));
#8937 = ( GEOMETRIC_REPRESENTATION_CONTEXT(2) 
PARAMETRIC_REPRESENTATION_CONTEXT() REPRESENTATION_CONTEXT('2D SPACE',''
  ) );
#8938 = ADVANCED_FACE('',(#8939),#8876,.T.);
#8939 = FACE_BOUND('',#8940,.T.);
#8940 = EDGE_LOOP('',(#8941,#8968,#8969));
#8941 = ORIENTED_EDGE('',*,*,#8942,.T.);
#8942 = EDGE_CURVE('',#8943,#8856,#8945,.T.);
#8943 = VERTEX_POINT('',#8944);
#8944 = CARTESIAN_POINT('',(0.125,-1.194000005722,5.099999904633E-02));
#8945 = SURFACE_CURVE('',#8946,(#8950,#8957),.PCURVE_S1.);
#8946 = LINE('',#8947,#8948);
#8947 = CARTESIAN_POINT('',(0.125,-1.194000005722,5.099999904633E-02));
#8948 = VECTOR('',#8949,1.);
#8949 = DIRECTION('',(-1.,0.,0.));
#8950 = PCURVE('',#8876,#8951);
#8951 = DEFINITIONAL_REPRESENTATION('',(#8952),#8956);
#8952 = LINE('',#8953,#8954);
#8953 = CARTESIAN_POINT('',(-1.403724373654E-02,0.113537244213));
#8954 = VECTOR('',#8955,1.);
#8955 = DIRECTION('',(0.,-1.));
#8956 = ( GEOMETRIC_REPRESENTATION_CONTEXT(2) 
PARAMETRIC_REPRESENTATION_CONTEXT() REPRESENTATION_CONTEXT('2D SPACE',''
  ) );
#8957 = PCURVE('',#8958,#8963);
#8958 = PLANE('',#8959);
#8959 = AXIS2_PLACEMENT_3D('',#8960,#8961,#8962);
#8960 = CARTESIAN_POINT('',(-4.705680972604E-02,-1.003556803527,
    5.099999904633E-02));
#8961 = DIRECTION('',(0.,0.,1.));
#8962 = DIRECTION('',(1.,0.,-0.));
#8963 = DEFINITIONAL_REPRESENTATION('',(#8964),#8967);
#8964 = B_SPLINE_CURVE_WITH_KNOTS('',1,(#8965,#8966),.UNSPECIFIED.,.F.,
  .F.,(2,2),(0.,0.25),.PIECEWISE_BEZIER_KNOTS.);
#8965 = CARTESIAN_POINT('',(0.172056809726,-0.190443202195));
#8966 = CARTESIAN_POINT('',(-7.794319027396E-02,-0.190443202195));
#8967 = ( GEOMETRIC_REPRESENTATION_CONTEXT(2) 
PARAMETRIC_REPRESENTATION_CONTEXT() REPRESENTATION_CONTEXT('2D SPACE',''
  ) );
#8968 = ORIENTED_EDGE('',*,*,#8853,.F.);
#8969 = ORIENTED_EDGE('',*,*,#8970,.T.);
#8970 = EDGE_CURVE('',#8854,#8943,#8971,.T.);
#8971 = SURFACE_CURVE('',#8972,(#8976,#8983),.PCURVE_S1.);
#8972 = LINE('',#8973,#8974);
#8973 = CARTESIAN_POINT('',(0.125,-1.194000005722,0.));
#8974 = VECTOR('',#8975,1.);
#8975 = DIRECTION('',(0.,0.,1.));
#8976 = PCURVE('',#8876,#8977);
#8977 = DEFINITIONAL_REPRESENTATION('',(#8978),#8982);
#8978 = LINE('',#8979,#8980);
#8979 = CARTESIAN_POINT('',(3.696275530979E-02,0.113537244213));
#8980 = VECTOR('',#8981,1.);
#8981 = DIRECTION('',(-1.,-6.492478220635E-61));
#8982 = ( GEOMETRIC_REPRESENTATION_CONTEXT(2) 
PARAMETRIC_REPRESENTATION_CONTEXT() REPRESENTATION_CONTEXT('2D SPACE',''
  ) );
#8983 = PCURVE('',#8984,#8989);
#8984 = PLANE('',#8985);
#8985 = AXIS2_PLACEMENT_3D('',#8986,#8987,#8988);
#8986 = CARTESIAN_POINT('',(0.125,-0.968567481298,1.343251202597E-02));
#8987 = DIRECTION('',(1.,0.,0.));
#8988 = DIRECTION('',(-0.,0.,1.));
#8989 = DEFINITIONAL_REPRESENTATION('',(#8990),#8993);
#8990 = B_SPLINE_CURVE_WITH_KNOTS('',1,(#8991,#8992),.UNSPECIFIED.,.F.,
  .F.,(2,2),(0.,5.099999904633E-02),.PIECEWISE_BEZIER_KNOTS.);
#8991 = CARTESIAN_POINT('',(-1.343251202597E-02,0.225432524424));
#8992 = CARTESIAN_POINT('',(3.756748702035E-02,0.225432524424));
#8993 = ( GEOMETRIC_REPRESENTATION_CONTEXT(2) 
PARAMETRIC_REPRESENTATION_CONTEXT() REPRESENTATION_CONTEXT('2D SPACE',''
  ) );
#8994 = ADVANCED_FACE('',(#8995),#8984,.T.);
#8995 = FACE_BOUND('',#8996,.T.);
#8996 = EDGE_LOOP('',(#8997,#9024,#9025));
#8997 = ORIENTED_EDGE('',*,*,#8998,.T.);
#8998 = EDGE_CURVE('',#8999,#8943,#9001,.T.);
#8999 = VERTEX_POINT('',#9000);
#9000 = CARTESIAN_POINT('',(0.125,-0.71899998188,0.));
#9001 = SURFACE_CURVE('',#9002,(#9006,#9013),.PCURVE_S1.);
#9002 = LINE('',#9003,#9004);
#9003 = CARTESIAN_POINT('',(0.125,-0.71899998188,0.));
#9004 = VECTOR('',#9005,1.);
#9005 = DIRECTION('',(0.,-0.994285373242,0.106754843246));
#9006 = PCURVE('',#8984,#9007);
#9007 = DEFINITIONAL_REPRESENTATION('',(#9008),#9012);
#9008 = LINE('',#9009,#9010);
#9009 = CARTESIAN_POINT('',(-1.343251202597E-02,-0.249567499418));
#9010 = VECTOR('',#9011,1.);
#9011 = DIRECTION('',(0.106754843246,0.994285373242));
#9012 = ( GEOMETRIC_REPRESENTATION_CONTEXT(2) 
PARAMETRIC_REPRESENTATION_CONTEXT() REPRESENTATION_CONTEXT('2D SPACE',''
  ) );
#9013 = PCURVE('',#9014,#9019);
#9014 = PLANE('',#9015);
#9015 = AXIS2_PLACEMENT_3D('',#9016,#9017,#9018);
#9016 = CARTESIAN_POINT('',(0.125,-0.944432506304,3.756748702035E-02));
#9017 = DIRECTION('',(1.,0.,0.));
#9018 = DIRECTION('',(-0.,0.,1.));
#9019 = DEFINITIONAL_REPRESENTATION('',(#9020),#9023);
#9020 = B_SPLINE_CURVE_WITH_KNOTS('',1,(#9021,#9022),.UNSPECIFIED.,.F.,
  .F.,(2,2),(0.,0.477730072899),.PIECEWISE_BEZIER_KNOTS.);
#9021 = CARTESIAN_POINT('',(-3.756748702035E-02,-0.225432524424));
#9022 = CARTESIAN_POINT('',(1.343251202597E-02,0.249567499418));
#9023 = ( GEOMETRIC_REPRESENTATION_CONTEXT(2) 
PARAMETRIC_REPRESENTATION_CONTEXT() REPRESENTATION_CONTEXT('2D SPACE',''
  ) );
#9024 = ORIENTED_EDGE('',*,*,#8970,.F.);
#9025 = ORIENTED_EDGE('',*,*,#9026,.T.);
#9026 = EDGE_CURVE('',#8854,#8999,#9027,.T.);
#9027 = SURFACE_CURVE('',#9028,(#9032,#9039),.PCURVE_S1.);
#9028 = LINE('',#9029,#9030);
#9029 = CARTESIAN_POINT('',(0.125,-1.194000005722,0.));
#9030 = VECTOR('',#9031,1.);
#9031 = DIRECTION('',(0.,1.,0.));
#9032 = PCURVE('',#8984,#9033);
#9033 = DEFINITIONAL_REPRESENTATION('',(#9034),#9038);
#9034 = LINE('',#9035,#9036);
#9035 = CARTESIAN_POINT('',(-1.343251202597E-02,0.225432524424));
#9036 = VECTOR('',#9037,1.);
#9037 = DIRECTION('',(0.,-1.));
#9038 = ( GEOMETRIC_REPRESENTATION_CONTEXT(2) 
PARAMETRIC_REPRESENTATION_CONTEXT() REPRESENTATION_CONTEXT('2D SPACE',''
  ) );
#9039 = PCURVE('',#8928,#9040);
#9040 = DEFINITIONAL_REPRESENTATION('',(#9041),#9044);
#9041 = B_SPLINE_CURVE_WITH_KNOTS('',1,(#9042,#9043),.UNSPECIFIED.,.F.,
  .F.,(2,2),(0.,0.475000023842),.PIECEWISE_BEZIER_KNOTS.);
#9042 = CARTESIAN_POINT('',(-7.794319027396E-02,-0.190443202195));
#9043 = CARTESIAN_POINT('',(-7.794319027396E-02,0.284556821647));
#9044 = ( GEOMETRIC_REPRESENTATION_CONTEXT(2) 
PARAMETRIC_REPRESENTATION_CONTEXT() REPRESENTATION_CONTEXT('2D SPACE',''
  ) );
#9045 = ADVANCED_FACE('',(#9046),#9014,.T.);
#9046 = FACE_BOUND('',#9047,.T.);
#9047 = EDGE_LOOP('',(#9048,#9075,#9076));
#9048 = ORIENTED_EDGE('',*,*,#9049,.T.);
#9049 = EDGE_CURVE('',#9050,#8943,#9052,.T.);
#9050 = VERTEX_POINT('',#9051);
#9051 = CARTESIAN_POINT('',(0.125,-0.71899998188,5.099999904633E-02));
#9052 = SURFACE_CURVE('',#9053,(#9057,#9064),.PCURVE_S1.);
#9053 = LINE('',#9054,#9055);
#9054 = CARTESIAN_POINT('',(0.125,-0.71899998188,5.099999904633E-02));
#9055 = VECTOR('',#9056,1.);
#9056 = DIRECTION('',(0.,-1.,0.));
#9057 = PCURVE('',#9014,#9058);
#9058 = DEFINITIONAL_REPRESENTATION('',(#9059),#9063);
#9059 = LINE('',#9060,#9061);
#9060 = CARTESIAN_POINT('',(1.343251202597E-02,-0.225432524424));
#9061 = VECTOR('',#9062,1.);
#9062 = DIRECTION('',(0.,1.));
#9063 = ( GEOMETRIC_REPRESENTATION_CONTEXT(2) 
PARAMETRIC_REPRESENTATION_CONTEXT() REPRESENTATION_CONTEXT('2D SPACE',''
  ) );
#9064 = PCURVE('',#9065,#9070);
#9065 = PLANE('',#9066);
#9066 = AXIS2_PLACEMENT_3D('',#9067,#9068,#9069);
#9067 = CARTESIAN_POINT('',(4.705680972604E-02,-0.909443184075,
    5.099999904633E-02));
#9068 = DIRECTION('',(0.,0.,1.));
#9069 = DIRECTION('',(1.,0.,-0.));
#9070 = DEFINITIONAL_REPRESENTATION('',(#9071),#9074);
#9071 = B_SPLINE_CURVE_WITH_KNOTS('',1,(#9072,#9073),.UNSPECIFIED.,.F.,
  .F.,(2,2),(0.,0.475000023842),.PIECEWISE_BEZIER_KNOTS.);
#9072 = CARTESIAN_POINT('',(7.794319027396E-02,0.190443202195));
#9073 = CARTESIAN_POINT('',(7.794319027396E-02,-0.284556821647));
#9074 = ( GEOMETRIC_REPRESENTATION_CONTEXT(2) 
PARAMETRIC_REPRESENTATION_CONTEXT() REPRESENTATION_CONTEXT('2D SPACE',''
  ) );
#9075 = ORIENTED_EDGE('',*,*,#8998,.F.);
#9076 = ORIENTED_EDGE('',*,*,#9077,.T.);
#9077 = EDGE_CURVE('',#8999,#9050,#9078,.T.);
#9078 = SURFACE_CURVE('',#9079,(#9083,#9090),.PCURVE_S1.);
#9079 = LINE('',#9080,#9081);
#9080 = CARTESIAN_POINT('',(0.125,-0.71899998188,0.));
#9081 = VECTOR('',#9082,1.);
#9082 = DIRECTION('',(0.,0.,1.));
#9083 = PCURVE('',#9014,#9084);
#9084 = DEFINITIONAL_REPRESENTATION('',(#9085),#9089);
#9085 = LINE('',#9086,#9087);
#9086 = CARTESIAN_POINT('',(-3.756748702035E-02,-0.225432524424));
#9087 = VECTOR('',#9088,1.);
#9088 = DIRECTION('',(1.,0.));
#9089 = ( GEOMETRIC_REPRESENTATION_CONTEXT(2) 
PARAMETRIC_REPRESENTATION_CONTEXT() REPRESENTATION_CONTEXT('2D SPACE',''
  ) );
#9090 = PCURVE('',#9091,#9096);
#9091 = PLANE('',#9092);
#9092 = AXIS2_PLACEMENT_3D('',#9093,#9094,#9095);
#9093 = CARTESIAN_POINT('',(1.146275578663E-02,-0.71899998188,
    1.403724373654E-02));
#9094 = DIRECTION('',(9.23052940626E-32,1.,-4.538241252566E-31));
#9095 = DIRECTION('',(0.,4.538241252566E-31,1.));
#9096 = DEFINITIONAL_REPRESENTATION('',(#9097),#9100);
#9097 = B_SPLINE_CURVE_WITH_KNOTS('',1,(#9098,#9099),.UNSPECIFIED.,.F.,
  .F.,(2,2),(0.,5.099999904633E-02),.PIECEWISE_BEZIER_KNOTS.);
#9098 = CARTESIAN_POINT('',(-1.403724373654E-02,0.113537244213));
#9099 = CARTESIAN_POINT('',(3.696275530979E-02,0.113537244213));
#9100 = ( GEOMETRIC_REPRESENTATION_CONTEXT(2) 
PARAMETRIC_REPRESENTATION_CONTEXT() REPRESENTATION_CONTEXT('2D SPACE',''
  ) );
#9101 = ADVANCED_FACE('',(#9102),#9091,.T.);
#9102 = FACE_BOUND('',#9103,.T.);
#9103 = EDGE_LOOP('',(#9104,#9131,#9132));
#9104 = ORIENTED_EDGE('',*,*,#9105,.T.);
#9105 = EDGE_CURVE('',#9106,#9050,#9108,.T.);
#9106 = VERTEX_POINT('',#9107);
#9107 = CARTESIAN_POINT('',(-0.125,-0.71899998188,0.));
#9108 = SURFACE_CURVE('',#9109,(#9113,#9120),.PCURVE_S1.);
#9109 = LINE('',#9110,#9111);
#9110 = CARTESIAN_POINT('',(-0.125,-0.71899998188,0.));
#9111 = VECTOR('',#9112,1.);
#9112 = DIRECTION('',(0.979819727351,0.,0.199883220642));
#9113 = PCURVE('',#9091,#9114);
#9114 = DEFINITIONAL_REPRESENTATION('',(#9115),#9119);
#9115 = LINE('',#9116,#9117);
#9116 = CARTESIAN_POINT('',(-1.403724373654E-02,-0.136462755787));
#9117 = VECTOR('',#9118,1.);
#9118 = DIRECTION('',(0.199883220642,0.979819727351));
#9119 = ( GEOMETRIC_REPRESENTATION_CONTEXT(2) 
PARAMETRIC_REPRESENTATION_CONTEXT() REPRESENTATION_CONTEXT('2D SPACE',''
  ) );
#9120 = PCURVE('',#9121,#9126);
#9121 = PLANE('',#9122);
#9122 = AXIS2_PLACEMENT_3D('',#9123,#9124,#9125);
#9123 = CARTESIAN_POINT('',(-1.146275578663E-02,-0.71899998188,
    3.696275530979E-02));
#9124 = DIRECTION('',(1.132330620993E-31,1.,-1.433432537341E-30));
#9125 = DIRECTION('',(0.,1.433432537341E-30,1.));
#9126 = DEFINITIONAL_REPRESENTATION('',(#9127),#9130);
#9127 = B_SPLINE_CURVE_WITH_KNOTS('',1,(#9128,#9129),.UNSPECIFIED.,.F.,
  .F.,(2,2),(0.,0.2551489759),.PIECEWISE_BEZIER_KNOTS.);
#9128 = CARTESIAN_POINT('',(-3.696275530979E-02,-0.113537244213));
#9129 = CARTESIAN_POINT('',(1.403724373654E-02,0.136462755787));
#9130 = ( GEOMETRIC_REPRESENTATION_CONTEXT(2) 
PARAMETRIC_REPRESENTATION_CONTEXT() REPRESENTATION_CONTEXT('2D SPACE',''
  ) );
#9131 = ORIENTED_EDGE('',*,*,#9077,.F.);
#9132 = ORIENTED_EDGE('',*,*,#9133,.T.);
#9133 = EDGE_CURVE('',#8999,#9106,#9134,.T.);
#9134 = SURFACE_CURVE('',#9135,(#9139,#9146),.PCURVE_S1.);
#9135 = LINE('',#9136,#9137);
#9136 = CARTESIAN_POINT('',(0.125,-0.71899998188,0.));
#9137 = VECTOR('',#9138,1.);
#9138 = DIRECTION('',(-1.,0.,0.));
#9139 = PCURVE('',#9091,#9140);
#9140 = DEFINITIONAL_REPRESENTATION('',(#9141),#9145);
#9141 = LINE('',#9142,#9143);
#9142 = CARTESIAN_POINT('',(-1.403724373654E-02,0.113537244213));
#9143 = VECTOR('',#9144,1.);
#9144 = DIRECTION('',(0.,-1.));
#9145 = ( GEOMETRIC_REPRESENTATION_CONTEXT(2) 
PARAMETRIC_REPRESENTATION_CONTEXT() REPRESENTATION_CONTEXT('2D SPACE',''
  ) );
#9146 = PCURVE('',#9147,#9152);
#9147 = PLANE('',#9148);
#9148 = AXIS2_PLACEMENT_3D('',#9149,#9150,#9151);
#9149 = CARTESIAN_POINT('',(-4.705680972604E-02,-0.909443184075,0.));
#9150 = DIRECTION('',(-0.,-0.,-1.));
#9151 = DIRECTION('',(-1.,0.,0.));
#9152 = DEFINITIONAL_REPRESENTATION('',(#9153),#9156);
#9153 = B_SPLINE_CURVE_WITH_KNOTS('',1,(#9154,#9155),.UNSPECIFIED.,.F.,
  .F.,(2,2),(0.,0.25),.PIECEWISE_BEZIER_KNOTS.);
#9154 = CARTESIAN_POINT('',(-0.172056809726,0.190443202195));
#9155 = CARTESIAN_POINT('',(7.794319027396E-02,0.190443202195));
#9156 = ( GEOMETRIC_REPRESENTATION_CONTEXT(2) 
PARAMETRIC_REPRESENTATION_CONTEXT() REPRESENTATION_CONTEXT('2D SPACE',''
  ) );
#9157 = ADVANCED_FACE('',(#9158),#9121,.T.);
#9158 = FACE_BOUND('',#9159,.T.);
#9159 = EDGE_LOOP('',(#9160,#9182,#9183));
#9160 = ORIENTED_EDGE('',*,*,#9161,.T.);
#9161 = EDGE_CURVE('',#9162,#9050,#9164,.T.);
#9162 = VERTEX_POINT('',#9163);
#9163 = CARTESIAN_POINT('',(-0.125,-0.71899998188,5.099999904633E-02));
#9164 = SURFACE_CURVE('',#9165,(#9169,#9176),.PCURVE_S1.);
#9165 = LINE('',#9166,#9167);
#9166 = CARTESIAN_POINT('',(-0.125,-0.71899998188,5.099999904633E-02));
#9167 = VECTOR('',#9168,1.);
#9168 = DIRECTION('',(1.,0.,0.));
#9169 = PCURVE('',#9121,#9170);
#9170 = DEFINITIONAL_REPRESENTATION('',(#9171),#9175);
#9171 = LINE('',#9172,#9173);
#9172 = CARTESIAN_POINT('',(1.403724373654E-02,-0.113537244213));
#9173 = VECTOR('',#9174,1.);
#9174 = DIRECTION('',(0.,1.));
#9175 = ( GEOMETRIC_REPRESENTATION_CONTEXT(2) 
PARAMETRIC_REPRESENTATION_CONTEXT() REPRESENTATION_CONTEXT('2D SPACE',''
  ) );
#9176 = PCURVE('',#9065,#9177);
#9177 = DEFINITIONAL_REPRESENTATION('',(#9178),#9181);
#9178 = B_SPLINE_CURVE_WITH_KNOTS('',1,(#9179,#9180),.UNSPECIFIED.,.F.,
  .F.,(2,2),(0.,0.25),.PIECEWISE_BEZIER_KNOTS.);
#9179 = CARTESIAN_POINT('',(-0.172056809726,0.190443202195));
#9180 = CARTESIAN_POINT('',(7.794319027396E-02,0.190443202195));
#9181 = ( GEOMETRIC_REPRESENTATION_CONTEXT(2) 
PARAMETRIC_REPRESENTATION_CONTEXT() REPRESENTATION_CONTEXT('2D SPACE',''
  ) );
#9182 = ORIENTED_EDGE('',*,*,#9105,.F.);
#9183 = ORIENTED_EDGE('',*,*,#9184,.T.);
#9184 = EDGE_CURVE('',#9106,#9162,#9185,.T.);
#9185 = SURFACE_CURVE('',#9186,(#9190,#9197),.PCURVE_S1.);
#9186 = LINE('',#9187,#9188);
#9187 = CARTESIAN_POINT('',(-0.125,-0.71899998188,0.));
#9188 = VECTOR('',#9189,1.);
#9189 = DIRECTION('',(0.,0.,1.));
#9190 = PCURVE('',#9121,#9191);
#9191 = DEFINITIONAL_REPRESENTATION('',(#9192),#9196);
#9192 = LINE('',#9193,#9194);
#9193 = CARTESIAN_POINT('',(-3.696275530979E-02,-0.113537244213));
#9194 = VECTOR('',#9195,1.);
#9195 = DIRECTION('',(1.,1.623119555159E-61));
#9196 = ( GEOMETRIC_REPRESENTATION_CONTEXT(2) 
PARAMETRIC_REPRESENTATION_CONTEXT() REPRESENTATION_CONTEXT('2D SPACE',''
  ) );
#9197 = PCURVE('',#9198,#9203);
#9198 = PLANE('',#9199);
#9199 = AXIS2_PLACEMENT_3D('',#9200,#9201,#9202);
#9200 = CARTESIAN_POINT('',(-0.125,-0.944432506304,1.343251202597E-02));
#9201 = DIRECTION('',(-1.,-0.,-0.));
#9202 = DIRECTION('',(0.,0.,-1.));
#9203 = DEFINITIONAL_REPRESENTATION('',(#9204),#9207);
#9204 = B_SPLINE_CURVE_WITH_KNOTS('',1,(#9205,#9206),.UNSPECIFIED.,.F.,
  .F.,(2,2),(0.,5.099999904633E-02),.PIECEWISE_BEZIER_KNOTS.);
#9205 = CARTESIAN_POINT('',(1.343251202597E-02,-0.225432524424));
#9206 = CARTESIAN_POINT('',(-3.756748702035E-02,-0.225432524424));
#9207 = ( GEOMETRIC_REPRESENTATION_CONTEXT(2) 
PARAMETRIC_REPRESENTATION_CONTEXT() REPRESENTATION_CONTEXT('2D SPACE',''
  ) );
#9208 = ADVANCED_FACE('',(#9209),#9198,.T.);
#9209 = FACE_BOUND('',#9210,.T.);
#9210 = EDGE_LOOP('',(#9211,#9231,#9232));
#9211 = ORIENTED_EDGE('',*,*,#9212,.T.);
#9212 = EDGE_CURVE('',#8888,#9162,#9213,.T.);
#9213 = SURFACE_CURVE('',#9214,(#9218,#9225),.PCURVE_S1.);
#9214 = LINE('',#9215,#9216);
#9215 = CARTESIAN_POINT('',(-0.125,-1.194000005722,0.));
#9216 = VECTOR('',#9217,1.);
#9217 = DIRECTION('',(0.,0.994285373242,0.106754843246));
#9218 = PCURVE('',#9198,#9219);
#9219 = DEFINITIONAL_REPRESENTATION('',(#9220),#9224);
#9220 = LINE('',#9221,#9222);
#9221 = CARTESIAN_POINT('',(1.343251202597E-02,0.249567499418));
#9222 = VECTOR('',#9223,1.);
#9223 = DIRECTION('',(-0.106754843246,-0.994285373242));
#9224 = ( GEOMETRIC_REPRESENTATION_CONTEXT(2) 
PARAMETRIC_REPRESENTATION_CONTEXT() REPRESENTATION_CONTEXT('2D SPACE',''
  ) );
#9225 = PCURVE('',#8903,#9226);
#9226 = DEFINITIONAL_REPRESENTATION('',(#9227),#9230);
#9227 = B_SPLINE_CURVE_WITH_KNOTS('',1,(#9228,#9229),.UNSPECIFIED.,.F.,
  .F.,(2,2),(0.,0.477730072899),.PIECEWISE_BEZIER_KNOTS.);
#9228 = CARTESIAN_POINT('',(3.756748702035E-02,0.225432524424));
#9229 = CARTESIAN_POINT('',(-1.343251202597E-02,-0.249567499418));
#9230 = ( GEOMETRIC_REPRESENTATION_CONTEXT(2) 
PARAMETRIC_REPRESENTATION_CONTEXT() REPRESENTATION_CONTEXT('2D SPACE',''
  ) );
#9231 = ORIENTED_EDGE('',*,*,#9184,.F.);
#9232 = ORIENTED_EDGE('',*,*,#9233,.T.);
#9233 = EDGE_CURVE('',#9106,#8888,#9234,.T.);
#9234 = SURFACE_CURVE('',#9235,(#9239,#9246),.PCURVE_S1.);
#9235 = LINE('',#9236,#9237);
#9236 = CARTESIAN_POINT('',(-0.125,-0.71899998188,0.));
#9237 = VECTOR('',#9238,1.);
#9238 = DIRECTION('',(0.,-1.,0.));
#9239 = PCURVE('',#9198,#9240);
#9240 = DEFINITIONAL_REPRESENTATION('',(#9241),#9245);
#9241 = LINE('',#9242,#9243);
#9242 = CARTESIAN_POINT('',(1.343251202597E-02,-0.225432524424));
#9243 = VECTOR('',#9244,1.);
#9244 = DIRECTION('',(0.,1.));
#9245 = ( GEOMETRIC_REPRESENTATION_CONTEXT(2) 
PARAMETRIC_REPRESENTATION_CONTEXT() REPRESENTATION_CONTEXT('2D SPACE',''
  ) );
#9246 = PCURVE('',#9147,#9247);
#9247 = DEFINITIONAL_REPRESENTATION('',(#9248),#9251);
#9248 = B_SPLINE_CURVE_WITH_KNOTS('',1,(#9249,#9250),.UNSPECIFIED.,.F.,
  .F.,(2,2),(0.,0.475000023842),.PIECEWISE_BEZIER_KNOTS.);
#9249 = CARTESIAN_POINT('',(7.794319027396E-02,0.190443202195));
#9250 = CARTESIAN_POINT('',(7.794319027396E-02,-0.284556821647));
#9251 = ( GEOMETRIC_REPRESENTATION_CONTEXT(2) 
PARAMETRIC_REPRESENTATION_CONTEXT() REPRESENTATION_CONTEXT('2D SPACE',''
  ) );
#9252 = ADVANCED_FACE('',(#9253),#8903,.T.);
#9253 = FACE_BOUND('',#9254,.T.);
#9254 = EDGE_LOOP('',(#9255,#9275,#9276));
#9255 = ORIENTED_EDGE('',*,*,#9256,.T.);
#9256 = EDGE_CURVE('',#8856,#9162,#9257,.T.);
#9257 = SURFACE_CURVE('',#9258,(#9262,#9269),.PCURVE_S1.);
#9258 = LINE('',#9259,#9260);
#9259 = CARTESIAN_POINT('',(-0.125,-1.194000005722,5.099999904633E-02));
#9260 = VECTOR('',#9261,1.);
#9261 = DIRECTION('',(0.,1.,0.));
#9262 = PCURVE('',#8903,#9263);
#9263 = DEFINITIONAL_REPRESENTATION('',(#9264),#9268);
#9264 = LINE('',#9265,#9266);
#9265 = CARTESIAN_POINT('',(-1.343251202597E-02,0.225432524424));
#9266 = VECTOR('',#9267,1.);
#9267 = DIRECTION('',(0.,-1.));
#9268 = ( GEOMETRIC_REPRESENTATION_CONTEXT(2) 
PARAMETRIC_REPRESENTATION_CONTEXT() REPRESENTATION_CONTEXT('2D SPACE',''
  ) );
#9269 = PCURVE('',#8958,#9270);
#9270 = DEFINITIONAL_REPRESENTATION('',(#9271),#9274);
#9271 = B_SPLINE_CURVE_WITH_KNOTS('',1,(#9272,#9273),.UNSPECIFIED.,.F.,
  .F.,(2,2),(0.,0.475000023842),.PIECEWISE_BEZIER_KNOTS.);
#9272 = CARTESIAN_POINT('',(-7.794319027396E-02,-0.190443202195));
#9273 = CARTESIAN_POINT('',(-7.794319027396E-02,0.284556821647));
#9274 = ( GEOMETRIC_REPRESENTATION_CONTEXT(2) 
PARAMETRIC_REPRESENTATION_CONTEXT() REPRESENTATION_CONTEXT('2D SPACE',''
  ) );
#9275 = ORIENTED_EDGE('',*,*,#9212,.F.);
#9276 = ORIENTED_EDGE('',*,*,#8887,.F.);
#9277 = ADVANCED_FACE('',(#9278),#8928,.T.);
#9278 = FACE_BOUND('',#9279,.T.);
#9279 = EDGE_LOOP('',(#9280,#9300,#9301));
#9280 = ORIENTED_EDGE('',*,*,#9281,.T.);
#9281 = EDGE_CURVE('',#8888,#8999,#9282,.T.);
#9282 = SURFACE_CURVE('',#9283,(#9287,#9294),.PCURVE_S1.);
#9283 = LINE('',#9284,#9285);
#9284 = CARTESIAN_POINT('',(-0.125,-1.194000005722,0.));
#9285 = VECTOR('',#9286,1.);
#9286 = DIRECTION('',(0.465746414526,0.884918232017,0.));
#9287 = PCURVE('',#8928,#9288);
#9288 = DEFINITIONAL_REPRESENTATION('',(#9289),#9293);
#9289 = LINE('',#9290,#9291);
#9290 = CARTESIAN_POINT('',(0.172056809726,-0.190443202195));
#9291 = VECTOR('',#9292,1.);
#9292 = DIRECTION('',(-0.465746414526,0.884918232017));
#9293 = ( GEOMETRIC_REPRESENTATION_CONTEXT(2) 
PARAMETRIC_REPRESENTATION_CONTEXT() REPRESENTATION_CONTEXT('2D SPACE',''
  ) );
#9294 = PCURVE('',#9147,#9295);
#9295 = DEFINITIONAL_REPRESENTATION('',(#9296),#9299);
#9296 = B_SPLINE_CURVE_WITH_KNOTS('',1,(#9297,#9298),.UNSPECIFIED.,.F.,
  .F.,(2,2),(0.,0.536772784938),.PIECEWISE_BEZIER_KNOTS.);
#9297 = CARTESIAN_POINT('',(7.794319027396E-02,-0.284556821647));
#9298 = CARTESIAN_POINT('',(-0.172056809726,0.190443202195));
#9299 = ( GEOMETRIC_REPRESENTATION_CONTEXT(2) 
PARAMETRIC_REPRESENTATION_CONTEXT() REPRESENTATION_CONTEXT('2D SPACE',''
  ) );
#9300 = ORIENTED_EDGE('',*,*,#9026,.F.);
#9301 = ORIENTED_EDGE('',*,*,#8914,.F.);
#9302 = ADVANCED_FACE('',(#9303),#9147,.T.);
#9303 = FACE_BOUND('',#9304,.T.);
#9304 = EDGE_LOOP('',(#9305,#9306,#9307));
#9305 = ORIENTED_EDGE('',*,*,#9133,.F.);
#9306 = ORIENTED_EDGE('',*,*,#9281,.F.);
#9307 = ORIENTED_EDGE('',*,*,#9233,.F.);
#9308 = ADVANCED_FACE('',(#9309),#8958,.T.);
#9309 = FACE_BOUND('',#9310,.T.);
#9310 = EDGE_LOOP('',(#9311,#9331,#9332));
#9311 = ORIENTED_EDGE('',*,*,#9312,.T.);
#9312 = EDGE_CURVE('',#8943,#9162,#9313,.T.);
#9313 = SURFACE_CURVE('',#9314,(#9318,#9325),.PCURVE_S1.);
#9314 = LINE('',#9315,#9316);
#9315 = CARTESIAN_POINT('',(0.125,-1.194000005722,5.099999904633E-02));
#9316 = VECTOR('',#9317,1.);
#9317 = DIRECTION('',(-0.465746414526,0.884918232017,0.));
#9318 = PCURVE('',#8958,#9319);
#9319 = DEFINITIONAL_REPRESENTATION('',(#9320),#9324);
#9320 = LINE('',#9321,#9322);
#9321 = CARTESIAN_POINT('',(0.172056809726,-0.190443202195));
#9322 = VECTOR('',#9323,1.);
#9323 = DIRECTION('',(-0.465746414526,0.884918232017));
#9324 = ( GEOMETRIC_REPRESENTATION_CONTEXT(2) 
PARAMETRIC_REPRESENTATION_CONTEXT() REPRESENTATION_CONTEXT('2D SPACE',''
  ) );
#9325 = PCURVE('',#9065,#9326);
#9326 = DEFINITIONAL_REPRESENTATION('',(#9327),#9330);
#9327 = B_SPLINE_CURVE_WITH_KNOTS('',1,(#9328,#9329),.UNSPECIFIED.,.F.,
  .F.,(2,2),(0.,0.536772784938),.PIECEWISE_BEZIER_KNOTS.);
#9328 = CARTESIAN_POINT('',(7.794319027396E-02,-0.284556821647));
#9329 = CARTESIAN_POINT('',(-0.172056809726,0.190443202195));
#9330 = ( GEOMETRIC_REPRESENTATION_CONTEXT(2) 
PARAMETRIC_REPRESENTATION_CONTEXT() REPRESENTATION_CONTEXT('2D SPACE',''
  ) );
#9331 = ORIENTED_EDGE('',*,*,#9256,.F.);
#9332 = ORIENTED_EDGE('',*,*,#8942,.F.);
#9333 = ADVANCED_FACE('',(#9334),#9065,.T.);
#9334 = FACE_BOUND('',#9335,.T.);
#9335 = EDGE_LOOP('',(#9336,#9337,#9338));
#9336 = ORIENTED_EDGE('',*,*,#9161,.F.);
#9337 = ORIENTED_EDGE('',*,*,#9312,.F.);
#9338 = ORIENTED_EDGE('',*,*,#9049,.F.);
#9339 = ( GEOMETRIC_REPRESENTATION_CONTEXT(3) 
GLOBAL_UNCERTAINTY_ASSIGNED_CONTEXT((#9343)) 
GLOBAL_UNIT_ASSIGNED_CONTEXT((#9340,#9341,#9342)) REPRESENTATION_CONTEXT
('Context #1','3D Context with UNIT and UNCERTAINTY') );
#9340 = ( LENGTH_UNIT() NAMED_UNIT(*) SI_UNIT(.MILLI.,.METRE.) );
#9341 = ( NAMED_UNIT(*) PLANE_ANGLE_UNIT() SI_UNIT($,.RADIAN.) );
#9342 = ( NAMED_UNIT(*) SI_UNIT($,.STERADIAN.) SOLID_ANGLE_UNIT() );
#9343 = UNCERTAINTY_MEASURE_WITH_UNIT(LENGTH_MEASURE(1.E-07),#9340,
  'distance_accuracy_value','confusion accuracy');
#9344 = SHAPE_DEFINITION_REPRESENTATION(#9345,#8846);
#9345 = PRODUCT_DEFINITION_SHAPE('','',#9346);
#9346 = PRODUCT_DEFINITION('design','',#9347,#9350);
#9347 = PRODUCT_DEFINITION_FORMATION('','',#9348);
#9348 = PRODUCT(' STEP translator 7.5 1.8',
  ' STEP translator 7.5 1.8','',(#9349));
#9349 = PRODUCT_CONTEXT('',#2,'mechanical');
#9350 = PRODUCT_DEFINITION_CONTEXT('part definition',#2,'design');
#9351 = CONTEXT_DEPENDENT_SHAPE_REPRESENTATION(#9352,#9354);
#9352 = ( REPRESENTATION_RELATIONSHIP('','',#8846,#10) 
REPRESENTATION_RELATIONSHIP_WITH_TRANSFORMATION(#9353) 
SHAPE_REPRESENTATION_RELATIONSHIP() );
#9353 = ITEM_DEFINED_TRANSFORMATION('','',#11,#43);
#9354 = PRODUCT_DEFINITION_SHAPE('Placement','Placement of an item',
  #9355);
#9355 = NEXT_ASSEMBLY_USAGE_OCCURRENCE('8','','',#5,#9346,$);
#9356 = PRODUCT_RELATED_PRODUCT_CATEGORY('part',$,(#9348));
#9357 = MANIFOLD_SURFACE_SHAPE_REPRESENTATION('',(#11,#9358),#9850);
#9358 = SHELL_BASED_SURFACE_MODEL('',(#9359));
#9359 = CLOSED_SHELL('',(#9360,#9449,#9505,#9556,#9612,#9668,#9719,#9763
    ,#9788,#9813,#9819,#9844));
#9360 = ADVANCED_FACE('',(#9361),#9375,.T.);
#9361 = FACE_BOUND('',#9362,.T.);
#9362 = EDGE_LOOP('',(#9363,#9397,#9424));
#9363 = ORIENTED_EDGE('',*,*,#9364,.T.);
#9364 = EDGE_CURVE('',#9365,#9367,#9369,.T.);
#9365 = VERTEX_POINT('',#9366);
#9366 = CARTESIAN_POINT('',(0.625,-1.194000005722,0.));
#9367 = VERTEX_POINT('',#9368);
#9368 = CARTESIAN_POINT('',(0.375,-1.194000005722,5.099999904633E-02));
#9369 = SURFACE_CURVE('',#9370,(#9374,#9386),.PCURVE_S1.);
#9370 = LINE('',#9371,#9372);
#9371 = CARTESIAN_POINT('',(0.625,-1.194000005722,0.));
#9372 = VECTOR('',#9373,1.);
#9373 = DIRECTION('',(-0.979819727351,0.,0.199883220642));
#9374 = PCURVE('',#9375,#9380);
#9375 = PLANE('',#9376);
#9376 = AXIS2_PLACEMENT_3D('',#9377,#9378,#9379);
#9377 = CARTESIAN_POINT('',(0.488537244213,-1.194000005722,
    1.403724373654E-02));
#9378 = DIRECTION('',(1.846105881252E-31,-1.,9.076482505132E-31));
#9379 = DIRECTION('',(0.,-9.076482505132E-31,-1.));
#9380 = DEFINITIONAL_REPRESENTATION('',(#9381),#9385);
#9381 = LINE('',#9382,#9383);
#9382 = CARTESIAN_POINT('',(1.403724373654E-02,0.136462755787));
#9383 = VECTOR('',#9384,1.);
#9384 = DIRECTION('',(-0.199883220642,-0.979819727351));
#9385 = ( GEOMETRIC_REPRESENTATION_CONTEXT(2) 
PARAMETRIC_REPRESENTATION_CONTEXT() REPRESENTATION_CONTEXT('2D SPACE',''
  ) );
#9386 = PCURVE('',#9387,#9392);
#9387 = PLANE('',#9388);
#9388 = AXIS2_PLACEMENT_3D('',#9389,#9390,#9391);
#9389 = CARTESIAN_POINT('',(0.511462755787,-1.194000005722,
    3.696275530979E-02));
#9390 = DIRECTION('',(2.264661241986E-31,-1.,2.866865074681E-30));
#9391 = DIRECTION('',(0.,-2.866865074681E-30,-1.));
#9392 = DEFINITIONAL_REPRESENTATION('',(#9393),#9396);
#9393 = B_SPLINE_CURVE_WITH_KNOTS('',1,(#9394,#9395),.UNSPECIFIED.,.F.,
  .F.,(2,2),(0.,0.2551489759),.PIECEWISE_BEZIER_KNOTS.);
#9394 = CARTESIAN_POINT('',(3.696275530979E-02,0.113537244213));
#9395 = CARTESIAN_POINT('',(-1.403724373654E-02,-0.136462755787));
#9396 = ( GEOMETRIC_REPRESENTATION_CONTEXT(2) 
PARAMETRIC_REPRESENTATION_CONTEXT() REPRESENTATION_CONTEXT('2D SPACE',''
  ) );
#9397 = ORIENTED_EDGE('',*,*,#9398,.T.);
#9398 = EDGE_CURVE('',#9367,#9399,#9401,.T.);
#9399 = VERTEX_POINT('',#9400);
#9400 = CARTESIAN_POINT('',(0.375,-1.194000005722,0.));
#9401 = SURFACE_CURVE('',#9402,(#9406,#9413),.PCURVE_S1.);
#9402 = LINE('',#9403,#9404);
#9403 = CARTESIAN_POINT('',(0.375,-1.194000005722,5.099999904633E-02));
#9404 = VECTOR('',#9405,1.);
#9405 = DIRECTION('',(0.,0.,-1.));
#9406 = PCURVE('',#9375,#9407);
#9407 = DEFINITIONAL_REPRESENTATION('',(#9408),#9412);
#9408 = LINE('',#9409,#9410);
#9409 = CARTESIAN_POINT('',(-3.696275530979E-02,-0.113537244213));
#9410 = VECTOR('',#9411,1.);
#9411 = DIRECTION('',(1.,1.67561477338E-61));
#9412 = ( GEOMETRIC_REPRESENTATION_CONTEXT(2) 
PARAMETRIC_REPRESENTATION_CONTEXT() REPRESENTATION_CONTEXT('2D SPACE',''
  ) );
#9413 = PCURVE('',#9414,#9419);
#9414 = PLANE('',#9415);
#9415 = AXIS2_PLACEMENT_3D('',#9416,#9417,#9418);
#9416 = CARTESIAN_POINT('',(0.375,-0.968567481298,3.756748702035E-02));
#9417 = DIRECTION('',(-1.,-2.331408646628E-31,1.819083401881E-30));
#9418 = DIRECTION('',(-1.819083401881E-30,0.,-1.));
#9419 = DEFINITIONAL_REPRESENTATION('',(#9420),#9423);
#9420 = B_SPLINE_CURVE_WITH_KNOTS('',1,(#9421,#9422),.UNSPECIFIED.,.F.,
  .F.,(2,2),(0.,5.099999904633E-02),.PIECEWISE_BEZIER_KNOTS.);
#9421 = CARTESIAN_POINT('',(-1.343251202597E-02,0.225432524424));
#9422 = CARTESIAN_POINT('',(3.756748702035E-02,0.225432524424));
#9423 = ( GEOMETRIC_REPRESENTATION_CONTEXT(2) 
PARAMETRIC_REPRESENTATION_CONTEXT() REPRESENTATION_CONTEXT('2D SPACE',''
  ) );
#9424 = ORIENTED_EDGE('',*,*,#9425,.T.);
#9425 = EDGE_CURVE('',#9399,#9365,#9426,.T.);
#9426 = SURFACE_CURVE('',#9427,(#9431,#9438),.PCURVE_S1.);
#9427 = LINE('',#9428,#9429);
#9428 = CARTESIAN_POINT('',(0.375,-1.194000005722,0.));
#9429 = VECTOR('',#9430,1.);
#9430 = DIRECTION('',(1.,0.,0.));
#9431 = PCURVE('',#9375,#9432);
#9432 = DEFINITIONAL_REPRESENTATION('',(#9433),#9437);
#9433 = LINE('',#9434,#9435);
#9434 = CARTESIAN_POINT('',(1.403724373654E-02,-0.113537244213));
#9435 = VECTOR('',#9436,1.);
#9436 = DIRECTION('',(0.,1.));
#9437 = ( GEOMETRIC_REPRESENTATION_CONTEXT(2) 
PARAMETRIC_REPRESENTATION_CONTEXT() REPRESENTATION_CONTEXT('2D SPACE',''
  ) );
#9438 = PCURVE('',#9439,#9444);
#9439 = PLANE('',#9440);
#9440 = AXIS2_PLACEMENT_3D('',#9441,#9442,#9443);
#9441 = CARTESIAN_POINT('',(0.547056809726,-1.003556803527,0.));
#9442 = DIRECTION('',(-0.,-0.,-1.));
#9443 = DIRECTION('',(-1.,0.,0.));
#9444 = DEFINITIONAL_REPRESENTATION('',(#9445),#9448);
#9445 = B_SPLINE_CURVE_WITH_KNOTS('',1,(#9446,#9447),.UNSPECIFIED.,.F.,
  .F.,(2,2),(0.,0.25),.PIECEWISE_BEZIER_KNOTS.);
#9446 = CARTESIAN_POINT('',(0.172056809726,-0.190443202195));
#9447 = CARTESIAN_POINT('',(-7.794319027396E-02,-0.190443202195));
#9448 = ( GEOMETRIC_REPRESENTATION_CONTEXT(2) 
PARAMETRIC_REPRESENTATION_CONTEXT() REPRESENTATION_CONTEXT('2D SPACE',''
  ) );
#9449 = ADVANCED_FACE('',(#9450),#9387,.T.);
#9450 = FACE_BOUND('',#9451,.T.);
#9451 = EDGE_LOOP('',(#9452,#9479,#9480));
#9452 = ORIENTED_EDGE('',*,*,#9453,.T.);
#9453 = EDGE_CURVE('',#9454,#9367,#9456,.T.);
#9454 = VERTEX_POINT('',#9455);
#9455 = CARTESIAN_POINT('',(0.625,-1.194000005722,5.099999904633E-02));
#9456 = SURFACE_CURVE('',#9457,(#9461,#9468),.PCURVE_S1.);
#9457 = LINE('',#9458,#9459);
#9458 = CARTESIAN_POINT('',(0.625,-1.194000005722,5.099999904633E-02));
#9459 = VECTOR('',#9460,1.);
#9460 = DIRECTION('',(-1.,0.,0.));
#9461 = PCURVE('',#9387,#9462);
#9462 = DEFINITIONAL_REPRESENTATION('',(#9463),#9467);
#9463 = LINE('',#9464,#9465);
#9464 = CARTESIAN_POINT('',(-1.403724373654E-02,0.113537244213));
#9465 = VECTOR('',#9466,1.);
#9466 = DIRECTION('',(0.,-1.));
#9467 = ( GEOMETRIC_REPRESENTATION_CONTEXT(2) 
PARAMETRIC_REPRESENTATION_CONTEXT() REPRESENTATION_CONTEXT('2D SPACE',''
  ) );
#9468 = PCURVE('',#9469,#9474);
#9469 = PLANE('',#9470);
#9470 = AXIS2_PLACEMENT_3D('',#9471,#9472,#9473);
#9471 = CARTESIAN_POINT('',(0.452943190274,-1.003556803527,
    5.099999904633E-02));
#9472 = DIRECTION('',(0.,0.,1.));
#9473 = DIRECTION('',(1.,0.,-0.));
#9474 = DEFINITIONAL_REPRESENTATION('',(#9475),#9478);
#9475 = B_SPLINE_CURVE_WITH_KNOTS('',1,(#9476,#9477),.UNSPECIFIED.,.F.,
  .F.,(2,2),(0.,0.25),.PIECEWISE_BEZIER_KNOTS.);
#9476 = CARTESIAN_POINT('',(0.172056809726,-0.190443202195));
#9477 = CARTESIAN_POINT('',(-7.794319027396E-02,-0.190443202195));
#9478 = ( GEOMETRIC_REPRESENTATION_CONTEXT(2) 
PARAMETRIC_REPRESENTATION_CONTEXT() REPRESENTATION_CONTEXT('2D SPACE',''
  ) );
#9479 = ORIENTED_EDGE('',*,*,#9364,.F.);
#9480 = ORIENTED_EDGE('',*,*,#9481,.T.);
#9481 = EDGE_CURVE('',#9365,#9454,#9482,.T.);
#9482 = SURFACE_CURVE('',#9483,(#9487,#9494),.PCURVE_S1.);
#9483 = LINE('',#9484,#9485);
#9484 = CARTESIAN_POINT('',(0.625,-1.194000005722,0.));
#9485 = VECTOR('',#9486,1.);
#9486 = DIRECTION('',(0.,0.,1.));
#9487 = PCURVE('',#9387,#9488);
#9488 = DEFINITIONAL_REPRESENTATION('',(#9489),#9493);
#9489 = LINE('',#9490,#9491);
#9490 = CARTESIAN_POINT('',(3.696275530979E-02,0.113537244213));
#9491 = VECTOR('',#9492,1.);
#9492 = DIRECTION('',(-1.,-6.492478220635E-61));
#9493 = ( GEOMETRIC_REPRESENTATION_CONTEXT(2) 
PARAMETRIC_REPRESENTATION_CONTEXT() REPRESENTATION_CONTEXT('2D SPACE',''
  ) );
#9494 = PCURVE('',#9495,#9500);
#9495 = PLANE('',#9496);
#9496 = AXIS2_PLACEMENT_3D('',#9497,#9498,#9499);
#9497 = CARTESIAN_POINT('',(0.625,-0.968567481298,1.343251202597E-02));
#9498 = DIRECTION('',(1.,0.,0.));
#9499 = DIRECTION('',(-0.,0.,1.));
#9500 = DEFINITIONAL_REPRESENTATION('',(#9501),#9504);
#9501 = B_SPLINE_CURVE_WITH_KNOTS('',1,(#9502,#9503),.UNSPECIFIED.,.F.,
  .F.,(2,2),(0.,5.099999904633E-02),.PIECEWISE_BEZIER_KNOTS.);
#9502 = CARTESIAN_POINT('',(-1.343251202597E-02,0.225432524424));
#9503 = CARTESIAN_POINT('',(3.756748702035E-02,0.225432524424));
#9504 = ( GEOMETRIC_REPRESENTATION_CONTEXT(2) 
PARAMETRIC_REPRESENTATION_CONTEXT() REPRESENTATION_CONTEXT('2D SPACE',''
  ) );
#9505 = ADVANCED_FACE('',(#9506),#9495,.T.);
#9506 = FACE_BOUND('',#9507,.T.);
#9507 = EDGE_LOOP('',(#9508,#9535,#9536));
#9508 = ORIENTED_EDGE('',*,*,#9509,.T.);
#9509 = EDGE_CURVE('',#9510,#9454,#9512,.T.);
#9510 = VERTEX_POINT('',#9511);
#9511 = CARTESIAN_POINT('',(0.625,-0.71899998188,0.));
#9512 = SURFACE_CURVE('',#9513,(#9517,#9524),.PCURVE_S1.);
#9513 = LINE('',#9514,#9515);
#9514 = CARTESIAN_POINT('',(0.625,-0.71899998188,0.));
#9515 = VECTOR('',#9516,1.);
#9516 = DIRECTION('',(0.,-0.994285373242,0.106754843246));
#9517 = PCURVE('',#9495,#9518);
#9518 = DEFINITIONAL_REPRESENTATION('',(#9519),#9523);
#9519 = LINE('',#9520,#9521);
#9520 = CARTESIAN_POINT('',(-1.343251202597E-02,-0.249567499418));
#9521 = VECTOR('',#9522,1.);
#9522 = DIRECTION('',(0.106754843246,0.994285373242));
#9523 = ( GEOMETRIC_REPRESENTATION_CONTEXT(2) 
PARAMETRIC_REPRESENTATION_CONTEXT() REPRESENTATION_CONTEXT('2D SPACE',''
  ) );
#9524 = PCURVE('',#9525,#9530);
#9525 = PLANE('',#9526);
#9526 = AXIS2_PLACEMENT_3D('',#9527,#9528,#9529);
#9527 = CARTESIAN_POINT('',(0.625,-0.944432506304,3.756748702035E-02));
#9528 = DIRECTION('',(1.,0.,0.));
#9529 = DIRECTION('',(-0.,0.,1.));
#9530 = DEFINITIONAL_REPRESENTATION('',(#9531),#9534);
#9531 = B_SPLINE_CURVE_WITH_KNOTS('',1,(#9532,#9533),.UNSPECIFIED.,.F.,
  .F.,(2,2),(0.,0.477730072899),.PIECEWISE_BEZIER_KNOTS.);
#9532 = CARTESIAN_POINT('',(-3.756748702035E-02,-0.225432524424));
#9533 = CARTESIAN_POINT('',(1.343251202597E-02,0.249567499418));
#9534 = ( GEOMETRIC_REPRESENTATION_CONTEXT(2) 
PARAMETRIC_REPRESENTATION_CONTEXT() REPRESENTATION_CONTEXT('2D SPACE',''
  ) );
#9535 = ORIENTED_EDGE('',*,*,#9481,.F.);
#9536 = ORIENTED_EDGE('',*,*,#9537,.T.);
#9537 = EDGE_CURVE('',#9365,#9510,#9538,.T.);
#9538 = SURFACE_CURVE('',#9539,(#9543,#9550),.PCURVE_S1.);
#9539 = LINE('',#9540,#9541);
#9540 = CARTESIAN_POINT('',(0.625,-1.194000005722,0.));
#9541 = VECTOR('',#9542,1.);
#9542 = DIRECTION('',(0.,1.,0.));
#9543 = PCURVE('',#9495,#9544);
#9544 = DEFINITIONAL_REPRESENTATION('',(#9545),#9549);
#9545 = LINE('',#9546,#9547);
#9546 = CARTESIAN_POINT('',(-1.343251202597E-02,0.225432524424));
#9547 = VECTOR('',#9548,1.);
#9548 = DIRECTION('',(0.,-1.));
#9549 = ( GEOMETRIC_REPRESENTATION_CONTEXT(2) 
PARAMETRIC_REPRESENTATION_CONTEXT() REPRESENTATION_CONTEXT('2D SPACE',''
  ) );
#9550 = PCURVE('',#9439,#9551);
#9551 = DEFINITIONAL_REPRESENTATION('',(#9552),#9555);
#9552 = B_SPLINE_CURVE_WITH_KNOTS('',1,(#9553,#9554),.UNSPECIFIED.,.F.,
  .F.,(2,2),(0.,0.475000023842),.PIECEWISE_BEZIER_KNOTS.);
#9553 = CARTESIAN_POINT('',(-7.794319027396E-02,-0.190443202195));
#9554 = CARTESIAN_POINT('',(-7.794319027396E-02,0.284556821647));
#9555 = ( GEOMETRIC_REPRESENTATION_CONTEXT(2) 
PARAMETRIC_REPRESENTATION_CONTEXT() REPRESENTATION_CONTEXT('2D SPACE',''
  ) );
#9556 = ADVANCED_FACE('',(#9557),#9525,.T.);
#9557 = FACE_BOUND('',#9558,.T.);
#9558 = EDGE_LOOP('',(#9559,#9586,#9587));
#9559 = ORIENTED_EDGE('',*,*,#9560,.T.);
#9560 = EDGE_CURVE('',#9561,#9454,#9563,.T.);
#9561 = VERTEX_POINT('',#9562);
#9562 = CARTESIAN_POINT('',(0.625,-0.71899998188,5.099999904633E-02));
#9563 = SURFACE_CURVE('',#9564,(#9568,#9575),.PCURVE_S1.);
#9564 = LINE('',#9565,#9566);
#9565 = CARTESIAN_POINT('',(0.625,-0.71899998188,5.099999904633E-02));
#9566 = VECTOR('',#9567,1.);
#9567 = DIRECTION('',(0.,-1.,0.));
#9568 = PCURVE('',#9525,#9569);
#9569 = DEFINITIONAL_REPRESENTATION('',(#9570),#9574);
#9570 = LINE('',#9571,#9572);
#9571 = CARTESIAN_POINT('',(1.343251202597E-02,-0.225432524424));
#9572 = VECTOR('',#9573,1.);
#9573 = DIRECTION('',(0.,1.));
#9574 = ( GEOMETRIC_REPRESENTATION_CONTEXT(2) 
PARAMETRIC_REPRESENTATION_CONTEXT() REPRESENTATION_CONTEXT('2D SPACE',''
  ) );
#9575 = PCURVE('',#9576,#9581);
#9576 = PLANE('',#9577);
#9577 = AXIS2_PLACEMENT_3D('',#9578,#9579,#9580);
#9578 = CARTESIAN_POINT('',(0.547056809726,-0.909443184075,
    5.099999904633E-02));
#9579 = DIRECTION('',(0.,0.,1.));
#9580 = DIRECTION('',(1.,0.,-0.));
#9581 = DEFINITIONAL_REPRESENTATION('',(#9582),#9585);
#9582 = B_SPLINE_CURVE_WITH_KNOTS('',1,(#9583,#9584),.UNSPECIFIED.,.F.,
  .F.,(2,2),(0.,0.475000023842),.PIECEWISE_BEZIER_KNOTS.);
#9583 = CARTESIAN_POINT('',(7.794319027396E-02,0.190443202195));
#9584 = CARTESIAN_POINT('',(7.794319027396E-02,-0.284556821647));
#9585 = ( GEOMETRIC_REPRESENTATION_CONTEXT(2) 
PARAMETRIC_REPRESENTATION_CONTEXT() REPRESENTATION_CONTEXT('2D SPACE',''
  ) );
#9586 = ORIENTED_EDGE('',*,*,#9509,.F.);
#9587 = ORIENTED_EDGE('',*,*,#9588,.T.);
#9588 = EDGE_CURVE('',#9510,#9561,#9589,.T.);
#9589 = SURFACE_CURVE('',#9590,(#9594,#9601),.PCURVE_S1.);
#9590 = LINE('',#9591,#9592);
#9591 = CARTESIAN_POINT('',(0.625,-0.71899998188,0.));
#9592 = VECTOR('',#9593,1.);
#9593 = DIRECTION('',(0.,0.,1.));
#9594 = PCURVE('',#9525,#9595);
#9595 = DEFINITIONAL_REPRESENTATION('',(#9596),#9600);
#9596 = LINE('',#9597,#9598);
#9597 = CARTESIAN_POINT('',(-3.756748702035E-02,-0.225432524424));
#9598 = VECTOR('',#9599,1.);
#9599 = DIRECTION('',(1.,0.));
#9600 = ( GEOMETRIC_REPRESENTATION_CONTEXT(2) 
PARAMETRIC_REPRESENTATION_CONTEXT() REPRESENTATION_CONTEXT('2D SPACE',''
  ) );
#9601 = PCURVE('',#9602,#9607);
#9602 = PLANE('',#9603);
#9603 = AXIS2_PLACEMENT_3D('',#9604,#9605,#9606);
#9604 = CARTESIAN_POINT('',(0.511462755787,-0.71899998188,
    1.403724373654E-02));
#9605 = DIRECTION('',(9.23052940626E-32,1.,-4.538241252566E-31));
#9606 = DIRECTION('',(0.,4.538241252566E-31,1.));
#9607 = DEFINITIONAL_REPRESENTATION('',(#9608),#9611);
#9608 = B_SPLINE_CURVE_WITH_KNOTS('',1,(#9609,#9610),.UNSPECIFIED.,.F.,
  .F.,(2,2),(0.,5.099999904633E-02),.PIECEWISE_BEZIER_KNOTS.);
#9609 = CARTESIAN_POINT('',(-1.403724373654E-02,0.113537244213));
#9610 = CARTESIAN_POINT('',(3.696275530979E-02,0.113537244213));
#9611 = ( GEOMETRIC_REPRESENTATION_CONTEXT(2) 
PARAMETRIC_REPRESENTATION_CONTEXT() REPRESENTATION_CONTEXT('2D SPACE',''
  ) );
#9612 = ADVANCED_FACE('',(#9613),#9602,.T.);
#9613 = FACE_BOUND('',#9614,.T.);
#9614 = EDGE_LOOP('',(#9615,#9642,#9643));
#9615 = ORIENTED_EDGE('',*,*,#9616,.T.);
#9616 = EDGE_CURVE('',#9617,#9561,#9619,.T.);
#9617 = VERTEX_POINT('',#9618);
#9618 = CARTESIAN_POINT('',(0.375,-0.71899998188,0.));
#9619 = SURFACE_CURVE('',#9620,(#9624,#9631),.PCURVE_S1.);
#9620 = LINE('',#9621,#9622);
#9621 = CARTESIAN_POINT('',(0.375,-0.71899998188,0.));
#9622 = VECTOR('',#9623,1.);
#9623 = DIRECTION('',(0.979819727351,0.,0.199883220642));
#9624 = PCURVE('',#9602,#9625);
#9625 = DEFINITIONAL_REPRESENTATION('',(#9626),#9630);
#9626 = LINE('',#9627,#9628);
#9627 = CARTESIAN_POINT('',(-1.403724373654E-02,-0.136462755787));
#9628 = VECTOR('',#9629,1.);
#9629 = DIRECTION('',(0.199883220642,0.979819727351));
#9630 = ( GEOMETRIC_REPRESENTATION_CONTEXT(2) 
PARAMETRIC_REPRESENTATION_CONTEXT() REPRESENTATION_CONTEXT('2D SPACE',''
  ) );
#9631 = PCURVE('',#9632,#9637);
#9632 = PLANE('',#9633);
#9633 = AXIS2_PLACEMENT_3D('',#9634,#9635,#9636);
#9634 = CARTESIAN_POINT('',(0.488537244213,-0.71899998188,
    3.696275530979E-02));
#9635 = DIRECTION('',(1.132330620993E-31,1.,-1.433432537341E-30));
#9636 = DIRECTION('',(0.,1.433432537341E-30,1.));
#9637 = DEFINITIONAL_REPRESENTATION('',(#9638),#9641);
#9638 = B_SPLINE_CURVE_WITH_KNOTS('',1,(#9639,#9640),.UNSPECIFIED.,.F.,
  .F.,(2,2),(0.,0.2551489759),.PIECEWISE_BEZIER_KNOTS.);
#9639 = CARTESIAN_POINT('',(-3.696275530979E-02,-0.113537244213));
#9640 = CARTESIAN_POINT('',(1.403724373654E-02,0.136462755787));
#9641 = ( GEOMETRIC_REPRESENTATION_CONTEXT(2) 
PARAMETRIC_REPRESENTATION_CONTEXT() REPRESENTATION_CONTEXT('2D SPACE',''
  ) );
#9642 = ORIENTED_EDGE('',*,*,#9588,.F.);
#9643 = ORIENTED_EDGE('',*,*,#9644,.T.);
#9644 = EDGE_CURVE('',#9510,#9617,#9645,.T.);
#9645 = SURFACE_CURVE('',#9646,(#9650,#9657),.PCURVE_S1.);
#9646 = LINE('',#9647,#9648);
#9647 = CARTESIAN_POINT('',(0.625,-0.71899998188,0.));
#9648 = VECTOR('',#9649,1.);
#9649 = DIRECTION('',(-1.,0.,0.));
#9650 = PCURVE('',#9602,#9651);
#9651 = DEFINITIONAL_REPRESENTATION('',(#9652),#9656);
#9652 = LINE('',#9653,#9654);
#9653 = CARTESIAN_POINT('',(-1.403724373654E-02,0.113537244213));
#9654 = VECTOR('',#9655,1.);
#9655 = DIRECTION('',(0.,-1.));
#9656 = ( GEOMETRIC_REPRESENTATION_CONTEXT(2) 
PARAMETRIC_REPRESENTATION_CONTEXT() REPRESENTATION_CONTEXT('2D SPACE',''
  ) );
#9657 = PCURVE('',#9658,#9663);
#9658 = PLANE('',#9659);
#9659 = AXIS2_PLACEMENT_3D('',#9660,#9661,#9662);
#9660 = CARTESIAN_POINT('',(0.452943190274,-0.909443184075,0.));
#9661 = DIRECTION('',(-0.,-0.,-1.));
#9662 = DIRECTION('',(-1.,0.,0.));
#9663 = DEFINITIONAL_REPRESENTATION('',(#9664),#9667);
#9664 = B_SPLINE_CURVE_WITH_KNOTS('',1,(#9665,#9666),.UNSPECIFIED.,.F.,
  .F.,(2,2),(0.,0.25),.PIECEWISE_BEZIER_KNOTS.);
#9665 = CARTESIAN_POINT('',(-0.172056809726,0.190443202195));
#9666 = CARTESIAN_POINT('',(7.794319027396E-02,0.190443202195));
#9667 = ( GEOMETRIC_REPRESENTATION_CONTEXT(2) 
PARAMETRIC_REPRESENTATION_CONTEXT() REPRESENTATION_CONTEXT('2D SPACE',''
  ) );
#9668 = ADVANCED_FACE('',(#9669),#9632,.T.);
#9669 = FACE_BOUND('',#9670,.T.);
#9670 = EDGE_LOOP('',(#9671,#9693,#9694));
#9671 = ORIENTED_EDGE('',*,*,#9672,.T.);
#9672 = EDGE_CURVE('',#9673,#9561,#9675,.T.);
#9673 = VERTEX_POINT('',#9674);
#9674 = CARTESIAN_POINT('',(0.375,-0.71899998188,5.099999904633E-02));
#9675 = SURFACE_CURVE('',#9676,(#9680,#9687),.PCURVE_S1.);
#9676 = LINE('',#9677,#9678);
#9677 = CARTESIAN_POINT('',(0.375,-0.71899998188,5.099999904633E-02));
#9678 = VECTOR('',#9679,1.);
#9679 = DIRECTION('',(1.,0.,0.));
#9680 = PCURVE('',#9632,#9681);
#9681 = DEFINITIONAL_REPRESENTATION('',(#9682),#9686);
#9682 = LINE('',#9683,#9684);
#9683 = CARTESIAN_POINT('',(1.403724373654E-02,-0.113537244213));
#9684 = VECTOR('',#9685,1.);
#9685 = DIRECTION('',(0.,1.));
#9686 = ( GEOMETRIC_REPRESENTATION_CONTEXT(2) 
PARAMETRIC_REPRESENTATION_CONTEXT() REPRESENTATION_CONTEXT('2D SPACE',''
  ) );
#9687 = PCURVE('',#9576,#9688);
#9688 = DEFINITIONAL_REPRESENTATION('',(#9689),#9692);
#9689 = B_SPLINE_CURVE_WITH_KNOTS('',1,(#9690,#9691),.UNSPECIFIED.,.F.,
  .F.,(2,2),(0.,0.25),.PIECEWISE_BEZIER_KNOTS.);
#9690 = CARTESIAN_POINT('',(-0.172056809726,0.190443202195));
#9691 = CARTESIAN_POINT('',(7.794319027396E-02,0.190443202195));
#9692 = ( GEOMETRIC_REPRESENTATION_CONTEXT(2) 
PARAMETRIC_REPRESENTATION_CONTEXT() REPRESENTATION_CONTEXT('2D SPACE',''
  ) );
#9693 = ORIENTED_EDGE('',*,*,#9616,.F.);
#9694 = ORIENTED_EDGE('',*,*,#9695,.T.);
#9695 = EDGE_CURVE('',#9617,#9673,#9696,.T.);
#9696 = SURFACE_CURVE('',#9697,(#9701,#9708),.PCURVE_S1.);
#9697 = LINE('',#9698,#9699);
#9698 = CARTESIAN_POINT('',(0.375,-0.71899998188,0.));
#9699 = VECTOR('',#9700,1.);
#9700 = DIRECTION('',(0.,0.,1.));
#9701 = PCURVE('',#9632,#9702);
#9702 = DEFINITIONAL_REPRESENTATION('',(#9703),#9707);
#9703 = LINE('',#9704,#9705);
#9704 = CARTESIAN_POINT('',(-3.696275530979E-02,-0.113537244213));
#9705 = VECTOR('',#9706,1.);
#9706 = DIRECTION('',(1.,1.623119555159E-61));
#9707 = ( GEOMETRIC_REPRESENTATION_CONTEXT(2) 
PARAMETRIC_REPRESENTATION_CONTEXT() REPRESENTATION_CONTEXT('2D SPACE',''
  ) );
#9708 = PCURVE('',#9709,#9714);
#9709 = PLANE('',#9710);
#9710 = AXIS2_PLACEMENT_3D('',#9711,#9712,#9713);
#9711 = CARTESIAN_POINT('',(0.375,-0.944432506304,1.343251202597E-02));
#9712 = DIRECTION('',(-1.,-1.468036155798E-31,1.153405393367E-30));
#9713 = DIRECTION('',(-1.153405393367E-30,0.,-1.));
#9714 = DEFINITIONAL_REPRESENTATION('',(#9715),#9718);
#9715 = B_SPLINE_CURVE_WITH_KNOTS('',1,(#9716,#9717),.UNSPECIFIED.,.F.,
  .F.,(2,2),(0.,5.099999904633E-02),.PIECEWISE_BEZIER_KNOTS.);
#9716 = CARTESIAN_POINT('',(1.343251202597E-02,-0.225432524424));
#9717 = CARTESIAN_POINT('',(-3.756748702035E-02,-0.225432524424));
#9718 = ( GEOMETRIC_REPRESENTATION_CONTEXT(2) 
PARAMETRIC_REPRESENTATION_CONTEXT() REPRESENTATION_CONTEXT('2D SPACE',''
  ) );
#9719 = ADVANCED_FACE('',(#9720),#9709,.T.);
#9720 = FACE_BOUND('',#9721,.T.);
#9721 = EDGE_LOOP('',(#9722,#9742,#9743));
#9722 = ORIENTED_EDGE('',*,*,#9723,.T.);
#9723 = EDGE_CURVE('',#9399,#9673,#9724,.T.);
#9724 = SURFACE_CURVE('',#9725,(#9729,#9736),.PCURVE_S1.);
#9725 = LINE('',#9726,#9727);
#9726 = CARTESIAN_POINT('',(0.375,-1.194000005722,0.));
#9727 = VECTOR('',#9728,1.);
#9728 = DIRECTION('',(0.,0.994285373242,0.106754843246));
#9729 = PCURVE('',#9709,#9730);
#9730 = DEFINITIONAL_REPRESENTATION('',(#9731),#9735);
#9731 = LINE('',#9732,#9733);
#9732 = CARTESIAN_POINT('',(1.343251202597E-02,0.249567499418));
#9733 = VECTOR('',#9734,1.);
#9734 = DIRECTION('',(-0.106754843246,-0.994285373242));
#9735 = ( GEOMETRIC_REPRESENTATION_CONTEXT(2) 
PARAMETRIC_REPRESENTATION_CONTEXT() REPRESENTATION_CONTEXT('2D SPACE',''
  ) );
#9736 = PCURVE('',#9414,#9737);
#9737 = DEFINITIONAL_REPRESENTATION('',(#9738),#9741);
#9738 = B_SPLINE_CURVE_WITH_KNOTS('',1,(#9739,#9740),.UNSPECIFIED.,.F.,
  .F.,(2,2),(0.,0.477730072899),.PIECEWISE_BEZIER_KNOTS.);
#9739 = CARTESIAN_POINT('',(3.756748702035E-02,0.225432524424));
#9740 = CARTESIAN_POINT('',(-1.343251202597E-02,-0.249567499418));
#9741 = ( GEOMETRIC_REPRESENTATION_CONTEXT(2) 
PARAMETRIC_REPRESENTATION_CONTEXT() REPRESENTATION_CONTEXT('2D SPACE',''
  ) );
#9742 = ORIENTED_EDGE('',*,*,#9695,.F.);
#9743 = ORIENTED_EDGE('',*,*,#9744,.T.);
#9744 = EDGE_CURVE('',#9617,#9399,#9745,.T.);
#9745 = SURFACE_CURVE('',#9746,(#9750,#9757),.PCURVE_S1.);
#9746 = LINE('',#9747,#9748);
#9747 = CARTESIAN_POINT('',(0.375,-0.71899998188,0.));
#9748 = VECTOR('',#9749,1.);
#9749 = DIRECTION('',(0.,-1.,0.));
#9750 = PCURVE('',#9709,#9751);
#9751 = DEFINITIONAL_REPRESENTATION('',(#9752),#9756);
#9752 = LINE('',#9753,#9754);
#9753 = CARTESIAN_POINT('',(1.343251202597E-02,-0.225432524424));
#9754 = VECTOR('',#9755,1.);
#9755 = DIRECTION('',(0.,1.));
#9756 = ( GEOMETRIC_REPRESENTATION_CONTEXT(2) 
PARAMETRIC_REPRESENTATION_CONTEXT() REPRESENTATION_CONTEXT('2D SPACE',''
  ) );
#9757 = PCURVE('',#9658,#9758);
#9758 = DEFINITIONAL_REPRESENTATION('',(#9759),#9762);
#9759 = B_SPLINE_CURVE_WITH_KNOTS('',1,(#9760,#9761),.UNSPECIFIED.,.F.,
  .F.,(2,2),(0.,0.475000023842),.PIECEWISE_BEZIER_KNOTS.);
#9760 = CARTESIAN_POINT('',(7.794319027396E-02,0.190443202195));
#9761 = CARTESIAN_POINT('',(7.794319027396E-02,-0.284556821647));
#9762 = ( GEOMETRIC_REPRESENTATION_CONTEXT(2) 
PARAMETRIC_REPRESENTATION_CONTEXT() REPRESENTATION_CONTEXT('2D SPACE',''
  ) );
#9763 = ADVANCED_FACE('',(#9764),#9414,.T.);
#9764 = FACE_BOUND('',#9765,.T.);
#9765 = EDGE_LOOP('',(#9766,#9786,#9787));
#9766 = ORIENTED_EDGE('',*,*,#9767,.T.);
#9767 = EDGE_CURVE('',#9367,#9673,#9768,.T.);
#9768 = SURFACE_CURVE('',#9769,(#9773,#9780),.PCURVE_S1.);
#9769 = LINE('',#9770,#9771);
#9770 = CARTESIAN_POINT('',(0.375,-1.194000005722,5.099999904633E-02));
#9771 = VECTOR('',#9772,1.);
#9772 = DIRECTION('',(0.,1.,0.));
#9773 = PCURVE('',#9414,#9774);
#9774 = DEFINITIONAL_REPRESENTATION('',(#9775),#9779);
#9775 = LINE('',#9776,#9777);
#9776 = CARTESIAN_POINT('',(-1.343251202597E-02,0.225432524424));
#9777 = VECTOR('',#9778,1.);
#9778 = DIRECTION('',(0.,-1.));
#9779 = ( GEOMETRIC_REPRESENTATION_CONTEXT(2) 
PARAMETRIC_REPRESENTATION_CONTEXT() REPRESENTATION_CONTEXT('2D SPACE',''
  ) );
#9780 = PCURVE('',#9469,#9781);
#9781 = DEFINITIONAL_REPRESENTATION('',(#9782),#9785);
#9782 = B_SPLINE_CURVE_WITH_KNOTS('',1,(#9783,#9784),.UNSPECIFIED.,.F.,
  .F.,(2,2),(0.,0.475000023842),.PIECEWISE_BEZIER_KNOTS.);
#9783 = CARTESIAN_POINT('',(-7.794319027396E-02,-0.190443202195));
#9784 = CARTESIAN_POINT('',(-7.794319027396E-02,0.284556821647));
#9785 = ( GEOMETRIC_REPRESENTATION_CONTEXT(2) 
PARAMETRIC_REPRESENTATION_CONTEXT() REPRESENTATION_CONTEXT('2D SPACE',''
  ) );
#9786 = ORIENTED_EDGE('',*,*,#9723,.F.);
#9787 = ORIENTED_EDGE('',*,*,#9398,.F.);
#9788 = ADVANCED_FACE('',(#9789),#9439,.T.);
#9789 = FACE_BOUND('',#9790,.T.);
#9790 = EDGE_LOOP('',(#9791,#9811,#9812));
#9791 = ORIENTED_EDGE('',*,*,#9792,.T.);
#9792 = EDGE_CURVE('',#9399,#9510,#9793,.T.);
#9793 = SURFACE_CURVE('',#9794,(#9798,#9805),.PCURVE_S1.);
#9794 = LINE('',#9795,#9796);
#9795 = CARTESIAN_POINT('',(0.375,-1.194000005722,0.));
#9796 = VECTOR('',#9797,1.);
#9797 = DIRECTION('',(0.465746414526,0.884918232017,0.));
#9798 = PCURVE('',#9439,#9799);
#9799 = DEFINITIONAL_REPRESENTATION('',(#9800),#9804);
#9800 = LINE('',#9801,#9802);
#9801 = CARTESIAN_POINT('',(0.172056809726,-0.190443202195));
#9802 = VECTOR('',#9803,1.);
#9803 = DIRECTION('',(-0.465746414526,0.884918232017));
#9804 = ( GEOMETRIC_REPRESENTATION_CONTEXT(2) 
PARAMETRIC_REPRESENTATION_CONTEXT() REPRESENTATION_CONTEXT('2D SPACE',''
  ) );
#9805 = PCURVE('',#9658,#9806);
#9806 = DEFINITIONAL_REPRESENTATION('',(#9807),#9810);
#9807 = B_SPLINE_CURVE_WITH_KNOTS('',1,(#9808,#9809),.UNSPECIFIED.,.F.,
  .F.,(2,2),(0.,0.536772784938),.PIECEWISE_BEZIER_KNOTS.);
#9808 = CARTESIAN_POINT('',(7.794319027396E-02,-0.284556821647));
#9809 = CARTESIAN_POINT('',(-0.172056809726,0.190443202195));
#9810 = ( GEOMETRIC_REPRESENTATION_CONTEXT(2) 
PARAMETRIC_REPRESENTATION_CONTEXT() REPRESENTATION_CONTEXT('2D SPACE',''
  ) );
#9811 = ORIENTED_EDGE('',*,*,#9537,.F.);
#9812 = ORIENTED_EDGE('',*,*,#9425,.F.);
#9813 = ADVANCED_FACE('',(#9814),#9658,.T.);
#9814 = FACE_BOUND('',#9815,.T.);
#9815 = EDGE_LOOP('',(#9816,#9817,#9818));
#9816 = ORIENTED_EDGE('',*,*,#9644,.F.);
#9817 = ORIENTED_EDGE('',*,*,#9792,.F.);
#9818 = ORIENTED_EDGE('',*,*,#9744,.F.);
#9819 = ADVANCED_FACE('',(#9820),#9469,.T.);
#9820 = FACE_BOUND('',#9821,.T.);
#9821 = EDGE_LOOP('',(#9822,#9842,#9843));
#9822 = ORIENTED_EDGE('',*,*,#9823,.T.);
#9823 = EDGE_CURVE('',#9454,#9673,#9824,.T.);
#9824 = SURFACE_CURVE('',#9825,(#9829,#9836),.PCURVE_S1.);
#9825 = LINE('',#9826,#9827);
#9826 = CARTESIAN_POINT('',(0.625,-1.194000005722,5.099999904633E-02));
#9827 = VECTOR('',#9828,1.);
#9828 = DIRECTION('',(-0.465746414526,0.884918232017,0.));
#9829 = PCURVE('',#9469,#9830);
#9830 = DEFINITIONAL_REPRESENTATION('',(#9831),#9835);
#9831 = LINE('',#9832,#9833);
#9832 = CARTESIAN_POINT('',(0.172056809726,-0.190443202195));
#9833 = VECTOR('',#9834,1.);
#9834 = DIRECTION('',(-0.465746414526,0.884918232017));
#9835 = ( GEOMETRIC_REPRESENTATION_CONTEXT(2) 
PARAMETRIC_REPRESENTATION_CONTEXT() REPRESENTATION_CONTEXT('2D SPACE',''
  ) );
#9836 = PCURVE('',#9576,#9837);
#9837 = DEFINITIONAL_REPRESENTATION('',(#9838),#9841);
#9838 = B_SPLINE_CURVE_WITH_KNOTS('',1,(#9839,#9840),.UNSPECIFIED.,.F.,
  .F.,(2,2),(0.,0.536772784938),.PIECEWISE_BEZIER_KNOTS.);
#9839 = CARTESIAN_POINT('',(7.794319027396E-02,-0.284556821647));
#9840 = CARTESIAN_POINT('',(-0.172056809726,0.190443202195));
#9841 = ( GEOMETRIC_REPRESENTATION_CONTEXT(2) 
PARAMETRIC_REPRESENTATION_CONTEXT() REPRESENTATION_CONTEXT('2D SPACE',''
  ) );
#9842 = ORIENTED_EDGE('',*,*,#9767,.F.);
#9843 = ORIENTED_EDGE('',*,*,#9453,.F.);
#9844 = ADVANCED_FACE('',(#9845),#9576,.T.);
#9845 = FACE_BOUND('',#9846,.T.);
#9846 = EDGE_LOOP('',(#9847,#9848,#9849));
#9847 = ORIENTED_EDGE('',*,*,#9672,.F.);
#9848 = ORIENTED_EDGE('',*,*,#9823,.F.);
#9849 = ORIENTED_EDGE('',*,*,#9560,.F.);
#9850 = ( GEOMETRIC_REPRESENTATION_CONTEXT(3) 
GLOBAL_UNCERTAINTY_ASSIGNED_CONTEXT((#9854)) 
GLOBAL_UNIT_ASSIGNED_CONTEXT((#9851,#9852,#9853)) REPRESENTATION_CONTEXT
('Context #1','3D Context with UNIT and UNCERTAINTY') );
#9851 = ( LENGTH_UNIT() NAMED_UNIT(*) SI_UNIT(.MILLI.,.METRE.) );
#9852 = ( NAMED_UNIT(*) PLANE_ANGLE_UNIT() SI_UNIT($,.RADIAN.) );
#9853 = ( NAMED_UNIT(*) SI_UNIT($,.STERADIAN.) SOLID_ANGLE_UNIT() );
#9854 = UNCERTAINTY_MEASURE_WITH_UNIT(LENGTH_MEASURE(1.E-07),#9851,
  'distance_accuracy_value','confusion accuracy');
#9855 = SHAPE_DEFINITION_REPRESENTATION(#9856,#9357);
#9856 = PRODUCT_DEFINITION_SHAPE('','',#9857);
#9857 = PRODUCT_DEFINITION('design','',#9858,#9861);
#9858 = PRODUCT_DEFINITION_FORMATION('','',#9859);
#9859 = PRODUCT(' STEP translator 7.5 1.9',
  ' STEP translator 7.5 1.9','',(#9860));
#9860 = PRODUCT_CONTEXT('',#2,'mechanical');
#9861 = PRODUCT_DEFINITION_CONTEXT('part definition',#2,'design');
#9862 = CONTEXT_DEPENDENT_SHAPE_REPRESENTATION(#9863,#9865);
#9863 = ( REPRESENTATION_RELATIONSHIP('','',#9357,#10) 
REPRESENTATION_RELATIONSHIP_WITH_TRANSFORMATION(#9864) 
SHAPE_REPRESENTATION_RELATIONSHIP() );
#9864 = ITEM_DEFINED_TRANSFORMATION('','',#11,#47);
#9865 = PRODUCT_DEFINITION_SHAPE('Placement','Placement of an item',
  #9866);
#9866 = NEXT_ASSEMBLY_USAGE_OCCURRENCE('9','','',#5,#9857,$);
#9867 = PRODUCT_RELATED_PRODUCT_CATEGORY('part',$,(#9859));
#9868 = MANIFOLD_SURFACE_SHAPE_REPRESENTATION('',(#11,#9869),#10361);
#9869 = SHELL_BASED_SURFACE_MODEL('',(#9870));
#9870 = CLOSED_SHELL('',(#9871,#9960,#10016,#10067,#10123,#10179,#10230,
    #10274,#10299,#10324,#10330,#10355));
#9871 = ADVANCED_FACE('',(#9872),#9886,.T.);
#9872 = FACE_BOUND('',#9873,.T.);
#9873 = EDGE_LOOP('',(#9874,#9908,#9935));
#9874 = ORIENTED_EDGE('',*,*,#9875,.T.);
#9875 = EDGE_CURVE('',#9876,#9878,#9880,.T.);
#9876 = VERTEX_POINT('',#9877);
#9877 = CARTESIAN_POINT('',(1.447999954224,-0.875,0.));
#9878 = VERTEX_POINT('',#9879);
#9879 = CARTESIAN_POINT('',(0.972999989986,-0.875,5.099999904633E-02));
#9880 = SURFACE_CURVE('',#9881,(#9885,#9897),.PCURVE_S1.);
#9881 = LINE('',#9882,#9883);
#9882 = CARTESIAN_POINT('',(1.447999954224,-0.875,0.));
#9883 = VECTOR('',#9884,1.);
#9884 = DIRECTION('',(-0.99428537182,0.,0.106754856489));
#9885 = PCURVE('',#9886,#9891);
#9886 = PLANE('',#9887);
#9887 = AXIS2_PLACEMENT_3D('',#9888,#9889,#9890);
#9888 = CARTESIAN_POINT('',(1.198432484693,-0.875,1.343251211113E-02));
#9889 = DIRECTION('',(-0.,-1.,-0.));
#9890 = DIRECTION('',(0.,0.,-1.));
#9891 = DEFINITIONAL_REPRESENTATION('',(#9892),#9896);
#9892 = LINE('',#9893,#9894);
#9893 = CARTESIAN_POINT('',(1.343251211113E-02,0.249567469531));
#9894 = VECTOR('',#9895,1.);
#9895 = DIRECTION('',(-0.106754856489,-0.99428537182));
#9896 = ( GEOMETRIC_REPRESENTATION_CONTEXT(2) 
PARAMETRIC_REPRESENTATION_CONTEXT() REPRESENTATION_CONTEXT('2D SPACE',''
  ) );
#9897 = PCURVE('',#9898,#9903);
#9898 = PLANE('',#9899);
#9899 = AXIS2_PLACEMENT_3D('',#9900,#9901,#9902);
#9900 = CARTESIAN_POINT('',(1.222567459517,-0.875,3.75674869352E-02));
#9901 = DIRECTION('',(-0.,-1.,-0.));
#9902 = DIRECTION('',(0.,0.,-1.));
#9903 = DEFINITIONAL_REPRESENTATION('',(#9904),#9907);
#9904 = B_SPLINE_CURVE_WITH_KNOTS('',1,(#9905,#9906),.UNSPECIFIED.,.F.,
  .F.,(2,2),(0.,0.477730013635),.PIECEWISE_BEZIER_KNOTS.);
#9905 = CARTESIAN_POINT('',(3.75674869352E-02,0.225432494707));
#9906 = CARTESIAN_POINT('',(-1.343251211113E-02,-0.249567469531));
#9907 = ( GEOMETRIC_REPRESENTATION_CONTEXT(2) 
PARAMETRIC_REPRESENTATION_CONTEXT() REPRESENTATION_CONTEXT('2D SPACE',''
  ) );
#9908 = ORIENTED_EDGE('',*,*,#9909,.T.);
#9909 = EDGE_CURVE('',#9878,#9910,#9912,.T.);
#9910 = VERTEX_POINT('',#9911);
#9911 = CARTESIAN_POINT('',(0.972999989986,-0.875,0.));
#9912 = SURFACE_CURVE('',#9913,(#9917,#9924),.PCURVE_S1.);
#9913 = LINE('',#9914,#9915);
#9914 = CARTESIAN_POINT('',(0.972999989986,-0.875,5.099999904633E-02));
#9915 = VECTOR('',#9916,1.);
#9916 = DIRECTION('',(0.,0.,-1.));
#9917 = PCURVE('',#9886,#9918);
#9918 = DEFINITIONAL_REPRESENTATION('',(#9919),#9923);
#9919 = LINE('',#9920,#9921);
#9920 = CARTESIAN_POINT('',(-3.75674869352E-02,-0.225432494707));
#9921 = VECTOR('',#9922,1.);
#9922 = DIRECTION('',(1.,0.));
#9923 = ( GEOMETRIC_REPRESENTATION_CONTEXT(2) 
PARAMETRIC_REPRESENTATION_CONTEXT() REPRESENTATION_CONTEXT('2D SPACE',''
  ) );
#9924 = PCURVE('',#9925,#9930);
#9925 = PLANE('',#9926);
#9926 = AXIS2_PLACEMENT_3D('',#9927,#9928,#9929);
#9927 = CARTESIAN_POINT('',(0.972999989986,-0.761462755787,
    3.696275530979E-02));
#9928 = DIRECTION('',(-1.,-0.,-0.));
#9929 = DIRECTION('',(0.,0.,-1.));
#9930 = DEFINITIONAL_REPRESENTATION('',(#9931),#9934);
#9931 = B_SPLINE_CURVE_WITH_KNOTS('',1,(#9932,#9933),.UNSPECIFIED.,.F.,
  .F.,(2,2),(0.,5.099999904633E-02),.PIECEWISE_BEZIER_KNOTS.);
#9932 = CARTESIAN_POINT('',(-1.403724373654E-02,0.113537244213));
#9933 = CARTESIAN_POINT('',(3.696275530979E-02,0.113537244213));
#9934 = ( GEOMETRIC_REPRESENTATION_CONTEXT(2) 
PARAMETRIC_REPRESENTATION_CONTEXT() REPRESENTATION_CONTEXT('2D SPACE',''
  ) );
#9935 = ORIENTED_EDGE('',*,*,#9936,.T.);
#9936 = EDGE_CURVE('',#9910,#9876,#9937,.T.);
#9937 = SURFACE_CURVE('',#9938,(#9942,#9949),.PCURVE_S1.);
#9938 = LINE('',#9939,#9940);
#9939 = CARTESIAN_POINT('',(0.972999989986,-0.875,0.));
#9940 = VECTOR('',#9941,1.);
#9941 = DIRECTION('',(1.,0.,0.));
#9942 = PCURVE('',#9886,#9943);
#9943 = DEFINITIONAL_REPRESENTATION('',(#9944),#9948);
#9944 = LINE('',#9945,#9946);
#9945 = CARTESIAN_POINT('',(1.343251211113E-02,-0.225432494707));
#9946 = VECTOR('',#9947,1.);
#9947 = DIRECTION('',(0.,1.));
#9948 = ( GEOMETRIC_REPRESENTATION_CONTEXT(2) 
PARAMETRIC_REPRESENTATION_CONTEXT() REPRESENTATION_CONTEXT('2D SPACE',''
  ) );
#9949 = PCURVE('',#9950,#9955);
#9950 = PLANE('',#9951);
#9951 = AXIS2_PLACEMENT_3D('',#9952,#9953,#9954);
#9952 = CARTESIAN_POINT('',(1.257556780116,-0.797056808011,0.));
#9953 = DIRECTION('',(-0.,-0.,-1.));
#9954 = DIRECTION('',(-1.,0.,0.));
#9955 = DEFINITIONAL_REPRESENTATION('',(#9956),#9959);
#9956 = B_SPLINE_CURVE_WITH_KNOTS('',1,(#9957,#9958),.UNSPECIFIED.,.F.,
  .F.,(2,2),(0.,0.474999964237),.PIECEWISE_BEZIER_KNOTS.);
#9957 = CARTESIAN_POINT('',(0.28455679013,-7.794319198881E-02));
#9958 = CARTESIAN_POINT('',(-0.190443174107,-7.794319198881E-02));
#9959 = ( GEOMETRIC_REPRESENTATION_CONTEXT(2) 
PARAMETRIC_REPRESENTATION_CONTEXT() REPRESENTATION_CONTEXT('2D SPACE',''
  ) );
#9960 = ADVANCED_FACE('',(#9961),#9898,.T.);
#9961 = FACE_BOUND('',#9962,.T.);
#9962 = EDGE_LOOP('',(#9963,#9990,#9991));
#9963 = ORIENTED_EDGE('',*,*,#9964,.T.);
#9964 = EDGE_CURVE('',#9965,#9878,#9967,.T.);
#9965 = VERTEX_POINT('',#9966);
#9966 = CARTESIAN_POINT('',(1.447999954224,-0.875,5.099999904633E-02));
#9967 = SURFACE_CURVE('',#9968,(#9972,#9979),.PCURVE_S1.);
#9968 = LINE('',#9969,#9970);
#9969 = CARTESIAN_POINT('',(1.447999954224,-0.875,5.099999904633E-02));
#9970 = VECTOR('',#9971,1.);
#9971 = DIRECTION('',(-1.,0.,0.));
#9972 = PCURVE('',#9898,#9973);
#9973 = DEFINITIONAL_REPRESENTATION('',(#9974),#9978);
#9974 = LINE('',#9975,#9976);
#9975 = CARTESIAN_POINT('',(-1.343251211113E-02,0.225432494707));
#9976 = VECTOR('',#9977,1.);
#9977 = DIRECTION('',(0.,-1.));
#9978 = ( GEOMETRIC_REPRESENTATION_CONTEXT(2) 
PARAMETRIC_REPRESENTATION_CONTEXT() REPRESENTATION_CONTEXT('2D SPACE',''
  ) );
#9979 = PCURVE('',#9980,#9985);
#9980 = PLANE('',#9981);
#9981 = AXIS2_PLACEMENT_3D('',#9982,#9983,#9984);
#9982 = CARTESIAN_POINT('',(1.163443164094,-0.797056808011,
    5.099999904633E-02));
#9983 = DIRECTION('',(0.,0.,1.));
#9984 = DIRECTION('',(1.,0.,-0.));
#9985 = DEFINITIONAL_REPRESENTATION('',(#9986),#9989);
#9986 = B_SPLINE_CURVE_WITH_KNOTS('',1,(#9987,#9988),.UNSPECIFIED.,.F.,
  .F.,(2,2),(0.,0.474999964237),.PIECEWISE_BEZIER_KNOTS.);
#9987 = CARTESIAN_POINT('',(0.28455679013,-7.794319198881E-02));
#9988 = CARTESIAN_POINT('',(-0.190443174107,-7.794319198881E-02));
#9989 = ( GEOMETRIC_REPRESENTATION_CONTEXT(2) 
PARAMETRIC_REPRESENTATION_CONTEXT() REPRESENTATION_CONTEXT('2D SPACE',''
  ) );
#9990 = ORIENTED_EDGE('',*,*,#9875,.F.);
#9991 = ORIENTED_EDGE('',*,*,#9992,.T.);
#9992 = EDGE_CURVE('',#9876,#9965,#9993,.T.);
#9993 = SURFACE_CURVE('',#9994,(#9998,#10005),.PCURVE_S1.);
#9994 = LINE('',#9995,#9996);
#9995 = CARTESIAN_POINT('',(1.447999954224,-0.875,0.));
#9996 = VECTOR('',#9997,1.);
#9997 = DIRECTION('',(0.,0.,1.));
#9998 = PCURVE('',#9898,#9999);
#9999 = DEFINITIONAL_REPRESENTATION('',(#10000),#10004);
#10000 = LINE('',#10001,#10002);
#10001 = CARTESIAN_POINT('',(3.75674869352E-02,0.225432494707));
#10002 = VECTOR('',#10003,1.);
#10003 = DIRECTION('',(-1.,0.));
#10004 = ( GEOMETRIC_REPRESENTATION_CONTEXT(2) 
PARAMETRIC_REPRESENTATION_CONTEXT() REPRESENTATION_CONTEXT('2D SPACE',''
  ) );
#10005 = PCURVE('',#10006,#10011);
#10006 = PLANE('',#10007);
#10007 = AXIS2_PLACEMENT_3D('',#10008,#10009,#10010);
#10008 = CARTESIAN_POINT('',(1.447999954224,-0.761462755787,
    1.403724373654E-02));
#10009 = DIRECTION('',(1.,0.,0.));
#10010 = DIRECTION('',(-0.,0.,1.));
#10011 = DEFINITIONAL_REPRESENTATION('',(#10012),#10015);
#10012 = B_SPLINE_CURVE_WITH_KNOTS('',1,(#10013,#10014),.UNSPECIFIED.,
  .F.,.F.,(2,2),(0.,5.099999904633E-02),.PIECEWISE_BEZIER_KNOTS.);
#10013 = CARTESIAN_POINT('',(-1.403724373654E-02,0.113537244213));
#10014 = CARTESIAN_POINT('',(3.696275530979E-02,0.113537244213));
#10015 = ( GEOMETRIC_REPRESENTATION_CONTEXT(2) 
PARAMETRIC_REPRESENTATION_CONTEXT() REPRESENTATION_CONTEXT('2D SPACE',''
  ) );
#10016 = ADVANCED_FACE('',(#10017),#10006,.T.);
#10017 = FACE_BOUND('',#10018,.T.);
#10018 = EDGE_LOOP('',(#10019,#10046,#10047));
#10019 = ORIENTED_EDGE('',*,*,#10020,.T.);
#10020 = EDGE_CURVE('',#10021,#9965,#10023,.T.);
#10021 = VERTEX_POINT('',#10022);
#10022 = CARTESIAN_POINT('',(1.447999954224,-0.625,0.));
#10023 = SURFACE_CURVE('',#10024,(#10028,#10035),.PCURVE_S1.);
#10024 = LINE('',#10025,#10026);
#10025 = CARTESIAN_POINT('',(1.447999954224,-0.625,0.));
#10026 = VECTOR('',#10027,1.);
#10027 = DIRECTION('',(0.,-0.979819727351,0.199883220642));
#10028 = PCURVE('',#10006,#10029);
#10029 = DEFINITIONAL_REPRESENTATION('',(#10030),#10034);
#10030 = LINE('',#10031,#10032);
#10031 = CARTESIAN_POINT('',(-1.403724373654E-02,-0.136462755787));
#10032 = VECTOR('',#10033,1.);
#10033 = DIRECTION('',(0.199883220642,0.979819727351));
#10034 = ( GEOMETRIC_REPRESENTATION_CONTEXT(2) 
PARAMETRIC_REPRESENTATION_CONTEXT() REPRESENTATION_CONTEXT('2D SPACE',''
  ) );
#10035 = PCURVE('',#10036,#10041);
#10036 = PLANE('',#10037);
#10037 = AXIS2_PLACEMENT_3D('',#10038,#10039,#10040);
#10038 = CARTESIAN_POINT('',(1.447999954224,-0.738537244213,
    3.696275530979E-02));
#10039 = DIRECTION('',(1.,0.,0.));
#10040 = DIRECTION('',(-0.,0.,1.));
#10041 = DEFINITIONAL_REPRESENTATION('',(#10042),#10045);
#10042 = B_SPLINE_CURVE_WITH_KNOTS('',1,(#10043,#10044),.UNSPECIFIED.,
  .F.,.F.,(2,2),(0.,0.2551489759),.PIECEWISE_BEZIER_KNOTS.);
#10043 = CARTESIAN_POINT('',(-3.696275530979E-02,-0.113537244213));
#10044 = CARTESIAN_POINT('',(1.403724373654E-02,0.136462755787));
#10045 = ( GEOMETRIC_REPRESENTATION_CONTEXT(2) 
PARAMETRIC_REPRESENTATION_CONTEXT() REPRESENTATION_CONTEXT('2D SPACE',''
  ) );
#10046 = ORIENTED_EDGE('',*,*,#9992,.F.);
#10047 = ORIENTED_EDGE('',*,*,#10048,.T.);
#10048 = EDGE_CURVE('',#9876,#10021,#10049,.T.);
#10049 = SURFACE_CURVE('',#10050,(#10054,#10061),.PCURVE_S1.);
#10050 = LINE('',#10051,#10052);
#10051 = CARTESIAN_POINT('',(1.447999954224,-0.875,0.));
#10052 = VECTOR('',#10053,1.);
#10053 = DIRECTION('',(0.,1.,0.));
#10054 = PCURVE('',#10006,#10055);
#10055 = DEFINITIONAL_REPRESENTATION('',(#10056),#10060);
#10056 = LINE('',#10057,#10058);
#10057 = CARTESIAN_POINT('',(-1.403724373654E-02,0.113537244213));
#10058 = VECTOR('',#10059,1.);
#10059 = DIRECTION('',(0.,-1.));
#10060 = ( GEOMETRIC_REPRESENTATION_CONTEXT(2) 
PARAMETRIC_REPRESENTATION_CONTEXT() REPRESENTATION_CONTEXT('2D SPACE',''
  ) );
#10061 = PCURVE('',#9950,#10062);
#10062 = DEFINITIONAL_REPRESENTATION('',(#10063),#10066);
#10063 = B_SPLINE_CURVE_WITH_KNOTS('',1,(#10064,#10065),.UNSPECIFIED.,
  .F.,.F.,(2,2),(0.,0.25),.PIECEWISE_BEZIER_KNOTS.);
#10064 = CARTESIAN_POINT('',(-0.190443174107,-7.794319198881E-02));
#10065 = CARTESIAN_POINT('',(-0.190443174107,0.172056808011));
#10066 = ( GEOMETRIC_REPRESENTATION_CONTEXT(2) 
PARAMETRIC_REPRESENTATION_CONTEXT() REPRESENTATION_CONTEXT('2D SPACE',''
  ) );
#10067 = ADVANCED_FACE('',(#10068),#10036,.T.);
#10068 = FACE_BOUND('',#10069,.T.);
#10069 = EDGE_LOOP('',(#10070,#10097,#10098));
#10070 = ORIENTED_EDGE('',*,*,#10071,.T.);
#10071 = EDGE_CURVE('',#10072,#9965,#10074,.T.);
#10072 = VERTEX_POINT('',#10073);
#10073 = CARTESIAN_POINT('',(1.447999954224,-0.625,5.099999904633E-02));
#10074 = SURFACE_CURVE('',#10075,(#10079,#10086),.PCURVE_S1.);
#10075 = LINE('',#10076,#10077);
#10076 = CARTESIAN_POINT('',(1.447999954224,-0.625,5.099999904633E-02));
#10077 = VECTOR('',#10078,1.);
#10078 = DIRECTION('',(0.,-1.,0.));
#10079 = PCURVE('',#10036,#10080);
#10080 = DEFINITIONAL_REPRESENTATION('',(#10081),#10085);
#10081 = LINE('',#10082,#10083);
#10082 = CARTESIAN_POINT('',(1.403724373654E-02,-0.113537244213));
#10083 = VECTOR('',#10084,1.);
#10084 = DIRECTION('',(0.,1.));
#10085 = ( GEOMETRIC_REPRESENTATION_CONTEXT(2) 
PARAMETRIC_REPRESENTATION_CONTEXT() REPRESENTATION_CONTEXT('2D SPACE',''
  ) );
#10086 = PCURVE('',#10087,#10092);
#10087 = PLANE('',#10088);
#10088 = AXIS2_PLACEMENT_3D('',#10089,#10090,#10091);
#10089 = CARTESIAN_POINT('',(1.257556780116,-0.702943191989,
    5.099999904633E-02));
#10090 = DIRECTION('',(0.,0.,1.));
#10091 = DIRECTION('',(1.,0.,-0.));
#10092 = DEFINITIONAL_REPRESENTATION('',(#10093),#10096);
#10093 = B_SPLINE_CURVE_WITH_KNOTS('',1,(#10094,#10095),.UNSPECIFIED.,
  .F.,.F.,(2,2),(0.,0.25),.PIECEWISE_BEZIER_KNOTS.);
#10094 = CARTESIAN_POINT('',(0.190443174107,7.794319198881E-02));
#10095 = CARTESIAN_POINT('',(0.190443174107,-0.172056808011));
#10096 = ( GEOMETRIC_REPRESENTATION_CONTEXT(2) 
PARAMETRIC_REPRESENTATION_CONTEXT() REPRESENTATION_CONTEXT('2D SPACE',''
  ) );
#10097 = ORIENTED_EDGE('',*,*,#10020,.F.);
#10098 = ORIENTED_EDGE('',*,*,#10099,.T.);
#10099 = EDGE_CURVE('',#10021,#10072,#10100,.T.);
#10100 = SURFACE_CURVE('',#10101,(#10105,#10112),.PCURVE_S1.);
#10101 = LINE('',#10102,#10103);
#10102 = CARTESIAN_POINT('',(1.447999954224,-0.625,0.));
#10103 = VECTOR('',#10104,1.);
#10104 = DIRECTION('',(0.,0.,1.));
#10105 = PCURVE('',#10036,#10106);
#10106 = DEFINITIONAL_REPRESENTATION('',(#10107),#10111);
#10107 = LINE('',#10108,#10109);
#10108 = CARTESIAN_POINT('',(-3.696275530979E-02,-0.113537244213));
#10109 = VECTOR('',#10110,1.);
#10110 = DIRECTION('',(1.,0.));
#10111 = ( GEOMETRIC_REPRESENTATION_CONTEXT(2) 
PARAMETRIC_REPRESENTATION_CONTEXT() REPRESENTATION_CONTEXT('2D SPACE',''
  ) );
#10112 = PCURVE('',#10113,#10118);
#10113 = PLANE('',#10114);
#10114 = AXIS2_PLACEMENT_3D('',#10115,#10116,#10117);
#10115 = CARTESIAN_POINT('',(1.222567459517,-0.625,1.343251211113E-02));
#10116 = DIRECTION('',(0.,1.,0.));
#10117 = DIRECTION('',(0.,-0.,1.));
#10118 = DEFINITIONAL_REPRESENTATION('',(#10119),#10122);
#10119 = B_SPLINE_CURVE_WITH_KNOTS('',1,(#10120,#10121),.UNSPECIFIED.,
  .F.,.F.,(2,2),(0.,5.099999904633E-02),.PIECEWISE_BEZIER_KNOTS.);
#10120 = CARTESIAN_POINT('',(-1.343251211113E-02,0.225432494707));
#10121 = CARTESIAN_POINT('',(3.75674869352E-02,0.225432494707));
#10122 = ( GEOMETRIC_REPRESENTATION_CONTEXT(2) 
PARAMETRIC_REPRESENTATION_CONTEXT() REPRESENTATION_CONTEXT('2D SPACE',''
  ) );
#10123 = ADVANCED_FACE('',(#10124),#10113,.T.);
#10124 = FACE_BOUND('',#10125,.T.);
#10125 = EDGE_LOOP('',(#10126,#10153,#10154));
#10126 = ORIENTED_EDGE('',*,*,#10127,.T.);
#10127 = EDGE_CURVE('',#10128,#10072,#10130,.T.);
#10128 = VERTEX_POINT('',#10129);
#10129 = CARTESIAN_POINT('',(0.972999989986,-0.625,0.));
#10130 = SURFACE_CURVE('',#10131,(#10135,#10142),.PCURVE_S1.);
#10131 = LINE('',#10132,#10133);
#10132 = CARTESIAN_POINT('',(0.972999989986,-0.625,0.));
#10133 = VECTOR('',#10134,1.);
#10134 = DIRECTION('',(0.99428537182,0.,0.106754856489));
#10135 = PCURVE('',#10113,#10136);
#10136 = DEFINITIONAL_REPRESENTATION('',(#10137),#10141);
#10137 = LINE('',#10138,#10139);
#10138 = CARTESIAN_POINT('',(-1.343251211113E-02,-0.249567469531));
#10139 = VECTOR('',#10140,1.);
#10140 = DIRECTION('',(0.106754856489,0.99428537182));
#10141 = ( GEOMETRIC_REPRESENTATION_CONTEXT(2) 
PARAMETRIC_REPRESENTATION_CONTEXT() REPRESENTATION_CONTEXT('2D SPACE',''
  ) );
#10142 = PCURVE('',#10143,#10148);
#10143 = PLANE('',#10144);
#10144 = AXIS2_PLACEMENT_3D('',#10145,#10146,#10147);
#10145 = CARTESIAN_POINT('',(1.198432484693,-0.625,3.75674869352E-02));
#10146 = DIRECTION('',(0.,1.,0.));
#10147 = DIRECTION('',(0.,-0.,1.));
#10148 = DEFINITIONAL_REPRESENTATION('',(#10149),#10152);
#10149 = B_SPLINE_CURVE_WITH_KNOTS('',1,(#10150,#10151),.UNSPECIFIED.,
  .F.,.F.,(2,2),(0.,0.477730013635),.PIECEWISE_BEZIER_KNOTS.);
#10150 = CARTESIAN_POINT('',(-3.75674869352E-02,-0.225432494707));
#10151 = CARTESIAN_POINT('',(1.343251211113E-02,0.249567469531));
#10152 = ( GEOMETRIC_REPRESENTATION_CONTEXT(2) 
PARAMETRIC_REPRESENTATION_CONTEXT() REPRESENTATION_CONTEXT('2D SPACE',''
  ) );
#10153 = ORIENTED_EDGE('',*,*,#10099,.F.);
#10154 = ORIENTED_EDGE('',*,*,#10155,.T.);
#10155 = EDGE_CURVE('',#10021,#10128,#10156,.T.);
#10156 = SURFACE_CURVE('',#10157,(#10161,#10168),.PCURVE_S1.);
#10157 = LINE('',#10158,#10159);
#10158 = CARTESIAN_POINT('',(1.447999954224,-0.625,0.));
#10159 = VECTOR('',#10160,1.);
#10160 = DIRECTION('',(-1.,0.,0.));
#10161 = PCURVE('',#10113,#10162);
#10162 = DEFINITIONAL_REPRESENTATION('',(#10163),#10167);
#10163 = LINE('',#10164,#10165);
#10164 = CARTESIAN_POINT('',(-1.343251211113E-02,0.225432494707));
#10165 = VECTOR('',#10166,1.);
#10166 = DIRECTION('',(0.,-1.));
#10167 = ( GEOMETRIC_REPRESENTATION_CONTEXT(2) 
PARAMETRIC_REPRESENTATION_CONTEXT() REPRESENTATION_CONTEXT('2D SPACE',''
  ) );
#10168 = PCURVE('',#10169,#10174);
#10169 = PLANE('',#10170);
#10170 = AXIS2_PLACEMENT_3D('',#10171,#10172,#10173);
#10171 = CARTESIAN_POINT('',(1.163443164094,-0.702943191989,0.));
#10172 = DIRECTION('',(-0.,-0.,-1.));
#10173 = DIRECTION('',(-1.,0.,0.));
#10174 = DEFINITIONAL_REPRESENTATION('',(#10175),#10178);
#10175 = B_SPLINE_CURVE_WITH_KNOTS('',1,(#10176,#10177),.UNSPECIFIED.,
  .F.,.F.,(2,2),(0.,0.474999964237),.PIECEWISE_BEZIER_KNOTS.);
#10176 = CARTESIAN_POINT('',(-0.28455679013,7.794319198881E-02));
#10177 = CARTESIAN_POINT('',(0.190443174107,7.794319198881E-02));
#10178 = ( GEOMETRIC_REPRESENTATION_CONTEXT(2) 
PARAMETRIC_REPRESENTATION_CONTEXT() REPRESENTATION_CONTEXT('2D SPACE',''
  ) );
#10179 = ADVANCED_FACE('',(#10180),#10143,.T.);
#10180 = FACE_BOUND('',#10181,.T.);
#10181 = EDGE_LOOP('',(#10182,#10204,#10205));
#10182 = ORIENTED_EDGE('',*,*,#10183,.T.);
#10183 = EDGE_CURVE('',#10184,#10072,#10186,.T.);
#10184 = VERTEX_POINT('',#10185);
#10185 = CARTESIAN_POINT('',(0.972999989986,-0.625,5.099999904633E-02));
#10186 = SURFACE_CURVE('',#10187,(#10191,#10198),.PCURVE_S1.);
#10187 = LINE('',#10188,#10189);
#10188 = CARTESIAN_POINT('',(0.972999989986,-0.625,5.099999904633E-02));
#10189 = VECTOR('',#10190,1.);
#10190 = DIRECTION('',(1.,0.,0.));
#10191 = PCURVE('',#10143,#10192);
#10192 = DEFINITIONAL_REPRESENTATION('',(#10193),#10197);
#10193 = LINE('',#10194,#10195);
#10194 = CARTESIAN_POINT('',(1.343251211113E-02,-0.225432494707));
#10195 = VECTOR('',#10196,1.);
#10196 = DIRECTION('',(0.,1.));
#10197 = ( GEOMETRIC_REPRESENTATION_CONTEXT(2) 
PARAMETRIC_REPRESENTATION_CONTEXT() REPRESENTATION_CONTEXT('2D SPACE',''
  ) );
#10198 = PCURVE('',#10087,#10199);
#10199 = DEFINITIONAL_REPRESENTATION('',(#10200),#10203);
#10200 = B_SPLINE_CURVE_WITH_KNOTS('',1,(#10201,#10202),.UNSPECIFIED.,
  .F.,.F.,(2,2),(0.,0.474999964237),.PIECEWISE_BEZIER_KNOTS.);
#10201 = CARTESIAN_POINT('',(-0.28455679013,7.794319198881E-02));
#10202 = CARTESIAN_POINT('',(0.190443174107,7.794319198881E-02));
#10203 = ( GEOMETRIC_REPRESENTATION_CONTEXT(2) 
PARAMETRIC_REPRESENTATION_CONTEXT() REPRESENTATION_CONTEXT('2D SPACE',''
  ) );
#10204 = ORIENTED_EDGE('',*,*,#10127,.F.);
#10205 = ORIENTED_EDGE('',*,*,#10206,.T.);
#10206 = EDGE_CURVE('',#10128,#10184,#10207,.T.);
#10207 = SURFACE_CURVE('',#10208,(#10212,#10219),.PCURVE_S1.);
#10208 = LINE('',#10209,#10210);
#10209 = CARTESIAN_POINT('',(0.972999989986,-0.625,0.));
#10210 = VECTOR('',#10211,1.);
#10211 = DIRECTION('',(0.,0.,1.));
#10212 = PCURVE('',#10143,#10213);
#10213 = DEFINITIONAL_REPRESENTATION('',(#10214),#10218);
#10214 = LINE('',#10215,#10216);
#10215 = CARTESIAN_POINT('',(-3.75674869352E-02,-0.225432494707));
#10216 = VECTOR('',#10217,1.);
#10217 = DIRECTION('',(1.,0.));
#10218 = ( GEOMETRIC_REPRESENTATION_CONTEXT(2) 
PARAMETRIC_REPRESENTATION_CONTEXT() REPRESENTATION_CONTEXT('2D SPACE',''
  ) );
#10219 = PCURVE('',#10220,#10225);
#10220 = PLANE('',#10221);
#10221 = AXIS2_PLACEMENT_3D('',#10222,#10223,#10224);
#10222 = CARTESIAN_POINT('',(0.972999989986,-0.738537244213,
    1.403724373654E-02));
#10223 = DIRECTION('',(-1.,-0.,-0.));
#10224 = DIRECTION('',(0.,0.,-1.));
#10225 = DEFINITIONAL_REPRESENTATION('',(#10226),#10229);
#10226 = B_SPLINE_CURVE_WITH_KNOTS('',1,(#10227,#10228),.UNSPECIFIED.,
  .F.,.F.,(2,2),(0.,5.099999904633E-02),.PIECEWISE_BEZIER_KNOTS.);
#10227 = CARTESIAN_POINT('',(1.403724373654E-02,-0.113537244213));
#10228 = CARTESIAN_POINT('',(-3.696275530979E-02,-0.113537244213));
#10229 = ( GEOMETRIC_REPRESENTATION_CONTEXT(2) 
PARAMETRIC_REPRESENTATION_CONTEXT() REPRESENTATION_CONTEXT('2D SPACE',''
  ) );
#10230 = ADVANCED_FACE('',(#10231),#10220,.T.);
#10231 = FACE_BOUND('',#10232,.T.);
#10232 = EDGE_LOOP('',(#10233,#10253,#10254));
#10233 = ORIENTED_EDGE('',*,*,#10234,.T.);
#10234 = EDGE_CURVE('',#9910,#10184,#10235,.T.);
#10235 = SURFACE_CURVE('',#10236,(#10240,#10247),.PCURVE_S1.);
#10236 = LINE('',#10237,#10238);
#10237 = CARTESIAN_POINT('',(0.972999989986,-0.875,0.));
#10238 = VECTOR('',#10239,1.);
#10239 = DIRECTION('',(0.,0.979819727351,0.199883220642));
#10240 = PCURVE('',#10220,#10241);
#10241 = DEFINITIONAL_REPRESENTATION('',(#10242),#10246);
#10242 = LINE('',#10243,#10244);
#10243 = CARTESIAN_POINT('',(1.403724373654E-02,0.136462755787));
#10244 = VECTOR('',#10245,1.);
#10245 = DIRECTION('',(-0.199883220642,-0.979819727351));
#10246 = ( GEOMETRIC_REPRESENTATION_CONTEXT(2) 
PARAMETRIC_REPRESENTATION_CONTEXT() REPRESENTATION_CONTEXT('2D SPACE',''
  ) );
#10247 = PCURVE('',#9925,#10248);
#10248 = DEFINITIONAL_REPRESENTATION('',(#10249),#10252);
#10249 = B_SPLINE_CURVE_WITH_KNOTS('',1,(#10250,#10251),.UNSPECIFIED.,
  .F.,.F.,(2,2),(0.,0.2551489759),.PIECEWISE_BEZIER_KNOTS.);
#10250 = CARTESIAN_POINT('',(3.696275530979E-02,0.113537244213));
#10251 = CARTESIAN_POINT('',(-1.403724373654E-02,-0.136462755787));
#10252 = ( GEOMETRIC_REPRESENTATION_CONTEXT(2) 
PARAMETRIC_REPRESENTATION_CONTEXT() REPRESENTATION_CONTEXT('2D SPACE',''
  ) );
#10253 = ORIENTED_EDGE('',*,*,#10206,.F.);
#10254 = ORIENTED_EDGE('',*,*,#10255,.T.);
#10255 = EDGE_CURVE('',#10128,#9910,#10256,.T.);
#10256 = SURFACE_CURVE('',#10257,(#10261,#10268),.PCURVE_S1.);
#10257 = LINE('',#10258,#10259);
#10258 = CARTESIAN_POINT('',(0.972999989986,-0.625,0.));
#10259 = VECTOR('',#10260,1.);
#10260 = DIRECTION('',(0.,-1.,0.));
#10261 = PCURVE('',#10220,#10262);
#10262 = DEFINITIONAL_REPRESENTATION('',(#10263),#10267);
#10263 = LINE('',#10264,#10265);
#10264 = CARTESIAN_POINT('',(1.403724373654E-02,-0.113537244213));
#10265 = VECTOR('',#10266,1.);
#10266 = DIRECTION('',(0.,1.));
#10267 = ( GEOMETRIC_REPRESENTATION_CONTEXT(2) 
PARAMETRIC_REPRESENTATION_CONTEXT() REPRESENTATION_CONTEXT('2D SPACE',''
  ) );
#10268 = PCURVE('',#10169,#10269);
#10269 = DEFINITIONAL_REPRESENTATION('',(#10270),#10273);
#10270 = B_SPLINE_CURVE_WITH_KNOTS('',1,(#10271,#10272),.UNSPECIFIED.,
  .F.,.F.,(2,2),(0.,0.25),.PIECEWISE_BEZIER_KNOTS.);
#10271 = CARTESIAN_POINT('',(0.190443174107,7.794319198881E-02));
#10272 = CARTESIAN_POINT('',(0.190443174107,-0.172056808011));
#10273 = ( GEOMETRIC_REPRESENTATION_CONTEXT(2) 
PARAMETRIC_REPRESENTATION_CONTEXT() REPRESENTATION_CONTEXT('2D SPACE',''
  ) );
#10274 = ADVANCED_FACE('',(#10275),#9925,.T.);
#10275 = FACE_BOUND('',#10276,.T.);
#10276 = EDGE_LOOP('',(#10277,#10297,#10298));
#10277 = ORIENTED_EDGE('',*,*,#10278,.T.);
#10278 = EDGE_CURVE('',#9878,#10184,#10279,.T.);
#10279 = SURFACE_CURVE('',#10280,(#10284,#10291),.PCURVE_S1.);
#10280 = LINE('',#10281,#10282);
#10281 = CARTESIAN_POINT('',(0.972999989986,-0.875,5.099999904633E-02));
#10282 = VECTOR('',#10283,1.);
#10283 = DIRECTION('',(0.,1.,0.));
#10284 = PCURVE('',#9925,#10285);
#10285 = DEFINITIONAL_REPRESENTATION('',(#10286),#10290);
#10286 = LINE('',#10287,#10288);
#10287 = CARTESIAN_POINT('',(-1.403724373654E-02,0.113537244213));
#10288 = VECTOR('',#10289,1.);
#10289 = DIRECTION('',(0.,-1.));
#10290 = ( GEOMETRIC_REPRESENTATION_CONTEXT(2) 
PARAMETRIC_REPRESENTATION_CONTEXT() REPRESENTATION_CONTEXT('2D SPACE',''
  ) );
#10291 = PCURVE('',#9980,#10292);
#10292 = DEFINITIONAL_REPRESENTATION('',(#10293),#10296);
#10293 = B_SPLINE_CURVE_WITH_KNOTS('',1,(#10294,#10295),.UNSPECIFIED.,
  .F.,.F.,(2,2),(0.,0.25),.PIECEWISE_BEZIER_KNOTS.);
#10294 = CARTESIAN_POINT('',(-0.190443174107,-7.794319198881E-02));
#10295 = CARTESIAN_POINT('',(-0.190443174107,0.172056808011));
#10296 = ( GEOMETRIC_REPRESENTATION_CONTEXT(2) 
PARAMETRIC_REPRESENTATION_CONTEXT() REPRESENTATION_CONTEXT('2D SPACE',''
  ) );
#10297 = ORIENTED_EDGE('',*,*,#10234,.F.);
#10298 = ORIENTED_EDGE('',*,*,#9909,.F.);
#10299 = ADVANCED_FACE('',(#10300),#9950,.T.);
#10300 = FACE_BOUND('',#10301,.T.);
#10301 = EDGE_LOOP('',(#10302,#10322,#10323));
#10302 = ORIENTED_EDGE('',*,*,#10303,.T.);
#10303 = EDGE_CURVE('',#9910,#10021,#10304,.T.);
#10304 = SURFACE_CURVE('',#10305,(#10309,#10316),.PCURVE_S1.);
#10305 = LINE('',#10306,#10307);
#10306 = CARTESIAN_POINT('',(0.972999989986,-0.875,0.));
#10307 = VECTOR('',#10308,1.);
#10308 = DIRECTION('',(0.88491820793,0.465746460292,0.));
#10309 = PCURVE('',#9950,#10310);
#10310 = DEFINITIONAL_REPRESENTATION('',(#10311),#10315);
#10311 = LINE('',#10312,#10313);
#10312 = CARTESIAN_POINT('',(0.28455679013,-7.794319198881E-02));
#10313 = VECTOR('',#10314,1.);
#10314 = DIRECTION('',(-0.88491820793,0.465746460292));
#10315 = ( GEOMETRIC_REPRESENTATION_CONTEXT(2) 
PARAMETRIC_REPRESENTATION_CONTEXT() REPRESENTATION_CONTEXT('2D SPACE',''
  ) );
#10316 = PCURVE('',#10169,#10317);
#10317 = DEFINITIONAL_REPRESENTATION('',(#10318),#10321);
#10318 = B_SPLINE_CURVE_WITH_KNOTS('',1,(#10319,#10320),.UNSPECIFIED.,
  .F.,.F.,(2,2),(0.,0.536772732192),.PIECEWISE_BEZIER_KNOTS.);
#10319 = CARTESIAN_POINT('',(0.190443174107,-0.172056808011));
#10320 = CARTESIAN_POINT('',(-0.28455679013,7.794319198881E-02));
#10321 = ( GEOMETRIC_REPRESENTATION_CONTEXT(2) 
PARAMETRIC_REPRESENTATION_CONTEXT() REPRESENTATION_CONTEXT('2D SPACE',''
  ) );
#10322 = ORIENTED_EDGE('',*,*,#10048,.F.);
#10323 = ORIENTED_EDGE('',*,*,#9936,.F.);
#10324 = ADVANCED_FACE('',(#10325),#10169,.T.);
#10325 = FACE_BOUND('',#10326,.T.);
#10326 = EDGE_LOOP('',(#10327,#10328,#10329));
#10327 = ORIENTED_EDGE('',*,*,#10155,.F.);
#10328 = ORIENTED_EDGE('',*,*,#10303,.F.);
#10329 = ORIENTED_EDGE('',*,*,#10255,.F.);
#10330 = ADVANCED_FACE('',(#10331),#9980,.T.);
#10331 = FACE_BOUND('',#10332,.T.);
#10332 = EDGE_LOOP('',(#10333,#10353,#10354));
#10333 = ORIENTED_EDGE('',*,*,#10334,.T.);
#10334 = EDGE_CURVE('',#9965,#10184,#10335,.T.);
#10335 = SURFACE_CURVE('',#10336,(#10340,#10347),.PCURVE_S1.);
#10336 = LINE('',#10337,#10338);
#10337 = CARTESIAN_POINT('',(1.447999954224,-0.875,5.099999904633E-02));
#10338 = VECTOR('',#10339,1.);
#10339 = DIRECTION('',(-0.88491820793,0.465746460292,0.));
#10340 = PCURVE('',#9980,#10341);
#10341 = DEFINITIONAL_REPRESENTATION('',(#10342),#10346);
#10342 = LINE('',#10343,#10344);
#10343 = CARTESIAN_POINT('',(0.28455679013,-7.794319198881E-02));
#10344 = VECTOR('',#10345,1.);
#10345 = DIRECTION('',(-0.88491820793,0.465746460292));
#10346 = ( GEOMETRIC_REPRESENTATION_CONTEXT(2) 
PARAMETRIC_REPRESENTATION_CONTEXT() REPRESENTATION_CONTEXT('2D SPACE',''
  ) );
#10347 = PCURVE('',#10087,#10348);
#10348 = DEFINITIONAL_REPRESENTATION('',(#10349),#10352);
#10349 = B_SPLINE_CURVE_WITH_KNOTS('',1,(#10350,#10351),.UNSPECIFIED.,
  .F.,.F.,(2,2),(0.,0.536772732192),.PIECEWISE_BEZIER_KNOTS.);
#10350 = CARTESIAN_POINT('',(0.190443174107,-0.172056808011));
#10351 = CARTESIAN_POINT('',(-0.28455679013,7.794319198881E-02));
#10352 = ( GEOMETRIC_REPRESENTATION_CONTEXT(2) 
PARAMETRIC_REPRESENTATION_CONTEXT() REPRESENTATION_CONTEXT('2D SPACE',''
  ) );
#10353 = ORIENTED_EDGE('',*,*,#10278,.F.);
#10354 = ORIENTED_EDGE('',*,*,#9964,.F.);
#10355 = ADVANCED_FACE('',(#10356),#10087,.T.);
#10356 = FACE_BOUND('',#10357,.T.);
#10357 = EDGE_LOOP('',(#10358,#10359,#10360));
#10358 = ORIENTED_EDGE('',*,*,#10183,.F.);
#10359 = ORIENTED_EDGE('',*,*,#10334,.F.);
#10360 = ORIENTED_EDGE('',*,*,#10071,.F.);
#10361 = ( GEOMETRIC_REPRESENTATION_CONTEXT(3) 
GLOBAL_UNCERTAINTY_ASSIGNED_CONTEXT((#10365)) 
GLOBAL_UNIT_ASSIGNED_CONTEXT((#10362,#10363,#10364)) 
REPRESENTATION_CONTEXT('Context #1',
  '3D Context with UNIT and UNCERTAINTY') );
#10362 = ( LENGTH_UNIT() NAMED_UNIT(*) SI_UNIT(.MILLI.,.METRE.) );
#10363 = ( NAMED_UNIT(*) PLANE_ANGLE_UNIT() SI_UNIT($,.RADIAN.) );
#10364 = ( NAMED_UNIT(*) SI_UNIT($,.STERADIAN.) SOLID_ANGLE_UNIT() );
#10365 = UNCERTAINTY_MEASURE_WITH_UNIT(LENGTH_MEASURE(1.E-07),#10362,
  'distance_accuracy_value','confusion accuracy');
#10366 = SHAPE_DEFINITION_REPRESENTATION(#10367,#9868);
#10367 = PRODUCT_DEFINITION_SHAPE('','',#10368);
#10368 = PRODUCT_DEFINITION('design','',#10369,#10372);
#10369 = PRODUCT_DEFINITION_FORMATION('','',#10370);
#10370 = PRODUCT(' STEP translator 7.5 1.10',
  ' STEP translator 7.5 1.10','',(#10371));
#10371 = PRODUCT_CONTEXT('',#2,'mechanical');
#10372 = PRODUCT_DEFINITION_CONTEXT('part definition',#2,'design');
#10373 = CONTEXT_DEPENDENT_SHAPE_REPRESENTATION(#10374,#10376);
#10374 = ( REPRESENTATION_RELATIONSHIP('','',#9868,#10) 
REPRESENTATION_RELATIONSHIP_WITH_TRANSFORMATION(#10375) 
SHAPE_REPRESENTATION_RELATIONSHIP() );
#10375 = ITEM_DEFINED_TRANSFORMATION('','',#11,#51);
#10376 = PRODUCT_DEFINITION_SHAPE('Placement','Placement of an item',
  #10377);
#10377 = NEXT_ASSEMBLY_USAGE_OCCURRENCE('10','','',#5,#10368,$);
#10378 = PRODUCT_RELATED_PRODUCT_CATEGORY('part',$,(#10370));
#10379 = MANIFOLD_SURFACE_SHAPE_REPRESENTATION('',(#11,#10380),#10872);
#10380 = SHELL_BASED_SURFACE_MODEL('',(#10381));
#10381 = CLOSED_SHELL('',(#10382,#10471,#10527,#10578,#10634,#10690,
    #10741,#10785,#10810,#10835,#10841,#10866));
#10382 = ADVANCED_FACE('',(#10383),#10397,.T.);
#10383 = FACE_BOUND('',#10384,.T.);
#10384 = EDGE_LOOP('',(#10385,#10419,#10446));
#10385 = ORIENTED_EDGE('',*,*,#10386,.T.);
#10386 = EDGE_CURVE('',#10387,#10389,#10391,.T.);
#10387 = VERTEX_POINT('',#10388);
#10388 = CARTESIAN_POINT('',(1.447999954224,-0.375,0.));
#10389 = VERTEX_POINT('',#10390);
#10390 = CARTESIAN_POINT('',(0.972999989986,-0.375,5.099999904633E-02));
#10391 = SURFACE_CURVE('',#10392,(#10396,#10408),.PCURVE_S1.);
#10392 = LINE('',#10393,#10394);
#10393 = CARTESIAN_POINT('',(1.447999954224,-0.375,0.));
#10394 = VECTOR('',#10395,1.);
#10395 = DIRECTION('',(-0.99428537182,0.,0.106754856489));
#10396 = PCURVE('',#10397,#10402);
#10397 = PLANE('',#10398);
#10398 = AXIS2_PLACEMENT_3D('',#10399,#10400,#10401);
#10399 = CARTESIAN_POINT('',(1.198432484693,-0.375,1.343251211113E-02));
#10400 = DIRECTION('',(-0.,-1.,-0.));
#10401 = DIRECTION('',(0.,0.,-1.));
#10402 = DEFINITIONAL_REPRESENTATION('',(#10403),#10407);
#10403 = LINE('',#10404,#10405);
#10404 = CARTESIAN_POINT('',(1.343251211113E-02,0.249567469531));
#10405 = VECTOR('',#10406,1.);
#10406 = DIRECTION('',(-0.106754856489,-0.99428537182));
#10407 = ( GEOMETRIC_REPRESENTATION_CONTEXT(2) 
PARAMETRIC_REPRESENTATION_CONTEXT() REPRESENTATION_CONTEXT('2D SPACE',''
  ) );
#10408 = PCURVE('',#10409,#10414);
#10409 = PLANE('',#10410);
#10410 = AXIS2_PLACEMENT_3D('',#10411,#10412,#10413);
#10411 = CARTESIAN_POINT('',(1.222567459517,-0.375,3.75674869352E-02));
#10412 = DIRECTION('',(-0.,-1.,-0.));
#10413 = DIRECTION('',(0.,0.,-1.));
#10414 = DEFINITIONAL_REPRESENTATION('',(#10415),#10418);
#10415 = B_SPLINE_CURVE_WITH_KNOTS('',1,(#10416,#10417),.UNSPECIFIED.,
  .F.,.F.,(2,2),(0.,0.477730013635),.PIECEWISE_BEZIER_KNOTS.);
#10416 = CARTESIAN_POINT('',(3.75674869352E-02,0.225432494707));
#10417 = CARTESIAN_POINT('',(-1.343251211113E-02,-0.249567469531));
#10418 = ( GEOMETRIC_REPRESENTATION_CONTEXT(2) 
PARAMETRIC_REPRESENTATION_CONTEXT() REPRESENTATION_CONTEXT('2D SPACE',''
  ) );
#10419 = ORIENTED_EDGE('',*,*,#10420,.T.);
#10420 = EDGE_CURVE('',#10389,#10421,#10423,.T.);
#10421 = VERTEX_POINT('',#10422);
#10422 = CARTESIAN_POINT('',(0.972999989986,-0.375,0.));
#10423 = SURFACE_CURVE('',#10424,(#10428,#10435),.PCURVE_S1.);
#10424 = LINE('',#10425,#10426);
#10425 = CARTESIAN_POINT('',(0.972999989986,-0.375,5.099999904633E-02));
#10426 = VECTOR('',#10427,1.);
#10427 = DIRECTION('',(0.,0.,-1.));
#10428 = PCURVE('',#10397,#10429);
#10429 = DEFINITIONAL_REPRESENTATION('',(#10430),#10434);
#10430 = LINE('',#10431,#10432);
#10431 = CARTESIAN_POINT('',(-3.75674869352E-02,-0.225432494707));
#10432 = VECTOR('',#10433,1.);
#10433 = DIRECTION('',(1.,0.));
#10434 = ( GEOMETRIC_REPRESENTATION_CONTEXT(2) 
PARAMETRIC_REPRESENTATION_CONTEXT() REPRESENTATION_CONTEXT('2D SPACE',''
  ) );
#10435 = PCURVE('',#10436,#10441);
#10436 = PLANE('',#10437);
#10437 = AXIS2_PLACEMENT_3D('',#10438,#10439,#10440);
#10438 = CARTESIAN_POINT('',(0.972999989986,-0.261462755787,
    3.696275530979E-02));
#10439 = DIRECTION('',(-1.,-0.,-0.));
#10440 = DIRECTION('',(0.,0.,-1.));
#10441 = DEFINITIONAL_REPRESENTATION('',(#10442),#10445);
#10442 = B_SPLINE_CURVE_WITH_KNOTS('',1,(#10443,#10444),.UNSPECIFIED.,
  .F.,.F.,(2,2),(0.,5.099999904633E-02),.PIECEWISE_BEZIER_KNOTS.);
#10443 = CARTESIAN_POINT('',(-1.403724373654E-02,0.113537244213));
#10444 = CARTESIAN_POINT('',(3.696275530979E-02,0.113537244213));
#10445 = ( GEOMETRIC_REPRESENTATION_CONTEXT(2) 
PARAMETRIC_REPRESENTATION_CONTEXT() REPRESENTATION_CONTEXT('2D SPACE',''
  ) );
#10446 = ORIENTED_EDGE('',*,*,#10447,.T.);
#10447 = EDGE_CURVE('',#10421,#10387,#10448,.T.);
#10448 = SURFACE_CURVE('',#10449,(#10453,#10460),.PCURVE_S1.);
#10449 = LINE('',#10450,#10451);
#10450 = CARTESIAN_POINT('',(0.972999989986,-0.375,0.));
#10451 = VECTOR('',#10452,1.);
#10452 = DIRECTION('',(1.,0.,0.));
#10453 = PCURVE('',#10397,#10454);
#10454 = DEFINITIONAL_REPRESENTATION('',(#10455),#10459);
#10455 = LINE('',#10456,#10457);
#10456 = CARTESIAN_POINT('',(1.343251211113E-02,-0.225432494707));
#10457 = VECTOR('',#10458,1.);
#10458 = DIRECTION('',(0.,1.));
#10459 = ( GEOMETRIC_REPRESENTATION_CONTEXT(2) 
PARAMETRIC_REPRESENTATION_CONTEXT() REPRESENTATION_CONTEXT('2D SPACE',''
  ) );
#10460 = PCURVE('',#10461,#10466);
#10461 = PLANE('',#10462);
#10462 = AXIS2_PLACEMENT_3D('',#10463,#10464,#10465);
#10463 = CARTESIAN_POINT('',(1.257556780116,-0.297056808011,0.));
#10464 = DIRECTION('',(-0.,-0.,-1.));
#10465 = DIRECTION('',(-1.,0.,0.));
#10466 = DEFINITIONAL_REPRESENTATION('',(#10467),#10470);
#10467 = B_SPLINE_CURVE_WITH_KNOTS('',1,(#10468,#10469),.UNSPECIFIED.,
  .F.,.F.,(2,2),(0.,0.474999964237),.PIECEWISE_BEZIER_KNOTS.);
#10468 = CARTESIAN_POINT('',(0.28455679013,-7.794319198881E-02));
#10469 = CARTESIAN_POINT('',(-0.190443174107,-7.794319198881E-02));
#10470 = ( GEOMETRIC_REPRESENTATION_CONTEXT(2) 
PARAMETRIC_REPRESENTATION_CONTEXT() REPRESENTATION_CONTEXT('2D SPACE',''
  ) );
#10471 = ADVANCED_FACE('',(#10472),#10409,.T.);
#10472 = FACE_BOUND('',#10473,.T.);
#10473 = EDGE_LOOP('',(#10474,#10501,#10502));
#10474 = ORIENTED_EDGE('',*,*,#10475,.T.);
#10475 = EDGE_CURVE('',#10476,#10389,#10478,.T.);
#10476 = VERTEX_POINT('',#10477);
#10477 = CARTESIAN_POINT('',(1.447999954224,-0.375,5.099999904633E-02));
#10478 = SURFACE_CURVE('',#10479,(#10483,#10490),.PCURVE_S1.);
#10479 = LINE('',#10480,#10481);
#10480 = CARTESIAN_POINT('',(1.447999954224,-0.375,5.099999904633E-02));
#10481 = VECTOR('',#10482,1.);
#10482 = DIRECTION('',(-1.,0.,0.));
#10483 = PCURVE('',#10409,#10484);
#10484 = DEFINITIONAL_REPRESENTATION('',(#10485),#10489);
#10485 = LINE('',#10486,#10487);
#10486 = CARTESIAN_POINT('',(-1.343251211113E-02,0.225432494707));
#10487 = VECTOR('',#10488,1.);
#10488 = DIRECTION('',(0.,-1.));
#10489 = ( GEOMETRIC_REPRESENTATION_CONTEXT(2) 
PARAMETRIC_REPRESENTATION_CONTEXT() REPRESENTATION_CONTEXT('2D SPACE',''
  ) );
#10490 = PCURVE('',#10491,#10496);
#10491 = PLANE('',#10492);
#10492 = AXIS2_PLACEMENT_3D('',#10493,#10494,#10495);
#10493 = CARTESIAN_POINT('',(1.163443164094,-0.297056808011,
    5.099999904633E-02));
#10494 = DIRECTION('',(0.,0.,1.));
#10495 = DIRECTION('',(1.,0.,-0.));
#10496 = DEFINITIONAL_REPRESENTATION('',(#10497),#10500);
#10497 = B_SPLINE_CURVE_WITH_KNOTS('',1,(#10498,#10499),.UNSPECIFIED.,
  .F.,.F.,(2,2),(0.,0.474999964237),.PIECEWISE_BEZIER_KNOTS.);
#10498 = CARTESIAN_POINT('',(0.28455679013,-7.794319198881E-02));
#10499 = CARTESIAN_POINT('',(-0.190443174107,-7.794319198881E-02));
#10500 = ( GEOMETRIC_REPRESENTATION_CONTEXT(2) 
PARAMETRIC_REPRESENTATION_CONTEXT() REPRESENTATION_CONTEXT('2D SPACE',''
  ) );
#10501 = ORIENTED_EDGE('',*,*,#10386,.F.);
#10502 = ORIENTED_EDGE('',*,*,#10503,.T.);
#10503 = EDGE_CURVE('',#10387,#10476,#10504,.T.);
#10504 = SURFACE_CURVE('',#10505,(#10509,#10516),.PCURVE_S1.);
#10505 = LINE('',#10506,#10507);
#10506 = CARTESIAN_POINT('',(1.447999954224,-0.375,0.));
#10507 = VECTOR('',#10508,1.);
#10508 = DIRECTION('',(0.,0.,1.));
#10509 = PCURVE('',#10409,#10510);
#10510 = DEFINITIONAL_REPRESENTATION('',(#10511),#10515);
#10511 = LINE('',#10512,#10513);
#10512 = CARTESIAN_POINT('',(3.75674869352E-02,0.225432494707));
#10513 = VECTOR('',#10514,1.);
#10514 = DIRECTION('',(-1.,0.));
#10515 = ( GEOMETRIC_REPRESENTATION_CONTEXT(2) 
PARAMETRIC_REPRESENTATION_CONTEXT() REPRESENTATION_CONTEXT('2D SPACE',''
  ) );
#10516 = PCURVE('',#10517,#10522);
#10517 = PLANE('',#10518);
#10518 = AXIS2_PLACEMENT_3D('',#10519,#10520,#10521);
#10519 = CARTESIAN_POINT('',(1.447999954224,-0.261462755787,
    1.403724373654E-02));
#10520 = DIRECTION('',(1.,0.,0.));
#10521 = DIRECTION('',(-0.,0.,1.));
#10522 = DEFINITIONAL_REPRESENTATION('',(#10523),#10526);
#10523 = B_SPLINE_CURVE_WITH_KNOTS('',1,(#10524,#10525),.UNSPECIFIED.,
  .F.,.F.,(2,2),(0.,5.099999904633E-02),.PIECEWISE_BEZIER_KNOTS.);
#10524 = CARTESIAN_POINT('',(-1.403724373654E-02,0.113537244213));
#10525 = CARTESIAN_POINT('',(3.696275530979E-02,0.113537244213));
#10526 = ( GEOMETRIC_REPRESENTATION_CONTEXT(2) 
PARAMETRIC_REPRESENTATION_CONTEXT() REPRESENTATION_CONTEXT('2D SPACE',''
  ) );
#10527 = ADVANCED_FACE('',(#10528),#10517,.T.);
#10528 = FACE_BOUND('',#10529,.T.);
#10529 = EDGE_LOOP('',(#10530,#10557,#10558));
#10530 = ORIENTED_EDGE('',*,*,#10531,.T.);
#10531 = EDGE_CURVE('',#10532,#10476,#10534,.T.);
#10532 = VERTEX_POINT('',#10533);
#10533 = CARTESIAN_POINT('',(1.447999954224,-0.125,0.));
#10534 = SURFACE_CURVE('',#10535,(#10539,#10546),.PCURVE_S1.);
#10535 = LINE('',#10536,#10537);
#10536 = CARTESIAN_POINT('',(1.447999954224,-0.125,0.));
#10537 = VECTOR('',#10538,1.);
#10538 = DIRECTION('',(0.,-0.979819727351,0.199883220642));
#10539 = PCURVE('',#10517,#10540);
#10540 = DEFINITIONAL_REPRESENTATION('',(#10541),#10545);
#10541 = LINE('',#10542,#10543);
#10542 = CARTESIAN_POINT('',(-1.403724373654E-02,-0.136462755787));
#10543 = VECTOR('',#10544,1.);
#10544 = DIRECTION('',(0.199883220642,0.979819727351));
#10545 = ( GEOMETRIC_REPRESENTATION_CONTEXT(2) 
PARAMETRIC_REPRESENTATION_CONTEXT() REPRESENTATION_CONTEXT('2D SPACE',''
  ) );
#10546 = PCURVE('',#10547,#10552);
#10547 = PLANE('',#10548);
#10548 = AXIS2_PLACEMENT_3D('',#10549,#10550,#10551);
#10549 = CARTESIAN_POINT('',(1.447999954224,-0.238537244213,
    3.696275530979E-02));
#10550 = DIRECTION('',(1.,0.,0.));
#10551 = DIRECTION('',(-0.,0.,1.));
#10552 = DEFINITIONAL_REPRESENTATION('',(#10553),#10556);
#10553 = B_SPLINE_CURVE_WITH_KNOTS('',1,(#10554,#10555),.UNSPECIFIED.,
  .F.,.F.,(2,2),(0.,0.2551489759),.PIECEWISE_BEZIER_KNOTS.);
#10554 = CARTESIAN_POINT('',(-3.696275530979E-02,-0.113537244213));
#10555 = CARTESIAN_POINT('',(1.403724373654E-02,0.136462755787));
#10556 = ( GEOMETRIC_REPRESENTATION_CONTEXT(2) 
PARAMETRIC_REPRESENTATION_CONTEXT() REPRESENTATION_CONTEXT('2D SPACE',''
  ) );
#10557 = ORIENTED_EDGE('',*,*,#10503,.F.);
#10558 = ORIENTED_EDGE('',*,*,#10559,.T.);
#10559 = EDGE_CURVE('',#10387,#10532,#10560,.T.);
#10560 = SURFACE_CURVE('',#10561,(#10565,#10572),.PCURVE_S1.);
#10561 = LINE('',#10562,#10563);
#10562 = CARTESIAN_POINT('',(1.447999954224,-0.375,0.));
#10563 = VECTOR('',#10564,1.);
#10564 = DIRECTION('',(0.,1.,0.));
#10565 = PCURVE('',#10517,#10566);
#10566 = DEFINITIONAL_REPRESENTATION('',(#10567),#10571);
#10567 = LINE('',#10568,#10569);
#10568 = CARTESIAN_POINT('',(-1.403724373654E-02,0.113537244213));
#10569 = VECTOR('',#10570,1.);
#10570 = DIRECTION('',(0.,-1.));
#10571 = ( GEOMETRIC_REPRESENTATION_CONTEXT(2) 
PARAMETRIC_REPRESENTATION_CONTEXT() REPRESENTATION_CONTEXT('2D SPACE',''
  ) );
#10572 = PCURVE('',#10461,#10573);
#10573 = DEFINITIONAL_REPRESENTATION('',(#10574),#10577);
#10574 = B_SPLINE_CURVE_WITH_KNOTS('',1,(#10575,#10576),.UNSPECIFIED.,
  .F.,.F.,(2,2),(0.,0.25),.PIECEWISE_BEZIER_KNOTS.);
#10575 = CARTESIAN_POINT('',(-0.190443174107,-7.794319198881E-02));
#10576 = CARTESIAN_POINT('',(-0.190443174107,0.172056808011));
#10577 = ( GEOMETRIC_REPRESENTATION_CONTEXT(2) 
PARAMETRIC_REPRESENTATION_CONTEXT() REPRESENTATION_CONTEXT('2D SPACE',''
  ) );
#10578 = ADVANCED_FACE('',(#10579),#10547,.T.);
#10579 = FACE_BOUND('',#10580,.T.);
#10580 = EDGE_LOOP('',(#10581,#10608,#10609));
#10581 = ORIENTED_EDGE('',*,*,#10582,.T.);
#10582 = EDGE_CURVE('',#10583,#10476,#10585,.T.);
#10583 = VERTEX_POINT('',#10584);
#10584 = CARTESIAN_POINT('',(1.447999954224,-0.125,5.099999904633E-02));
#10585 = SURFACE_CURVE('',#10586,(#10590,#10597),.PCURVE_S1.);
#10586 = LINE('',#10587,#10588);
#10587 = CARTESIAN_POINT('',(1.447999954224,-0.125,5.099999904633E-02));
#10588 = VECTOR('',#10589,1.);
#10589 = DIRECTION('',(0.,-1.,0.));
#10590 = PCURVE('',#10547,#10591);
#10591 = DEFINITIONAL_REPRESENTATION('',(#10592),#10596);
#10592 = LINE('',#10593,#10594);
#10593 = CARTESIAN_POINT('',(1.403724373654E-02,-0.113537244213));
#10594 = VECTOR('',#10595,1.);
#10595 = DIRECTION('',(0.,1.));
#10596 = ( GEOMETRIC_REPRESENTATION_CONTEXT(2) 
PARAMETRIC_REPRESENTATION_CONTEXT() REPRESENTATION_CONTEXT('2D SPACE',''
  ) );
#10597 = PCURVE('',#10598,#10603);
#10598 = PLANE('',#10599);
#10599 = AXIS2_PLACEMENT_3D('',#10600,#10601,#10602);
#10600 = CARTESIAN_POINT('',(1.257556780116,-0.202943191989,
    5.099999904633E-02));
#10601 = DIRECTION('',(0.,0.,1.));
#10602 = DIRECTION('',(1.,0.,-0.));
#10603 = DEFINITIONAL_REPRESENTATION('',(#10604),#10607);
#10604 = B_SPLINE_CURVE_WITH_KNOTS('',1,(#10605,#10606),.UNSPECIFIED.,
  .F.,.F.,(2,2),(0.,0.25),.PIECEWISE_BEZIER_KNOTS.);
#10605 = CARTESIAN_POINT('',(0.190443174107,7.794319198881E-02));
#10606 = CARTESIAN_POINT('',(0.190443174107,-0.172056808011));
#10607 = ( GEOMETRIC_REPRESENTATION_CONTEXT(2) 
PARAMETRIC_REPRESENTATION_CONTEXT() REPRESENTATION_CONTEXT('2D SPACE',''
  ) );
#10608 = ORIENTED_EDGE('',*,*,#10531,.F.);
#10609 = ORIENTED_EDGE('',*,*,#10610,.T.);
#10610 = EDGE_CURVE('',#10532,#10583,#10611,.T.);
#10611 = SURFACE_CURVE('',#10612,(#10616,#10623),.PCURVE_S1.);
#10612 = LINE('',#10613,#10614);
#10613 = CARTESIAN_POINT('',(1.447999954224,-0.125,0.));
#10614 = VECTOR('',#10615,1.);
#10615 = DIRECTION('',(0.,0.,1.));
#10616 = PCURVE('',#10547,#10617);
#10617 = DEFINITIONAL_REPRESENTATION('',(#10618),#10622);
#10618 = LINE('',#10619,#10620);
#10619 = CARTESIAN_POINT('',(-3.696275530979E-02,-0.113537244213));
#10620 = VECTOR('',#10621,1.);
#10621 = DIRECTION('',(1.,0.));
#10622 = ( GEOMETRIC_REPRESENTATION_CONTEXT(2) 
PARAMETRIC_REPRESENTATION_CONTEXT() REPRESENTATION_CONTEXT('2D SPACE',''
  ) );
#10623 = PCURVE('',#10624,#10629);
#10624 = PLANE('',#10625);
#10625 = AXIS2_PLACEMENT_3D('',#10626,#10627,#10628);
#10626 = CARTESIAN_POINT('',(1.222567459517,-0.125,1.343251211113E-02));
#10627 = DIRECTION('',(0.,1.,0.));
#10628 = DIRECTION('',(0.,-0.,1.));
#10629 = DEFINITIONAL_REPRESENTATION('',(#10630),#10633);
#10630 = B_SPLINE_CURVE_WITH_KNOTS('',1,(#10631,#10632),.UNSPECIFIED.,
  .F.,.F.,(2,2),(0.,5.099999904633E-02),.PIECEWISE_BEZIER_KNOTS.);
#10631 = CARTESIAN_POINT('',(-1.343251211113E-02,0.225432494707));
#10632 = CARTESIAN_POINT('',(3.75674869352E-02,0.225432494707));
#10633 = ( GEOMETRIC_REPRESENTATION_CONTEXT(2) 
PARAMETRIC_REPRESENTATION_CONTEXT() REPRESENTATION_CONTEXT('2D SPACE',''
  ) );
#10634 = ADVANCED_FACE('',(#10635),#10624,.T.);
#10635 = FACE_BOUND('',#10636,.T.);
#10636 = EDGE_LOOP('',(#10637,#10664,#10665));
#10637 = ORIENTED_EDGE('',*,*,#10638,.T.);
#10638 = EDGE_CURVE('',#10639,#10583,#10641,.T.);
#10639 = VERTEX_POINT('',#10640);
#10640 = CARTESIAN_POINT('',(0.972999989986,-0.125,0.));
#10641 = SURFACE_CURVE('',#10642,(#10646,#10653),.PCURVE_S1.);
#10642 = LINE('',#10643,#10644);
#10643 = CARTESIAN_POINT('',(0.972999989986,-0.125,0.));
#10644 = VECTOR('',#10645,1.);
#10645 = DIRECTION('',(0.99428537182,0.,0.106754856489));
#10646 = PCURVE('',#10624,#10647);
#10647 = DEFINITIONAL_REPRESENTATION('',(#10648),#10652);
#10648 = LINE('',#10649,#10650);
#10649 = CARTESIAN_POINT('',(-1.343251211113E-02,-0.249567469531));
#10650 = VECTOR('',#10651,1.);
#10651 = DIRECTION('',(0.106754856489,0.99428537182));
#10652 = ( GEOMETRIC_REPRESENTATION_CONTEXT(2) 
PARAMETRIC_REPRESENTATION_CONTEXT() REPRESENTATION_CONTEXT('2D SPACE',''
  ) );
#10653 = PCURVE('',#10654,#10659);
#10654 = PLANE('',#10655);
#10655 = AXIS2_PLACEMENT_3D('',#10656,#10657,#10658);
#10656 = CARTESIAN_POINT('',(1.198432484693,-0.125,3.75674869352E-02));
#10657 = DIRECTION('',(0.,1.,0.));
#10658 = DIRECTION('',(0.,-0.,1.));
#10659 = DEFINITIONAL_REPRESENTATION('',(#10660),#10663);
#10660 = B_SPLINE_CURVE_WITH_KNOTS('',1,(#10661,#10662),.UNSPECIFIED.,
  .F.,.F.,(2,2),(0.,0.477730013635),.PIECEWISE_BEZIER_KNOTS.);
#10661 = CARTESIAN_POINT('',(-3.75674869352E-02,-0.225432494707));
#10662 = CARTESIAN_POINT('',(1.343251211113E-02,0.249567469531));
#10663 = ( GEOMETRIC_REPRESENTATION_CONTEXT(2) 
PARAMETRIC_REPRESENTATION_CONTEXT() REPRESENTATION_CONTEXT('2D SPACE',''
  ) );
#10664 = ORIENTED_EDGE('',*,*,#10610,.F.);
#10665 = ORIENTED_EDGE('',*,*,#10666,.T.);
#10666 = EDGE_CURVE('',#10532,#10639,#10667,.T.);
#10667 = SURFACE_CURVE('',#10668,(#10672,#10679),.PCURVE_S1.);
#10668 = LINE('',#10669,#10670);
#10669 = CARTESIAN_POINT('',(1.447999954224,-0.125,0.));
#10670 = VECTOR('',#10671,1.);
#10671 = DIRECTION('',(-1.,0.,0.));
#10672 = PCURVE('',#10624,#10673);
#10673 = DEFINITIONAL_REPRESENTATION('',(#10674),#10678);
#10674 = LINE('',#10675,#10676);
#10675 = CARTESIAN_POINT('',(-1.343251211113E-02,0.225432494707));
#10676 = VECTOR('',#10677,1.);
#10677 = DIRECTION('',(0.,-1.));
#10678 = ( GEOMETRIC_REPRESENTATION_CONTEXT(2) 
PARAMETRIC_REPRESENTATION_CONTEXT() REPRESENTATION_CONTEXT('2D SPACE',''
  ) );
#10679 = PCURVE('',#10680,#10685);
#10680 = PLANE('',#10681);
#10681 = AXIS2_PLACEMENT_3D('',#10682,#10683,#10684);
#10682 = CARTESIAN_POINT('',(1.163443164094,-0.202943191989,0.));
#10683 = DIRECTION('',(-0.,-0.,-1.));
#10684 = DIRECTION('',(-1.,0.,0.));
#10685 = DEFINITIONAL_REPRESENTATION('',(#10686),#10689);
#10686 = B_SPLINE_CURVE_WITH_KNOTS('',1,(#10687,#10688),.UNSPECIFIED.,
  .F.,.F.,(2,2),(0.,0.474999964237),.PIECEWISE_BEZIER_KNOTS.);
#10687 = CARTESIAN_POINT('',(-0.28455679013,7.794319198881E-02));
#10688 = CARTESIAN_POINT('',(0.190443174107,7.794319198881E-02));
#10689 = ( GEOMETRIC_REPRESENTATION_CONTEXT(2) 
PARAMETRIC_REPRESENTATION_CONTEXT() REPRESENTATION_CONTEXT('2D SPACE',''
  ) );
#10690 = ADVANCED_FACE('',(#10691),#10654,.T.);
#10691 = FACE_BOUND('',#10692,.T.);
#10692 = EDGE_LOOP('',(#10693,#10715,#10716));
#10693 = ORIENTED_EDGE('',*,*,#10694,.T.);
#10694 = EDGE_CURVE('',#10695,#10583,#10697,.T.);
#10695 = VERTEX_POINT('',#10696);
#10696 = CARTESIAN_POINT('',(0.972999989986,-0.125,5.099999904633E-02));
#10697 = SURFACE_CURVE('',#10698,(#10702,#10709),.PCURVE_S1.);
#10698 = LINE('',#10699,#10700);
#10699 = CARTESIAN_POINT('',(0.972999989986,-0.125,5.099999904633E-02));
#10700 = VECTOR('',#10701,1.);
#10701 = DIRECTION('',(1.,0.,0.));
#10702 = PCURVE('',#10654,#10703);
#10703 = DEFINITIONAL_REPRESENTATION('',(#10704),#10708);
#10704 = LINE('',#10705,#10706);
#10705 = CARTESIAN_POINT('',(1.343251211113E-02,-0.225432494707));
#10706 = VECTOR('',#10707,1.);
#10707 = DIRECTION('',(0.,1.));
#10708 = ( GEOMETRIC_REPRESENTATION_CONTEXT(2) 
PARAMETRIC_REPRESENTATION_CONTEXT() REPRESENTATION_CONTEXT('2D SPACE',''
  ) );
#10709 = PCURVE('',#10598,#10710);
#10710 = DEFINITIONAL_REPRESENTATION('',(#10711),#10714);
#10711 = B_SPLINE_CURVE_WITH_KNOTS('',1,(#10712,#10713),.UNSPECIFIED.,
  .F.,.F.,(2,2),(0.,0.474999964237),.PIECEWISE_BEZIER_KNOTS.);
#10712 = CARTESIAN_POINT('',(-0.28455679013,7.794319198881E-02));
#10713 = CARTESIAN_POINT('',(0.190443174107,7.794319198881E-02));
#10714 = ( GEOMETRIC_REPRESENTATION_CONTEXT(2) 
PARAMETRIC_REPRESENTATION_CONTEXT() REPRESENTATION_CONTEXT('2D SPACE',''
  ) );
#10715 = ORIENTED_EDGE('',*,*,#10638,.F.);
#10716 = ORIENTED_EDGE('',*,*,#10717,.T.);
#10717 = EDGE_CURVE('',#10639,#10695,#10718,.T.);
#10718 = SURFACE_CURVE('',#10719,(#10723,#10730),.PCURVE_S1.);
#10719 = LINE('',#10720,#10721);
#10720 = CARTESIAN_POINT('',(0.972999989986,-0.125,0.));
#10721 = VECTOR('',#10722,1.);
#10722 = DIRECTION('',(0.,0.,1.));
#10723 = PCURVE('',#10654,#10724);
#10724 = DEFINITIONAL_REPRESENTATION('',(#10725),#10729);
#10725 = LINE('',#10726,#10727);
#10726 = CARTESIAN_POINT('',(-3.75674869352E-02,-0.225432494707));
#10727 = VECTOR('',#10728,1.);
#10728 = DIRECTION('',(1.,0.));
#10729 = ( GEOMETRIC_REPRESENTATION_CONTEXT(2) 
PARAMETRIC_REPRESENTATION_CONTEXT() REPRESENTATION_CONTEXT('2D SPACE',''
  ) );
#10730 = PCURVE('',#10731,#10736);
#10731 = PLANE('',#10732);
#10732 = AXIS2_PLACEMENT_3D('',#10733,#10734,#10735);
#10733 = CARTESIAN_POINT('',(0.972999989986,-0.238537244213,
    1.403724373654E-02));
#10734 = DIRECTION('',(-1.,-0.,-0.));
#10735 = DIRECTION('',(0.,0.,-1.));
#10736 = DEFINITIONAL_REPRESENTATION('',(#10737),#10740);
#10737 = B_SPLINE_CURVE_WITH_KNOTS('',1,(#10738,#10739),.UNSPECIFIED.,
  .F.,.F.,(2,2),(0.,5.099999904633E-02),.PIECEWISE_BEZIER_KNOTS.);
#10738 = CARTESIAN_POINT('',(1.403724373654E-02,-0.113537244213));
#10739 = CARTESIAN_POINT('',(-3.696275530979E-02,-0.113537244213));
#10740 = ( GEOMETRIC_REPRESENTATION_CONTEXT(2) 
PARAMETRIC_REPRESENTATION_CONTEXT() REPRESENTATION_CONTEXT('2D SPACE',''
  ) );
#10741 = ADVANCED_FACE('',(#10742),#10731,.T.);
#10742 = FACE_BOUND('',#10743,.T.);
#10743 = EDGE_LOOP('',(#10744,#10764,#10765));
#10744 = ORIENTED_EDGE('',*,*,#10745,.T.);
#10745 = EDGE_CURVE('',#10421,#10695,#10746,.T.);
#10746 = SURFACE_CURVE('',#10747,(#10751,#10758),.PCURVE_S1.);
#10747 = LINE('',#10748,#10749);
#10748 = CARTESIAN_POINT('',(0.972999989986,-0.375,0.));
#10749 = VECTOR('',#10750,1.);
#10750 = DIRECTION('',(0.,0.979819727351,0.199883220642));
#10751 = PCURVE('',#10731,#10752);
#10752 = DEFINITIONAL_REPRESENTATION('',(#10753),#10757);
#10753 = LINE('',#10754,#10755);
#10754 = CARTESIAN_POINT('',(1.403724373654E-02,0.136462755787));
#10755 = VECTOR('',#10756,1.);
#10756 = DIRECTION('',(-0.199883220642,-0.979819727351));
#10757 = ( GEOMETRIC_REPRESENTATION_CONTEXT(2) 
PARAMETRIC_REPRESENTATION_CONTEXT() REPRESENTATION_CONTEXT('2D SPACE',''
  ) );
#10758 = PCURVE('',#10436,#10759);
#10759 = DEFINITIONAL_REPRESENTATION('',(#10760),#10763);
#10760 = B_SPLINE_CURVE_WITH_KNOTS('',1,(#10761,#10762),.UNSPECIFIED.,
  .F.,.F.,(2,2),(0.,0.2551489759),.PIECEWISE_BEZIER_KNOTS.);
#10761 = CARTESIAN_POINT('',(3.696275530979E-02,0.113537244213));
#10762 = CARTESIAN_POINT('',(-1.403724373654E-02,-0.136462755787));
#10763 = ( GEOMETRIC_REPRESENTATION_CONTEXT(2) 
PARAMETRIC_REPRESENTATION_CONTEXT() REPRESENTATION_CONTEXT('2D SPACE',''
  ) );
#10764 = ORIENTED_EDGE('',*,*,#10717,.F.);
#10765 = ORIENTED_EDGE('',*,*,#10766,.T.);
#10766 = EDGE_CURVE('',#10639,#10421,#10767,.T.);
#10767 = SURFACE_CURVE('',#10768,(#10772,#10779),.PCURVE_S1.);
#10768 = LINE('',#10769,#10770);
#10769 = CARTESIAN_POINT('',(0.972999989986,-0.125,0.));
#10770 = VECTOR('',#10771,1.);
#10771 = DIRECTION('',(0.,-1.,0.));
#10772 = PCURVE('',#10731,#10773);
#10773 = DEFINITIONAL_REPRESENTATION('',(#10774),#10778);
#10774 = LINE('',#10775,#10776);
#10775 = CARTESIAN_POINT('',(1.403724373654E-02,-0.113537244213));
#10776 = VECTOR('',#10777,1.);
#10777 = DIRECTION('',(0.,1.));
#10778 = ( GEOMETRIC_REPRESENTATION_CONTEXT(2) 
PARAMETRIC_REPRESENTATION_CONTEXT() REPRESENTATION_CONTEXT('2D SPACE',''
  ) );
#10779 = PCURVE('',#10680,#10780);
#10780 = DEFINITIONAL_REPRESENTATION('',(#10781),#10784);
#10781 = B_SPLINE_CURVE_WITH_KNOTS('',1,(#10782,#10783),.UNSPECIFIED.,
  .F.,.F.,(2,2),(0.,0.25),.PIECEWISE_BEZIER_KNOTS.);
#10782 = CARTESIAN_POINT('',(0.190443174107,7.794319198881E-02));
#10783 = CARTESIAN_POINT('',(0.190443174107,-0.172056808011));
#10784 = ( GEOMETRIC_REPRESENTATION_CONTEXT(2) 
PARAMETRIC_REPRESENTATION_CONTEXT() REPRESENTATION_CONTEXT('2D SPACE',''
  ) );
#10785 = ADVANCED_FACE('',(#10786),#10436,.T.);
#10786 = FACE_BOUND('',#10787,.T.);
#10787 = EDGE_LOOP('',(#10788,#10808,#10809));
#10788 = ORIENTED_EDGE('',*,*,#10789,.T.);
#10789 = EDGE_CURVE('',#10389,#10695,#10790,.T.);
#10790 = SURFACE_CURVE('',#10791,(#10795,#10802),.PCURVE_S1.);
#10791 = LINE('',#10792,#10793);
#10792 = CARTESIAN_POINT('',(0.972999989986,-0.375,5.099999904633E-02));
#10793 = VECTOR('',#10794,1.);
#10794 = DIRECTION('',(0.,1.,0.));
#10795 = PCURVE('',#10436,#10796);
#10796 = DEFINITIONAL_REPRESENTATION('',(#10797),#10801);
#10797 = LINE('',#10798,#10799);
#10798 = CARTESIAN_POINT('',(-1.403724373654E-02,0.113537244213));
#10799 = VECTOR('',#10800,1.);
#10800 = DIRECTION('',(0.,-1.));
#10801 = ( GEOMETRIC_REPRESENTATION_CONTEXT(2) 
PARAMETRIC_REPRESENTATION_CONTEXT() REPRESENTATION_CONTEXT('2D SPACE',''
  ) );
#10802 = PCURVE('',#10491,#10803);
#10803 = DEFINITIONAL_REPRESENTATION('',(#10804),#10807);
#10804 = B_SPLINE_CURVE_WITH_KNOTS('',1,(#10805,#10806),.UNSPECIFIED.,
  .F.,.F.,(2,2),(0.,0.25),.PIECEWISE_BEZIER_KNOTS.);
#10805 = CARTESIAN_POINT('',(-0.190443174107,-7.794319198881E-02));
#10806 = CARTESIAN_POINT('',(-0.190443174107,0.172056808011));
#10807 = ( GEOMETRIC_REPRESENTATION_CONTEXT(2) 
PARAMETRIC_REPRESENTATION_CONTEXT() REPRESENTATION_CONTEXT('2D SPACE',''
  ) );
#10808 = ORIENTED_EDGE('',*,*,#10745,.F.);
#10809 = ORIENTED_EDGE('',*,*,#10420,.F.);
#10810 = ADVANCED_FACE('',(#10811),#10461,.T.);
#10811 = FACE_BOUND('',#10812,.T.);
#10812 = EDGE_LOOP('',(#10813,#10833,#10834));
#10813 = ORIENTED_EDGE('',*,*,#10814,.T.);
#10814 = EDGE_CURVE('',#10421,#10532,#10815,.T.);
#10815 = SURFACE_CURVE('',#10816,(#10820,#10827),.PCURVE_S1.);
#10816 = LINE('',#10817,#10818);
#10817 = CARTESIAN_POINT('',(0.972999989986,-0.375,0.));
#10818 = VECTOR('',#10819,1.);
#10819 = DIRECTION('',(0.88491820793,0.465746460292,0.));
#10820 = PCURVE('',#10461,#10821);
#10821 = DEFINITIONAL_REPRESENTATION('',(#10822),#10826);
#10822 = LINE('',#10823,#10824);
#10823 = CARTESIAN_POINT('',(0.28455679013,-7.794319198881E-02));
#10824 = VECTOR('',#10825,1.);
#10825 = DIRECTION('',(-0.88491820793,0.465746460292));
#10826 = ( GEOMETRIC_REPRESENTATION_CONTEXT(2) 
PARAMETRIC_REPRESENTATION_CONTEXT() REPRESENTATION_CONTEXT('2D SPACE',''
  ) );
#10827 = PCURVE('',#10680,#10828);
#10828 = DEFINITIONAL_REPRESENTATION('',(#10829),#10832);
#10829 = B_SPLINE_CURVE_WITH_KNOTS('',1,(#10830,#10831),.UNSPECIFIED.,
  .F.,.F.,(2,2),(0.,0.536772732192),.PIECEWISE_BEZIER_KNOTS.);
#10830 = CARTESIAN_POINT('',(0.190443174107,-0.172056808011));
#10831 = CARTESIAN_POINT('',(-0.28455679013,7.794319198881E-02));
#10832 = ( GEOMETRIC_REPRESENTATION_CONTEXT(2) 
PARAMETRIC_REPRESENTATION_CONTEXT() REPRESENTATION_CONTEXT('2D SPACE',''
  ) );
#10833 = ORIENTED_EDGE('',*,*,#10559,.F.);
#10834 = ORIENTED_EDGE('',*,*,#10447,.F.);
#10835 = ADVANCED_FACE('',(#10836),#10680,.T.);
#10836 = FACE_BOUND('',#10837,.T.);
#10837 = EDGE_LOOP('',(#10838,#10839,#10840));
#10838 = ORIENTED_EDGE('',*,*,#10666,.F.);
#10839 = ORIENTED_EDGE('',*,*,#10814,.F.);
#10840 = ORIENTED_EDGE('',*,*,#10766,.F.);
#10841 = ADVANCED_FACE('',(#10842),#10491,.T.);
#10842 = FACE_BOUND('',#10843,.T.);
#10843 = EDGE_LOOP('',(#10844,#10864,#10865));
#10844 = ORIENTED_EDGE('',*,*,#10845,.T.);
#10845 = EDGE_CURVE('',#10476,#10695,#10846,.T.);
#10846 = SURFACE_CURVE('',#10847,(#10851,#10858),.PCURVE_S1.);
#10847 = LINE('',#10848,#10849);
#10848 = CARTESIAN_POINT('',(1.447999954224,-0.375,5.099999904633E-02));
#10849 = VECTOR('',#10850,1.);
#10850 = DIRECTION('',(-0.88491820793,0.465746460292,0.));
#10851 = PCURVE('',#10491,#10852);
#10852 = DEFINITIONAL_REPRESENTATION('',(#10853),#10857);
#10853 = LINE('',#10854,#10855);
#10854 = CARTESIAN_POINT('',(0.28455679013,-7.794319198881E-02));
#10855 = VECTOR('',#10856,1.);
#10856 = DIRECTION('',(-0.88491820793,0.465746460292));
#10857 = ( GEOMETRIC_REPRESENTATION_CONTEXT(2) 
PARAMETRIC_REPRESENTATION_CONTEXT() REPRESENTATION_CONTEXT('2D SPACE',''
  ) );
#10858 = PCURVE('',#10598,#10859);
#10859 = DEFINITIONAL_REPRESENTATION('',(#10860),#10863);
#10860 = B_SPLINE_CURVE_WITH_KNOTS('',1,(#10861,#10862),.UNSPECIFIED.,
  .F.,.F.,(2,2),(0.,0.536772732192),.PIECEWISE_BEZIER_KNOTS.);
#10861 = CARTESIAN_POINT('',(0.190443174107,-0.172056808011));
#10862 = CARTESIAN_POINT('',(-0.28455679013,7.794319198881E-02));
#10863 = ( GEOMETRIC_REPRESENTATION_CONTEXT(2) 
PARAMETRIC_REPRESENTATION_CONTEXT() REPRESENTATION_CONTEXT('2D SPACE',''
  ) );
#10864 = ORIENTED_EDGE('',*,*,#10789,.F.);
#10865 = ORIENTED_EDGE('',*,*,#10475,.F.);
#10866 = ADVANCED_FACE('',(#10867),#10598,.T.);
#10867 = FACE_BOUND('',#10868,.T.);
#10868 = EDGE_LOOP('',(#10869,#10870,#10871));
#10869 = ORIENTED_EDGE('',*,*,#10694,.F.);
#10870 = ORIENTED_EDGE('',*,*,#10845,.F.);
#10871 = ORIENTED_EDGE('',*,*,#10582,.F.);
#10872 = ( GEOMETRIC_REPRESENTATION_CONTEXT(3) 
GLOBAL_UNCERTAINTY_ASSIGNED_CONTEXT((#10876)) 
GLOBAL_UNIT_ASSIGNED_CONTEXT((#10873,#10874,#10875)) 
REPRESENTATION_CONTEXT('Context #1',
  '3D Context with UNIT and UNCERTAINTY') );
#10873 = ( LENGTH_UNIT() NAMED_UNIT(*) SI_UNIT(.MILLI.,.METRE.) );
#10874 = ( NAMED_UNIT(*) PLANE_ANGLE_UNIT() SI_UNIT($,.RADIAN.) );
#10875 = ( NAMED_UNIT(*) SI_UNIT($,.STERADIAN.) SOLID_ANGLE_UNIT() );
#10876 = UNCERTAINTY_MEASURE_WITH_UNIT(LENGTH_MEASURE(1.E-07),#10873,
  'distance_accuracy_value','confusion accuracy');
#10877 = SHAPE_DEFINITION_REPRESENTATION(#10878,#10379);
#10878 = PRODUCT_DEFINITION_SHAPE('','',#10879);
#10879 = PRODUCT_DEFINITION('design','',#10880,#10883);
#10880 = PRODUCT_DEFINITION_FORMATION('','',#10881);
#10881 = PRODUCT(' STEP translator 7.5 1.11',
  ' STEP translator 7.5 1.11','',(#10882));
#10882 = PRODUCT_CONTEXT('',#2,'mechanical');
#10883 = PRODUCT_DEFINITION_CONTEXT('part definition',#2,'design');
#10884 = CONTEXT_DEPENDENT_SHAPE_REPRESENTATION(#10885,#10887);
#10885 = ( REPRESENTATION_RELATIONSHIP('','',#10379,#10) 
REPRESENTATION_RELATIONSHIP_WITH_TRANSFORMATION(#10886) 
SHAPE_REPRESENTATION_RELATIONSHIP() );
#10886 = ITEM_DEFINED_TRANSFORMATION('','',#11,#55);
#10887 = PRODUCT_DEFINITION_SHAPE('Placement','Placement of an item',
  #10888);
#10888 = NEXT_ASSEMBLY_USAGE_OCCURRENCE('11','','',#5,#10879,$);
#10889 = PRODUCT_RELATED_PRODUCT_CATEGORY('part',$,(#10881));
#10890 = MANIFOLD_SURFACE_SHAPE_REPRESENTATION('',(#11,#10891),#11383);
#10891 = SHELL_BASED_SURFACE_MODEL('',(#10892));
#10892 = CLOSED_SHELL('',(#10893,#10982,#11038,#11089,#11145,#11201,
    #11252,#11296,#11321,#11346,#11352,#11377));
#10893 = ADVANCED_FACE('',(#10894),#10908,.T.);
#10894 = FACE_BOUND('',#10895,.T.);
#10895 = EDGE_LOOP('',(#10896,#10930,#10957));
#10896 = ORIENTED_EDGE('',*,*,#10897,.T.);
#10897 = EDGE_CURVE('',#10898,#10900,#10902,.T.);
#10898 = VERTEX_POINT('',#10899);
#10899 = CARTESIAN_POINT('',(1.447999954224,0.125,0.));
#10900 = VERTEX_POINT('',#10901);
#10901 = CARTESIAN_POINT('',(0.972999989986,0.125,5.099999904633E-02));
#10902 = SURFACE_CURVE('',#10903,(#10907,#10919),.PCURVE_S1.);
#10903 = LINE('',#10904,#10905);
#10904 = CARTESIAN_POINT('',(1.447999954224,0.125,0.));
#10905 = VECTOR('',#10906,1.);
#10906 = DIRECTION('',(-0.99428537182,0.,0.106754856489));
#10907 = PCURVE('',#10908,#10913);
#10908 = PLANE('',#10909);
#10909 = AXIS2_PLACEMENT_3D('',#10910,#10911,#10912);
#10910 = CARTESIAN_POINT('',(1.198432484693,0.125,1.343251211113E-02));
#10911 = DIRECTION('',(-0.,-1.,-0.));
#10912 = DIRECTION('',(0.,0.,-1.));
#10913 = DEFINITIONAL_REPRESENTATION('',(#10914),#10918);
#10914 = LINE('',#10915,#10916);
#10915 = CARTESIAN_POINT('',(1.343251211113E-02,0.249567469531));
#10916 = VECTOR('',#10917,1.);
#10917 = DIRECTION('',(-0.106754856489,-0.99428537182));
#10918 = ( GEOMETRIC_REPRESENTATION_CONTEXT(2) 
PARAMETRIC_REPRESENTATION_CONTEXT() REPRESENTATION_CONTEXT('2D SPACE',''
  ) );
#10919 = PCURVE('',#10920,#10925);
#10920 = PLANE('',#10921);
#10921 = AXIS2_PLACEMENT_3D('',#10922,#10923,#10924);
#10922 = CARTESIAN_POINT('',(1.222567459517,0.125,3.75674869352E-02));
#10923 = DIRECTION('',(-0.,-1.,-0.));
#10924 = DIRECTION('',(0.,0.,-1.));
#10925 = DEFINITIONAL_REPRESENTATION('',(#10926),#10929);
#10926 = B_SPLINE_CURVE_WITH_KNOTS('',1,(#10927,#10928),.UNSPECIFIED.,
  .F.,.F.,(2,2),(0.,0.477730013635),.PIECEWISE_BEZIER_KNOTS.);
#10927 = CARTESIAN_POINT('',(3.75674869352E-02,0.225432494707));
#10928 = CARTESIAN_POINT('',(-1.343251211113E-02,-0.249567469531));
#10929 = ( GEOMETRIC_REPRESENTATION_CONTEXT(2) 
PARAMETRIC_REPRESENTATION_CONTEXT() REPRESENTATION_CONTEXT('2D SPACE',''
  ) );
#10930 = ORIENTED_EDGE('',*,*,#10931,.T.);
#10931 = EDGE_CURVE('',#10900,#10932,#10934,.T.);
#10932 = VERTEX_POINT('',#10933);
#10933 = CARTESIAN_POINT('',(0.972999989986,0.125,0.));
#10934 = SURFACE_CURVE('',#10935,(#10939,#10946),.PCURVE_S1.);
#10935 = LINE('',#10936,#10937);
#10936 = CARTESIAN_POINT('',(0.972999989986,0.125,5.099999904633E-02));
#10937 = VECTOR('',#10938,1.);
#10938 = DIRECTION('',(0.,0.,-1.));
#10939 = PCURVE('',#10908,#10940);
#10940 = DEFINITIONAL_REPRESENTATION('',(#10941),#10945);
#10941 = LINE('',#10942,#10943);
#10942 = CARTESIAN_POINT('',(-3.75674869352E-02,-0.225432494707));
#10943 = VECTOR('',#10944,1.);
#10944 = DIRECTION('',(1.,0.));
#10945 = ( GEOMETRIC_REPRESENTATION_CONTEXT(2) 
PARAMETRIC_REPRESENTATION_CONTEXT() REPRESENTATION_CONTEXT('2D SPACE',''
  ) );
#10946 = PCURVE('',#10947,#10952);
#10947 = PLANE('',#10948);
#10948 = AXIS2_PLACEMENT_3D('',#10949,#10950,#10951);
#10949 = CARTESIAN_POINT('',(0.972999989986,0.238537244213,
    3.696275530979E-02));
#10950 = DIRECTION('',(-1.,-0.,-0.));
#10951 = DIRECTION('',(0.,0.,-1.));
#10952 = DEFINITIONAL_REPRESENTATION('',(#10953),#10956);
#10953 = B_SPLINE_CURVE_WITH_KNOTS('',1,(#10954,#10955),.UNSPECIFIED.,
  .F.,.F.,(2,2),(0.,5.099999904633E-02),.PIECEWISE_BEZIER_KNOTS.);
#10954 = CARTESIAN_POINT('',(-1.403724373654E-02,0.113537244213));
#10955 = CARTESIAN_POINT('',(3.696275530979E-02,0.113537244213));
#10956 = ( GEOMETRIC_REPRESENTATION_CONTEXT(2) 
PARAMETRIC_REPRESENTATION_CONTEXT() REPRESENTATION_CONTEXT('2D SPACE',''
  ) );
#10957 = ORIENTED_EDGE('',*,*,#10958,.T.);
#10958 = EDGE_CURVE('',#10932,#10898,#10959,.T.);
#10959 = SURFACE_CURVE('',#10960,(#10964,#10971),.PCURVE_S1.);
#10960 = LINE('',#10961,#10962);
#10961 = CARTESIAN_POINT('',(0.972999989986,0.125,0.));
#10962 = VECTOR('',#10963,1.);
#10963 = DIRECTION('',(1.,0.,0.));
#10964 = PCURVE('',#10908,#10965);
#10965 = DEFINITIONAL_REPRESENTATION('',(#10966),#10970);
#10966 = LINE('',#10967,#10968);
#10967 = CARTESIAN_POINT('',(1.343251211113E-02,-0.225432494707));
#10968 = VECTOR('',#10969,1.);
#10969 = DIRECTION('',(0.,1.));
#10970 = ( GEOMETRIC_REPRESENTATION_CONTEXT(2) 
PARAMETRIC_REPRESENTATION_CONTEXT() REPRESENTATION_CONTEXT('2D SPACE',''
  ) );
#10971 = PCURVE('',#10972,#10977);
#10972 = PLANE('',#10973);
#10973 = AXIS2_PLACEMENT_3D('',#10974,#10975,#10976);
#10974 = CARTESIAN_POINT('',(1.257556780116,0.202943191989,0.));
#10975 = DIRECTION('',(-0.,-0.,-1.));
#10976 = DIRECTION('',(-1.,0.,0.));
#10977 = DEFINITIONAL_REPRESENTATION('',(#10978),#10981);
#10978 = B_SPLINE_CURVE_WITH_KNOTS('',1,(#10979,#10980),.UNSPECIFIED.,
  .F.,.F.,(2,2),(0.,0.474999964237),.PIECEWISE_BEZIER_KNOTS.);
#10979 = CARTESIAN_POINT('',(0.28455679013,-7.794319198881E-02));
#10980 = CARTESIAN_POINT('',(-0.190443174107,-7.794319198881E-02));
#10981 = ( GEOMETRIC_REPRESENTATION_CONTEXT(2) 
PARAMETRIC_REPRESENTATION_CONTEXT() REPRESENTATION_CONTEXT('2D SPACE',''
  ) );
#10982 = ADVANCED_FACE('',(#10983),#10920,.T.);
#10983 = FACE_BOUND('',#10984,.T.);
#10984 = EDGE_LOOP('',(#10985,#11012,#11013));
#10985 = ORIENTED_EDGE('',*,*,#10986,.T.);
#10986 = EDGE_CURVE('',#10987,#10900,#10989,.T.);
#10987 = VERTEX_POINT('',#10988);
#10988 = CARTESIAN_POINT('',(1.447999954224,0.125,5.099999904633E-02));
#10989 = SURFACE_CURVE('',#10990,(#10994,#11001),.PCURVE_S1.);
#10990 = LINE('',#10991,#10992);
#10991 = CARTESIAN_POINT('',(1.447999954224,0.125,5.099999904633E-02));
#10992 = VECTOR('',#10993,1.);
#10993 = DIRECTION('',(-1.,0.,0.));
#10994 = PCURVE('',#10920,#10995);
#10995 = DEFINITIONAL_REPRESENTATION('',(#10996),#11000);
#10996 = LINE('',#10997,#10998);
#10997 = CARTESIAN_POINT('',(-1.343251211113E-02,0.225432494707));
#10998 = VECTOR('',#10999,1.);
#10999 = DIRECTION('',(0.,-1.));
#11000 = ( GEOMETRIC_REPRESENTATION_CONTEXT(2) 
PARAMETRIC_REPRESENTATION_CONTEXT() REPRESENTATION_CONTEXT('2D SPACE',''
  ) );
#11001 = PCURVE('',#11002,#11007);
#11002 = PLANE('',#11003);
#11003 = AXIS2_PLACEMENT_3D('',#11004,#11005,#11006);
#11004 = CARTESIAN_POINT('',(1.163443164094,0.202943191989,
    5.099999904633E-02));
#11005 = DIRECTION('',(0.,0.,1.));
#11006 = DIRECTION('',(1.,0.,-0.));
#11007 = DEFINITIONAL_REPRESENTATION('',(#11008),#11011);
#11008 = B_SPLINE_CURVE_WITH_KNOTS('',1,(#11009,#11010),.UNSPECIFIED.,
  .F.,.F.,(2,2),(0.,0.474999964237),.PIECEWISE_BEZIER_KNOTS.);
#11009 = CARTESIAN_POINT('',(0.28455679013,-7.794319198881E-02));
#11010 = CARTESIAN_POINT('',(-0.190443174107,-7.794319198881E-02));
#11011 = ( GEOMETRIC_REPRESENTATION_CONTEXT(2) 
PARAMETRIC_REPRESENTATION_CONTEXT() REPRESENTATION_CONTEXT('2D SPACE',''
  ) );
#11012 = ORIENTED_EDGE('',*,*,#10897,.F.);
#11013 = ORIENTED_EDGE('',*,*,#11014,.T.);
#11014 = EDGE_CURVE('',#10898,#10987,#11015,.T.);
#11015 = SURFACE_CURVE('',#11016,(#11020,#11027),.PCURVE_S1.);
#11016 = LINE('',#11017,#11018);
#11017 = CARTESIAN_POINT('',(1.447999954224,0.125,0.));
#11018 = VECTOR('',#11019,1.);
#11019 = DIRECTION('',(0.,0.,1.));
#11020 = PCURVE('',#10920,#11021);
#11021 = DEFINITIONAL_REPRESENTATION('',(#11022),#11026);
#11022 = LINE('',#11023,#11024);
#11023 = CARTESIAN_POINT('',(3.75674869352E-02,0.225432494707));
#11024 = VECTOR('',#11025,1.);
#11025 = DIRECTION('',(-1.,0.));
#11026 = ( GEOMETRIC_REPRESENTATION_CONTEXT(2) 
PARAMETRIC_REPRESENTATION_CONTEXT() REPRESENTATION_CONTEXT('2D SPACE',''
  ) );
#11027 = PCURVE('',#11028,#11033);
#11028 = PLANE('',#11029);
#11029 = AXIS2_PLACEMENT_3D('',#11030,#11031,#11032);
#11030 = CARTESIAN_POINT('',(1.447999954224,0.238537244213,
    1.403724373654E-02));
#11031 = DIRECTION('',(1.,0.,0.));
#11032 = DIRECTION('',(-0.,0.,1.));
#11033 = DEFINITIONAL_REPRESENTATION('',(#11034),#11037);
#11034 = B_SPLINE_CURVE_WITH_KNOTS('',1,(#11035,#11036),.UNSPECIFIED.,
  .F.,.F.,(2,2),(0.,5.099999904633E-02),.PIECEWISE_BEZIER_KNOTS.);
#11035 = CARTESIAN_POINT('',(-1.403724373654E-02,0.113537244213));
#11036 = CARTESIAN_POINT('',(3.696275530979E-02,0.113537244213));
#11037 = ( GEOMETRIC_REPRESENTATION_CONTEXT(2) 
PARAMETRIC_REPRESENTATION_CONTEXT() REPRESENTATION_CONTEXT('2D SPACE',''
  ) );
#11038 = ADVANCED_FACE('',(#11039),#11028,.T.);
#11039 = FACE_BOUND('',#11040,.T.);
#11040 = EDGE_LOOP('',(#11041,#11068,#11069));
#11041 = ORIENTED_EDGE('',*,*,#11042,.T.);
#11042 = EDGE_CURVE('',#11043,#10987,#11045,.T.);
#11043 = VERTEX_POINT('',#11044);
#11044 = CARTESIAN_POINT('',(1.447999954224,0.375,0.));
#11045 = SURFACE_CURVE('',#11046,(#11050,#11057),.PCURVE_S1.);
#11046 = LINE('',#11047,#11048);
#11047 = CARTESIAN_POINT('',(1.447999954224,0.375,0.));
#11048 = VECTOR('',#11049,1.);
#11049 = DIRECTION('',(0.,-0.979819727351,0.199883220642));
#11050 = PCURVE('',#11028,#11051);
#11051 = DEFINITIONAL_REPRESENTATION('',(#11052),#11056);
#11052 = LINE('',#11053,#11054);
#11053 = CARTESIAN_POINT('',(-1.403724373654E-02,-0.136462755787));
#11054 = VECTOR('',#11055,1.);
#11055 = DIRECTION('',(0.199883220642,0.979819727351));
#11056 = ( GEOMETRIC_REPRESENTATION_CONTEXT(2) 
PARAMETRIC_REPRESENTATION_CONTEXT() REPRESENTATION_CONTEXT('2D SPACE',''
  ) );
#11057 = PCURVE('',#11058,#11063);
#11058 = PLANE('',#11059);
#11059 = AXIS2_PLACEMENT_3D('',#11060,#11061,#11062);
#11060 = CARTESIAN_POINT('',(1.447999954224,0.261462755787,
    3.696275530979E-02));
#11061 = DIRECTION('',(1.,0.,0.));
#11062 = DIRECTION('',(-0.,0.,1.));
#11063 = DEFINITIONAL_REPRESENTATION('',(#11064),#11067);
#11064 = B_SPLINE_CURVE_WITH_KNOTS('',1,(#11065,#11066),.UNSPECIFIED.,
  .F.,.F.,(2,2),(0.,0.2551489759),.PIECEWISE_BEZIER_KNOTS.);
#11065 = CARTESIAN_POINT('',(-3.696275530979E-02,-0.113537244213));
#11066 = CARTESIAN_POINT('',(1.403724373654E-02,0.136462755787));
#11067 = ( GEOMETRIC_REPRESENTATION_CONTEXT(2) 
PARAMETRIC_REPRESENTATION_CONTEXT() REPRESENTATION_CONTEXT('2D SPACE',''
  ) );
#11068 = ORIENTED_EDGE('',*,*,#11014,.F.);
#11069 = ORIENTED_EDGE('',*,*,#11070,.T.);
#11070 = EDGE_CURVE('',#10898,#11043,#11071,.T.);
#11071 = SURFACE_CURVE('',#11072,(#11076,#11083),.PCURVE_S1.);
#11072 = LINE('',#11073,#11074);
#11073 = CARTESIAN_POINT('',(1.447999954224,0.125,0.));
#11074 = VECTOR('',#11075,1.);
#11075 = DIRECTION('',(0.,1.,0.));
#11076 = PCURVE('',#11028,#11077);
#11077 = DEFINITIONAL_REPRESENTATION('',(#11078),#11082);
#11078 = LINE('',#11079,#11080);
#11079 = CARTESIAN_POINT('',(-1.403724373654E-02,0.113537244213));
#11080 = VECTOR('',#11081,1.);
#11081 = DIRECTION('',(0.,-1.));
#11082 = ( GEOMETRIC_REPRESENTATION_CONTEXT(2) 
PARAMETRIC_REPRESENTATION_CONTEXT() REPRESENTATION_CONTEXT('2D SPACE',''
  ) );
#11083 = PCURVE('',#10972,#11084);
#11084 = DEFINITIONAL_REPRESENTATION('',(#11085),#11088);
#11085 = B_SPLINE_CURVE_WITH_KNOTS('',1,(#11086,#11087),.UNSPECIFIED.,
  .F.,.F.,(2,2),(0.,0.25),.PIECEWISE_BEZIER_KNOTS.);
#11086 = CARTESIAN_POINT('',(-0.190443174107,-7.794319198881E-02));
#11087 = CARTESIAN_POINT('',(-0.190443174107,0.172056808011));
#11088 = ( GEOMETRIC_REPRESENTATION_CONTEXT(2) 
PARAMETRIC_REPRESENTATION_CONTEXT() REPRESENTATION_CONTEXT('2D SPACE',''
  ) );
#11089 = ADVANCED_FACE('',(#11090),#11058,.T.);
#11090 = FACE_BOUND('',#11091,.T.);
#11091 = EDGE_LOOP('',(#11092,#11119,#11120));
#11092 = ORIENTED_EDGE('',*,*,#11093,.T.);
#11093 = EDGE_CURVE('',#11094,#10987,#11096,.T.);
#11094 = VERTEX_POINT('',#11095);
#11095 = CARTESIAN_POINT('',(1.447999954224,0.375,5.099999904633E-02));
#11096 = SURFACE_CURVE('',#11097,(#11101,#11108),.PCURVE_S1.);
#11097 = LINE('',#11098,#11099);
#11098 = CARTESIAN_POINT('',(1.447999954224,0.375,5.099999904633E-02));
#11099 = VECTOR('',#11100,1.);
#11100 = DIRECTION('',(0.,-1.,0.));
#11101 = PCURVE('',#11058,#11102);
#11102 = DEFINITIONAL_REPRESENTATION('',(#11103),#11107);
#11103 = LINE('',#11104,#11105);
#11104 = CARTESIAN_POINT('',(1.403724373654E-02,-0.113537244213));
#11105 = VECTOR('',#11106,1.);
#11106 = DIRECTION('',(0.,1.));
#11107 = ( GEOMETRIC_REPRESENTATION_CONTEXT(2) 
PARAMETRIC_REPRESENTATION_CONTEXT() REPRESENTATION_CONTEXT('2D SPACE',''
  ) );
#11108 = PCURVE('',#11109,#11114);
#11109 = PLANE('',#11110);
#11110 = AXIS2_PLACEMENT_3D('',#11111,#11112,#11113);
#11111 = CARTESIAN_POINT('',(1.257556780116,0.297056808011,
    5.099999904633E-02));
#11112 = DIRECTION('',(0.,0.,1.));
#11113 = DIRECTION('',(1.,0.,-0.));
#11114 = DEFINITIONAL_REPRESENTATION('',(#11115),#11118);
#11115 = B_SPLINE_CURVE_WITH_KNOTS('',1,(#11116,#11117),.UNSPECIFIED.,
  .F.,.F.,(2,2),(0.,0.25),.PIECEWISE_BEZIER_KNOTS.);
#11116 = CARTESIAN_POINT('',(0.190443174107,7.794319198881E-02));
#11117 = CARTESIAN_POINT('',(0.190443174107,-0.172056808011));
#11118 = ( GEOMETRIC_REPRESENTATION_CONTEXT(2) 
PARAMETRIC_REPRESENTATION_CONTEXT() REPRESENTATION_CONTEXT('2D SPACE',''
  ) );
#11119 = ORIENTED_EDGE('',*,*,#11042,.F.);
#11120 = ORIENTED_EDGE('',*,*,#11121,.T.);
#11121 = EDGE_CURVE('',#11043,#11094,#11122,.T.);
#11122 = SURFACE_CURVE('',#11123,(#11127,#11134),.PCURVE_S1.);
#11123 = LINE('',#11124,#11125);
#11124 = CARTESIAN_POINT('',(1.447999954224,0.375,0.));
#11125 = VECTOR('',#11126,1.);
#11126 = DIRECTION('',(0.,0.,1.));
#11127 = PCURVE('',#11058,#11128);
#11128 = DEFINITIONAL_REPRESENTATION('',(#11129),#11133);
#11129 = LINE('',#11130,#11131);
#11130 = CARTESIAN_POINT('',(-3.696275530979E-02,-0.113537244213));
#11131 = VECTOR('',#11132,1.);
#11132 = DIRECTION('',(1.,0.));
#11133 = ( GEOMETRIC_REPRESENTATION_CONTEXT(2) 
PARAMETRIC_REPRESENTATION_CONTEXT() REPRESENTATION_CONTEXT('2D SPACE',''
  ) );
#11134 = PCURVE('',#11135,#11140);
#11135 = PLANE('',#11136);
#11136 = AXIS2_PLACEMENT_3D('',#11137,#11138,#11139);
#11137 = CARTESIAN_POINT('',(1.222567459517,0.375,1.343251211113E-02));
#11138 = DIRECTION('',(0.,1.,0.));
#11139 = DIRECTION('',(0.,-0.,1.));
#11140 = DEFINITIONAL_REPRESENTATION('',(#11141),#11144);
#11141 = B_SPLINE_CURVE_WITH_KNOTS('',1,(#11142,#11143),.UNSPECIFIED.,
  .F.,.F.,(2,2),(0.,5.099999904633E-02),.PIECEWISE_BEZIER_KNOTS.);
#11142 = CARTESIAN_POINT('',(-1.343251211113E-02,0.225432494707));
#11143 = CARTESIAN_POINT('',(3.75674869352E-02,0.225432494707));
#11144 = ( GEOMETRIC_REPRESENTATION_CONTEXT(2) 
PARAMETRIC_REPRESENTATION_CONTEXT() REPRESENTATION_CONTEXT('2D SPACE',''
  ) );
#11145 = ADVANCED_FACE('',(#11146),#11135,.T.);
#11146 = FACE_BOUND('',#11147,.T.);
#11147 = EDGE_LOOP('',(#11148,#11175,#11176));
#11148 = ORIENTED_EDGE('',*,*,#11149,.T.);
#11149 = EDGE_CURVE('',#11150,#11094,#11152,.T.);
#11150 = VERTEX_POINT('',#11151);
#11151 = CARTESIAN_POINT('',(0.972999989986,0.375,0.));
#11152 = SURFACE_CURVE('',#11153,(#11157,#11164),.PCURVE_S1.);
#11153 = LINE('',#11154,#11155);
#11154 = CARTESIAN_POINT('',(0.972999989986,0.375,0.));
#11155 = VECTOR('',#11156,1.);
#11156 = DIRECTION('',(0.99428537182,0.,0.106754856489));
#11157 = PCURVE('',#11135,#11158);
#11158 = DEFINITIONAL_REPRESENTATION('',(#11159),#11163);
#11159 = LINE('',#11160,#11161);
#11160 = CARTESIAN_POINT('',(-1.343251211113E-02,-0.249567469531));
#11161 = VECTOR('',#11162,1.);
#11162 = DIRECTION('',(0.106754856489,0.99428537182));
#11163 = ( GEOMETRIC_REPRESENTATION_CONTEXT(2) 
PARAMETRIC_REPRESENTATION_CONTEXT() REPRESENTATION_CONTEXT('2D SPACE',''
  ) );
#11164 = PCURVE('',#11165,#11170);
#11165 = PLANE('',#11166);
#11166 = AXIS2_PLACEMENT_3D('',#11167,#11168,#11169);
#11167 = CARTESIAN_POINT('',(1.198432484693,0.375,3.75674869352E-02));
#11168 = DIRECTION('',(0.,1.,0.));
#11169 = DIRECTION('',(0.,-0.,1.));
#11170 = DEFINITIONAL_REPRESENTATION('',(#11171),#11174);
#11171 = B_SPLINE_CURVE_WITH_KNOTS('',1,(#11172,#11173),.UNSPECIFIED.,
  .F.,.F.,(2,2),(0.,0.477730013635),.PIECEWISE_BEZIER_KNOTS.);
#11172 = CARTESIAN_POINT('',(-3.75674869352E-02,-0.225432494707));
#11173 = CARTESIAN_POINT('',(1.343251211113E-02,0.249567469531));
#11174 = ( GEOMETRIC_REPRESENTATION_CONTEXT(2) 
PARAMETRIC_REPRESENTATION_CONTEXT() REPRESENTATION_CONTEXT('2D SPACE',''
  ) );
#11175 = ORIENTED_EDGE('',*,*,#11121,.F.);
#11176 = ORIENTED_EDGE('',*,*,#11177,.T.);
#11177 = EDGE_CURVE('',#11043,#11150,#11178,.T.);
#11178 = SURFACE_CURVE('',#11179,(#11183,#11190),.PCURVE_S1.);
#11179 = LINE('',#11180,#11181);
#11180 = CARTESIAN_POINT('',(1.447999954224,0.375,0.));
#11181 = VECTOR('',#11182,1.);
#11182 = DIRECTION('',(-1.,0.,0.));
#11183 = PCURVE('',#11135,#11184);
#11184 = DEFINITIONAL_REPRESENTATION('',(#11185),#11189);
#11185 = LINE('',#11186,#11187);
#11186 = CARTESIAN_POINT('',(-1.343251211113E-02,0.225432494707));
#11187 = VECTOR('',#11188,1.);
#11188 = DIRECTION('',(0.,-1.));
#11189 = ( GEOMETRIC_REPRESENTATION_CONTEXT(2) 
PARAMETRIC_REPRESENTATION_CONTEXT() REPRESENTATION_CONTEXT('2D SPACE',''
  ) );
#11190 = PCURVE('',#11191,#11196);
#11191 = PLANE('',#11192);
#11192 = AXIS2_PLACEMENT_3D('',#11193,#11194,#11195);
#11193 = CARTESIAN_POINT('',(1.163443164094,0.297056808011,0.));
#11194 = DIRECTION('',(-0.,-0.,-1.));
#11195 = DIRECTION('',(-1.,0.,0.));
#11196 = DEFINITIONAL_REPRESENTATION('',(#11197),#11200);
#11197 = B_SPLINE_CURVE_WITH_KNOTS('',1,(#11198,#11199),.UNSPECIFIED.,
  .F.,.F.,(2,2),(0.,0.474999964237),.PIECEWISE_BEZIER_KNOTS.);
#11198 = CARTESIAN_POINT('',(-0.28455679013,7.794319198881E-02));
#11199 = CARTESIAN_POINT('',(0.190443174107,7.794319198881E-02));
#11200 = ( GEOMETRIC_REPRESENTATION_CONTEXT(2) 
PARAMETRIC_REPRESENTATION_CONTEXT() REPRESENTATION_CONTEXT('2D SPACE',''
  ) );
#11201 = ADVANCED_FACE('',(#11202),#11165,.T.);
#11202 = FACE_BOUND('',#11203,.T.);
#11203 = EDGE_LOOP('',(#11204,#11226,#11227));
#11204 = ORIENTED_EDGE('',*,*,#11205,.T.);
#11205 = EDGE_CURVE('',#11206,#11094,#11208,.T.);
#11206 = VERTEX_POINT('',#11207);
#11207 = CARTESIAN_POINT('',(0.972999989986,0.375,5.099999904633E-02));
#11208 = SURFACE_CURVE('',#11209,(#11213,#11220),.PCURVE_S1.);
#11209 = LINE('',#11210,#11211);
#11210 = CARTESIAN_POINT('',(0.972999989986,0.375,5.099999904633E-02));
#11211 = VECTOR('',#11212,1.);
#11212 = DIRECTION('',(1.,0.,0.));
#11213 = PCURVE('',#11165,#11214);
#11214 = DEFINITIONAL_REPRESENTATION('',(#11215),#11219);
#11215 = LINE('',#11216,#11217);
#11216 = CARTESIAN_POINT('',(1.343251211113E-02,-0.225432494707));
#11217 = VECTOR('',#11218,1.);
#11218 = DIRECTION('',(0.,1.));
#11219 = ( GEOMETRIC_REPRESENTATION_CONTEXT(2) 
PARAMETRIC_REPRESENTATION_CONTEXT() REPRESENTATION_CONTEXT('2D SPACE',''
  ) );
#11220 = PCURVE('',#11109,#11221);
#11221 = DEFINITIONAL_REPRESENTATION('',(#11222),#11225);
#11222 = B_SPLINE_CURVE_WITH_KNOTS('',1,(#11223,#11224),.UNSPECIFIED.,
  .F.,.F.,(2,2),(0.,0.474999964237),.PIECEWISE_BEZIER_KNOTS.);
#11223 = CARTESIAN_POINT('',(-0.28455679013,7.794319198881E-02));
#11224 = CARTESIAN_POINT('',(0.190443174107,7.794319198881E-02));
#11225 = ( GEOMETRIC_REPRESENTATION_CONTEXT(2) 
PARAMETRIC_REPRESENTATION_CONTEXT() REPRESENTATION_CONTEXT('2D SPACE',''
  ) );
#11226 = ORIENTED_EDGE('',*,*,#11149,.F.);
#11227 = ORIENTED_EDGE('',*,*,#11228,.T.);
#11228 = EDGE_CURVE('',#11150,#11206,#11229,.T.);
#11229 = SURFACE_CURVE('',#11230,(#11234,#11241),.PCURVE_S1.);
#11230 = LINE('',#11231,#11232);
#11231 = CARTESIAN_POINT('',(0.972999989986,0.375,0.));
#11232 = VECTOR('',#11233,1.);
#11233 = DIRECTION('',(0.,0.,1.));
#11234 = PCURVE('',#11165,#11235);
#11235 = DEFINITIONAL_REPRESENTATION('',(#11236),#11240);
#11236 = LINE('',#11237,#11238);
#11237 = CARTESIAN_POINT('',(-3.75674869352E-02,-0.225432494707));
#11238 = VECTOR('',#11239,1.);
#11239 = DIRECTION('',(1.,0.));
#11240 = ( GEOMETRIC_REPRESENTATION_CONTEXT(2) 
PARAMETRIC_REPRESENTATION_CONTEXT() REPRESENTATION_CONTEXT('2D SPACE',''
  ) );
#11241 = PCURVE('',#11242,#11247);
#11242 = PLANE('',#11243);
#11243 = AXIS2_PLACEMENT_3D('',#11244,#11245,#11246);
#11244 = CARTESIAN_POINT('',(0.972999989986,0.261462755787,
    1.403724373654E-02));
#11245 = DIRECTION('',(-1.,-0.,-0.));
#11246 = DIRECTION('',(0.,0.,-1.));
#11247 = DEFINITIONAL_REPRESENTATION('',(#11248),#11251);
#11248 = B_SPLINE_CURVE_WITH_KNOTS('',1,(#11249,#11250),.UNSPECIFIED.,
  .F.,.F.,(2,2),(0.,5.099999904633E-02),.PIECEWISE_BEZIER_KNOTS.);
#11249 = CARTESIAN_POINT('',(1.403724373654E-02,-0.113537244213));
#11250 = CARTESIAN_POINT('',(-3.696275530979E-02,-0.113537244213));
#11251 = ( GEOMETRIC_REPRESENTATION_CONTEXT(2) 
PARAMETRIC_REPRESENTATION_CONTEXT() REPRESENTATION_CONTEXT('2D SPACE',''
  ) );
#11252 = ADVANCED_FACE('',(#11253),#11242,.T.);
#11253 = FACE_BOUND('',#11254,.T.);
#11254 = EDGE_LOOP('',(#11255,#11275,#11276));
#11255 = ORIENTED_EDGE('',*,*,#11256,.T.);
#11256 = EDGE_CURVE('',#10932,#11206,#11257,.T.);
#11257 = SURFACE_CURVE('',#11258,(#11262,#11269),.PCURVE_S1.);
#11258 = LINE('',#11259,#11260);
#11259 = CARTESIAN_POINT('',(0.972999989986,0.125,0.));
#11260 = VECTOR('',#11261,1.);
#11261 = DIRECTION('',(0.,0.979819727351,0.199883220642));
#11262 = PCURVE('',#11242,#11263);
#11263 = DEFINITIONAL_REPRESENTATION('',(#11264),#11268);
#11264 = LINE('',#11265,#11266);
#11265 = CARTESIAN_POINT('',(1.403724373654E-02,0.136462755787));
#11266 = VECTOR('',#11267,1.);
#11267 = DIRECTION('',(-0.199883220642,-0.979819727351));
#11268 = ( GEOMETRIC_REPRESENTATION_CONTEXT(2) 
PARAMETRIC_REPRESENTATION_CONTEXT() REPRESENTATION_CONTEXT('2D SPACE',''
  ) );
#11269 = PCURVE('',#10947,#11270);
#11270 = DEFINITIONAL_REPRESENTATION('',(#11271),#11274);
#11271 = B_SPLINE_CURVE_WITH_KNOTS('',1,(#11272,#11273),.UNSPECIFIED.,
  .F.,.F.,(2,2),(0.,0.2551489759),.PIECEWISE_BEZIER_KNOTS.);
#11272 = CARTESIAN_POINT('',(3.696275530979E-02,0.113537244213));
#11273 = CARTESIAN_POINT('',(-1.403724373654E-02,-0.136462755787));
#11274 = ( GEOMETRIC_REPRESENTATION_CONTEXT(2) 
PARAMETRIC_REPRESENTATION_CONTEXT() REPRESENTATION_CONTEXT('2D SPACE',''
  ) );
#11275 = ORIENTED_EDGE('',*,*,#11228,.F.);
#11276 = ORIENTED_EDGE('',*,*,#11277,.T.);
#11277 = EDGE_CURVE('',#11150,#10932,#11278,.T.);
#11278 = SURFACE_CURVE('',#11279,(#11283,#11290),.PCURVE_S1.);
#11279 = LINE('',#11280,#11281);
#11280 = CARTESIAN_POINT('',(0.972999989986,0.375,0.));
#11281 = VECTOR('',#11282,1.);
#11282 = DIRECTION('',(0.,-1.,0.));
#11283 = PCURVE('',#11242,#11284);
#11284 = DEFINITIONAL_REPRESENTATION('',(#11285),#11289);
#11285 = LINE('',#11286,#11287);
#11286 = CARTESIAN_POINT('',(1.403724373654E-02,-0.113537244213));
#11287 = VECTOR('',#11288,1.);
#11288 = DIRECTION('',(0.,1.));
#11289 = ( GEOMETRIC_REPRESENTATION_CONTEXT(2) 
PARAMETRIC_REPRESENTATION_CONTEXT() REPRESENTATION_CONTEXT('2D SPACE',''
  ) );
#11290 = PCURVE('',#11191,#11291);
#11291 = DEFINITIONAL_REPRESENTATION('',(#11292),#11295);
#11292 = B_SPLINE_CURVE_WITH_KNOTS('',1,(#11293,#11294),.UNSPECIFIED.,
  .F.,.F.,(2,2),(0.,0.25),.PIECEWISE_BEZIER_KNOTS.);
#11293 = CARTESIAN_POINT('',(0.190443174107,7.794319198881E-02));
#11294 = CARTESIAN_POINT('',(0.190443174107,-0.172056808011));
#11295 = ( GEOMETRIC_REPRESENTATION_CONTEXT(2) 
PARAMETRIC_REPRESENTATION_CONTEXT() REPRESENTATION_CONTEXT('2D SPACE',''
  ) );
#11296 = ADVANCED_FACE('',(#11297),#10947,.T.);
#11297 = FACE_BOUND('',#11298,.T.);
#11298 = EDGE_LOOP('',(#11299,#11319,#11320));
#11299 = ORIENTED_EDGE('',*,*,#11300,.T.);
#11300 = EDGE_CURVE('',#10900,#11206,#11301,.T.);
#11301 = SURFACE_CURVE('',#11302,(#11306,#11313),.PCURVE_S1.);
#11302 = LINE('',#11303,#11304);
#11303 = CARTESIAN_POINT('',(0.972999989986,0.125,5.099999904633E-02));
#11304 = VECTOR('',#11305,1.);
#11305 = DIRECTION('',(0.,1.,0.));
#11306 = PCURVE('',#10947,#11307);
#11307 = DEFINITIONAL_REPRESENTATION('',(#11308),#11312);
#11308 = LINE('',#11309,#11310);
#11309 = CARTESIAN_POINT('',(-1.403724373654E-02,0.113537244213));
#11310 = VECTOR('',#11311,1.);
#11311 = DIRECTION('',(0.,-1.));
#11312 = ( GEOMETRIC_REPRESENTATION_CONTEXT(2) 
PARAMETRIC_REPRESENTATION_CONTEXT() REPRESENTATION_CONTEXT('2D SPACE',''
  ) );
#11313 = PCURVE('',#11002,#11314);
#11314 = DEFINITIONAL_REPRESENTATION('',(#11315),#11318);
#11315 = B_SPLINE_CURVE_WITH_KNOTS('',1,(#11316,#11317),.UNSPECIFIED.,
  .F.,.F.,(2,2),(0.,0.25),.PIECEWISE_BEZIER_KNOTS.);
#11316 = CARTESIAN_POINT('',(-0.190443174107,-7.794319198881E-02));
#11317 = CARTESIAN_POINT('',(-0.190443174107,0.172056808011));
#11318 = ( GEOMETRIC_REPRESENTATION_CONTEXT(2) 
PARAMETRIC_REPRESENTATION_CONTEXT() REPRESENTATION_CONTEXT('2D SPACE',''
  ) );
#11319 = ORIENTED_EDGE('',*,*,#11256,.F.);
#11320 = ORIENTED_EDGE('',*,*,#10931,.F.);
#11321 = ADVANCED_FACE('',(#11322),#10972,.T.);
#11322 = FACE_BOUND('',#11323,.T.);
#11323 = EDGE_LOOP('',(#11324,#11344,#11345));
#11324 = ORIENTED_EDGE('',*,*,#11325,.T.);
#11325 = EDGE_CURVE('',#10932,#11043,#11326,.T.);
#11326 = SURFACE_CURVE('',#11327,(#11331,#11338),.PCURVE_S1.);
#11327 = LINE('',#11328,#11329);
#11328 = CARTESIAN_POINT('',(0.972999989986,0.125,0.));
#11329 = VECTOR('',#11330,1.);
#11330 = DIRECTION('',(0.88491820793,0.465746460292,0.));
#11331 = PCURVE('',#10972,#11332);
#11332 = DEFINITIONAL_REPRESENTATION('',(#11333),#11337);
#11333 = LINE('',#11334,#11335);
#11334 = CARTESIAN_POINT('',(0.28455679013,-7.794319198881E-02));
#11335 = VECTOR('',#11336,1.);
#11336 = DIRECTION('',(-0.88491820793,0.465746460292));
#11337 = ( GEOMETRIC_REPRESENTATION_CONTEXT(2) 
PARAMETRIC_REPRESENTATION_CONTEXT() REPRESENTATION_CONTEXT('2D SPACE',''
  ) );
#11338 = PCURVE('',#11191,#11339);
#11339 = DEFINITIONAL_REPRESENTATION('',(#11340),#11343);
#11340 = B_SPLINE_CURVE_WITH_KNOTS('',1,(#11341,#11342),.UNSPECIFIED.,
  .F.,.F.,(2,2),(0.,0.536772732192),.PIECEWISE_BEZIER_KNOTS.);
#11341 = CARTESIAN_POINT('',(0.190443174107,-0.172056808011));
#11342 = CARTESIAN_POINT('',(-0.28455679013,7.794319198881E-02));
#11343 = ( GEOMETRIC_REPRESENTATION_CONTEXT(2) 
PARAMETRIC_REPRESENTATION_CONTEXT() REPRESENTATION_CONTEXT('2D SPACE',''
  ) );
#11344 = ORIENTED_EDGE('',*,*,#11070,.F.);
#11345 = ORIENTED_EDGE('',*,*,#10958,.F.);
#11346 = ADVANCED_FACE('',(#11347),#11191,.T.);
#11347 = FACE_BOUND('',#11348,.T.);
#11348 = EDGE_LOOP('',(#11349,#11350,#11351));
#11349 = ORIENTED_EDGE('',*,*,#11177,.F.);
#11350 = ORIENTED_EDGE('',*,*,#11325,.F.);
#11351 = ORIENTED_EDGE('',*,*,#11277,.F.);
#11352 = ADVANCED_FACE('',(#11353),#11002,.T.);
#11353 = FACE_BOUND('',#11354,.T.);
#11354 = EDGE_LOOP('',(#11355,#11375,#11376));
#11355 = ORIENTED_EDGE('',*,*,#11356,.T.);
#11356 = EDGE_CURVE('',#10987,#11206,#11357,.T.);
#11357 = SURFACE_CURVE('',#11358,(#11362,#11369),.PCURVE_S1.);
#11358 = LINE('',#11359,#11360);
#11359 = CARTESIAN_POINT('',(1.447999954224,0.125,5.099999904633E-02));
#11360 = VECTOR('',#11361,1.);
#11361 = DIRECTION('',(-0.88491820793,0.465746460292,0.));
#11362 = PCURVE('',#11002,#11363);
#11363 = DEFINITIONAL_REPRESENTATION('',(#11364),#11368);
#11364 = LINE('',#11365,#11366);
#11365 = CARTESIAN_POINT('',(0.28455679013,-7.794319198881E-02));
#11366 = VECTOR('',#11367,1.);
#11367 = DIRECTION('',(-0.88491820793,0.465746460292));
#11368 = ( GEOMETRIC_REPRESENTATION_CONTEXT(2) 
PARAMETRIC_REPRESENTATION_CONTEXT() REPRESENTATION_CONTEXT('2D SPACE',''
  ) );
#11369 = PCURVE('',#11109,#11370);
#11370 = DEFINITIONAL_REPRESENTATION('',(#11371),#11374);
#11371 = B_SPLINE_CURVE_WITH_KNOTS('',1,(#11372,#11373),.UNSPECIFIED.,
  .F.,.F.,(2,2),(0.,0.536772732192),.PIECEWISE_BEZIER_KNOTS.);
#11372 = CARTESIAN_POINT('',(0.190443174107,-0.172056808011));
#11373 = CARTESIAN_POINT('',(-0.28455679013,7.794319198881E-02));
#11374 = ( GEOMETRIC_REPRESENTATION_CONTEXT(2) 
PARAMETRIC_REPRESENTATION_CONTEXT() REPRESENTATION_CONTEXT('2D SPACE',''
  ) );
#11375 = ORIENTED_EDGE('',*,*,#11300,.F.);
#11376 = ORIENTED_EDGE('',*,*,#10986,.F.);
#11377 = ADVANCED_FACE('',(#11378),#11109,.T.);
#11378 = FACE_BOUND('',#11379,.T.);
#11379 = EDGE_LOOP('',(#11380,#11381,#11382));
#11380 = ORIENTED_EDGE('',*,*,#11205,.F.);
#11381 = ORIENTED_EDGE('',*,*,#11356,.F.);
#11382 = ORIENTED_EDGE('',*,*,#11093,.F.);
#11383 = ( GEOMETRIC_REPRESENTATION_CONTEXT(3) 
GLOBAL_UNCERTAINTY_ASSIGNED_CONTEXT((#11387)) 
GLOBAL_UNIT_ASSIGNED_CONTEXT((#11384,#11385,#11386)) 
REPRESENTATION_CONTEXT('Context #1',
  '3D Context with UNIT and UNCERTAINTY') );
#11384 = ( LENGTH_UNIT() NAMED_UNIT(*) SI_UNIT(.MILLI.,.METRE.) );
#11385 = ( NAMED_UNIT(*) PLANE_ANGLE_UNIT() SI_UNIT($,.RADIAN.) );
#11386 = ( NAMED_UNIT(*) SI_UNIT($,.STERADIAN.) SOLID_ANGLE_UNIT() );
#11387 = UNCERTAINTY_MEASURE_WITH_UNIT(LENGTH_MEASURE(1.E-07),#11384,
  'distance_accuracy_value','confusion accuracy');
#11388 = SHAPE_DEFINITION_REPRESENTATION(#11389,#10890);
#11389 = PRODUCT_DEFINITION_SHAPE('','',#11390);
#11390 = PRODUCT_DEFINITION('design','',#11391,#11394);
#11391 = PRODUCT_DEFINITION_FORMATION('','',#11392);
#11392 = PRODUCT(' STEP translator 7.5 1.12',
  ' STEP translator 7.5 1.12','',(#11393));
#11393 = PRODUCT_CONTEXT('',#2,'mechanical');
#11394 = PRODUCT_DEFINITION_CONTEXT('part definition',#2,'design');
#11395 = CONTEXT_DEPENDENT_SHAPE_REPRESENTATION(#11396,#11398);
#11396 = ( REPRESENTATION_RELATIONSHIP('','',#10890,#10) 
REPRESENTATION_RELATIONSHIP_WITH_TRANSFORMATION(#11397) 
SHAPE_REPRESENTATION_RELATIONSHIP() );
#11397 = ITEM_DEFINED_TRANSFORMATION('','',#11,#59);
#11398 = PRODUCT_DEFINITION_SHAPE('Placement','Placement of an item',
  #11399);
#11399 = NEXT_ASSEMBLY_USAGE_OCCURRENCE('12','','',#5,#11390,$);
#11400 = PRODUCT_RELATED_PRODUCT_CATEGORY('part',$,(#11392));
#11401 = MANIFOLD_SURFACE_SHAPE_REPRESENTATION('',(#11,#11402),#11894);
#11402 = SHELL_BASED_SURFACE_MODEL('',(#11403));
#11403 = CLOSED_SHELL('',(#11404,#11493,#11549,#11600,#11656,#11712,
    #11763,#11807,#11832,#11857,#11863,#11888));
#11404 = ADVANCED_FACE('',(#11405),#11419,.T.);
#11405 = FACE_BOUND('',#11406,.T.);
#11406 = EDGE_LOOP('',(#11407,#11441,#11468));
#11407 = ORIENTED_EDGE('',*,*,#11408,.T.);
#11408 = EDGE_CURVE('',#11409,#11411,#11413,.T.);
#11409 = VERTEX_POINT('',#11410);
#11410 = CARTESIAN_POINT('',(1.447999954224,0.625,0.));
#11411 = VERTEX_POINT('',#11412);
#11412 = CARTESIAN_POINT('',(0.972999989986,0.625,5.099999904633E-02));
#11413 = SURFACE_CURVE('',#11414,(#11418,#11430),.PCURVE_S1.);
#11414 = LINE('',#11415,#11416);
#11415 = CARTESIAN_POINT('',(1.447999954224,0.625,0.));
#11416 = VECTOR('',#11417,1.);
#11417 = DIRECTION('',(-0.99428537182,0.,0.106754856489));
#11418 = PCURVE('',#11419,#11424);
#11419 = PLANE('',#11420);
#11420 = AXIS2_PLACEMENT_3D('',#11421,#11422,#11423);
#11421 = CARTESIAN_POINT('',(1.198432484693,0.625,1.343251211113E-02));
#11422 = DIRECTION('',(-0.,-1.,-0.));
#11423 = DIRECTION('',(0.,0.,-1.));
#11424 = DEFINITIONAL_REPRESENTATION('',(#11425),#11429);
#11425 = LINE('',#11426,#11427);
#11426 = CARTESIAN_POINT('',(1.343251211113E-02,0.249567469531));
#11427 = VECTOR('',#11428,1.);
#11428 = DIRECTION('',(-0.106754856489,-0.99428537182));
#11429 = ( GEOMETRIC_REPRESENTATION_CONTEXT(2) 
PARAMETRIC_REPRESENTATION_CONTEXT() REPRESENTATION_CONTEXT('2D SPACE',''
  ) );
#11430 = PCURVE('',#11431,#11436);
#11431 = PLANE('',#11432);
#11432 = AXIS2_PLACEMENT_3D('',#11433,#11434,#11435);
#11433 = CARTESIAN_POINT('',(1.222567459517,0.625,3.75674869352E-02));
#11434 = DIRECTION('',(-0.,-1.,-0.));
#11435 = DIRECTION('',(0.,0.,-1.));
#11436 = DEFINITIONAL_REPRESENTATION('',(#11437),#11440);
#11437 = B_SPLINE_CURVE_WITH_KNOTS('',1,(#11438,#11439),.UNSPECIFIED.,
  .F.,.F.,(2,2),(0.,0.477730013635),.PIECEWISE_BEZIER_KNOTS.);
#11438 = CARTESIAN_POINT('',(3.75674869352E-02,0.225432494707));
#11439 = CARTESIAN_POINT('',(-1.343251211113E-02,-0.249567469531));
#11440 = ( GEOMETRIC_REPRESENTATION_CONTEXT(2) 
PARAMETRIC_REPRESENTATION_CONTEXT() REPRESENTATION_CONTEXT('2D SPACE',''
  ) );
#11441 = ORIENTED_EDGE('',*,*,#11442,.T.);
#11442 = EDGE_CURVE('',#11411,#11443,#11445,.T.);
#11443 = VERTEX_POINT('',#11444);
#11444 = CARTESIAN_POINT('',(0.972999989986,0.625,0.));
#11445 = SURFACE_CURVE('',#11446,(#11450,#11457),.PCURVE_S1.);
#11446 = LINE('',#11447,#11448);
#11447 = CARTESIAN_POINT('',(0.972999989986,0.625,5.099999904633E-02));
#11448 = VECTOR('',#11449,1.);
#11449 = DIRECTION('',(0.,0.,-1.));
#11450 = PCURVE('',#11419,#11451);
#11451 = DEFINITIONAL_REPRESENTATION('',(#11452),#11456);
#11452 = LINE('',#11453,#11454);
#11453 = CARTESIAN_POINT('',(-3.75674869352E-02,-0.225432494707));
#11454 = VECTOR('',#11455,1.);
#11455 = DIRECTION('',(1.,0.));
#11456 = ( GEOMETRIC_REPRESENTATION_CONTEXT(2) 
PARAMETRIC_REPRESENTATION_CONTEXT() REPRESENTATION_CONTEXT('2D SPACE',''
  ) );
#11457 = PCURVE('',#11458,#11463);
#11458 = PLANE('',#11459);
#11459 = AXIS2_PLACEMENT_3D('',#11460,#11461,#11462);
#11460 = CARTESIAN_POINT('',(0.972999989986,0.738537244213,
    3.696275530979E-02));
#11461 = DIRECTION('',(-1.,-0.,-0.));
#11462 = DIRECTION('',(0.,0.,-1.));
#11463 = DEFINITIONAL_REPRESENTATION('',(#11464),#11467);
#11464 = B_SPLINE_CURVE_WITH_KNOTS('',1,(#11465,#11466),.UNSPECIFIED.,
  .F.,.F.,(2,2),(0.,5.099999904633E-02),.PIECEWISE_BEZIER_KNOTS.);
#11465 = CARTESIAN_POINT('',(-1.403724373654E-02,0.113537244213));
#11466 = CARTESIAN_POINT('',(3.696275530979E-02,0.113537244213));
#11467 = ( GEOMETRIC_REPRESENTATION_CONTEXT(2) 
PARAMETRIC_REPRESENTATION_CONTEXT() REPRESENTATION_CONTEXT('2D SPACE',''
  ) );
#11468 = ORIENTED_EDGE('',*,*,#11469,.T.);
#11469 = EDGE_CURVE('',#11443,#11409,#11470,.T.);
#11470 = SURFACE_CURVE('',#11471,(#11475,#11482),.PCURVE_S1.);
#11471 = LINE('',#11472,#11473);
#11472 = CARTESIAN_POINT('',(0.972999989986,0.625,0.));
#11473 = VECTOR('',#11474,1.);
#11474 = DIRECTION('',(1.,0.,0.));
#11475 = PCURVE('',#11419,#11476);
#11476 = DEFINITIONAL_REPRESENTATION('',(#11477),#11481);
#11477 = LINE('',#11478,#11479);
#11478 = CARTESIAN_POINT('',(1.343251211113E-02,-0.225432494707));
#11479 = VECTOR('',#11480,1.);
#11480 = DIRECTION('',(0.,1.));
#11481 = ( GEOMETRIC_REPRESENTATION_CONTEXT(2) 
PARAMETRIC_REPRESENTATION_CONTEXT() REPRESENTATION_CONTEXT('2D SPACE',''
  ) );
#11482 = PCURVE('',#11483,#11488);
#11483 = PLANE('',#11484);
#11484 = AXIS2_PLACEMENT_3D('',#11485,#11486,#11487);
#11485 = CARTESIAN_POINT('',(1.257556780116,0.702943191989,0.));
#11486 = DIRECTION('',(-0.,-0.,-1.));
#11487 = DIRECTION('',(-1.,0.,0.));
#11488 = DEFINITIONAL_REPRESENTATION('',(#11489),#11492);
#11489 = B_SPLINE_CURVE_WITH_KNOTS('',1,(#11490,#11491),.UNSPECIFIED.,
  .F.,.F.,(2,2),(0.,0.474999964237),.PIECEWISE_BEZIER_KNOTS.);
#11490 = CARTESIAN_POINT('',(0.28455679013,-7.794319198881E-02));
#11491 = CARTESIAN_POINT('',(-0.190443174107,-7.794319198881E-02));
#11492 = ( GEOMETRIC_REPRESENTATION_CONTEXT(2) 
PARAMETRIC_REPRESENTATION_CONTEXT() REPRESENTATION_CONTEXT('2D SPACE',''
  ) );
#11493 = ADVANCED_FACE('',(#11494),#11431,.T.);
#11494 = FACE_BOUND('',#11495,.T.);
#11495 = EDGE_LOOP('',(#11496,#11523,#11524));
#11496 = ORIENTED_EDGE('',*,*,#11497,.T.);
#11497 = EDGE_CURVE('',#11498,#11411,#11500,.T.);
#11498 = VERTEX_POINT('',#11499);
#11499 = CARTESIAN_POINT('',(1.447999954224,0.625,5.099999904633E-02));
#11500 = SURFACE_CURVE('',#11501,(#11505,#11512),.PCURVE_S1.);
#11501 = LINE('',#11502,#11503);
#11502 = CARTESIAN_POINT('',(1.447999954224,0.625,5.099999904633E-02));
#11503 = VECTOR('',#11504,1.);
#11504 = DIRECTION('',(-1.,0.,0.));
#11505 = PCURVE('',#11431,#11506);
#11506 = DEFINITIONAL_REPRESENTATION('',(#11507),#11511);
#11507 = LINE('',#11508,#11509);
#11508 = CARTESIAN_POINT('',(-1.343251211113E-02,0.225432494707));
#11509 = VECTOR('',#11510,1.);
#11510 = DIRECTION('',(0.,-1.));
#11511 = ( GEOMETRIC_REPRESENTATION_CONTEXT(2) 
PARAMETRIC_REPRESENTATION_CONTEXT() REPRESENTATION_CONTEXT('2D SPACE',''
  ) );
#11512 = PCURVE('',#11513,#11518);
#11513 = PLANE('',#11514);
#11514 = AXIS2_PLACEMENT_3D('',#11515,#11516,#11517);
#11515 = CARTESIAN_POINT('',(1.163443164094,0.702943191989,
    5.099999904633E-02));
#11516 = DIRECTION('',(0.,0.,1.));
#11517 = DIRECTION('',(1.,0.,-0.));
#11518 = DEFINITIONAL_REPRESENTATION('',(#11519),#11522);
#11519 = B_SPLINE_CURVE_WITH_KNOTS('',1,(#11520,#11521),.UNSPECIFIED.,
  .F.,.F.,(2,2),(0.,0.474999964237),.PIECEWISE_BEZIER_KNOTS.);
#11520 = CARTESIAN_POINT('',(0.28455679013,-7.794319198881E-02));
#11521 = CARTESIAN_POINT('',(-0.190443174107,-7.794319198881E-02));
#11522 = ( GEOMETRIC_REPRESENTATION_CONTEXT(2) 
PARAMETRIC_REPRESENTATION_CONTEXT() REPRESENTATION_CONTEXT('2D SPACE',''
  ) );
#11523 = ORIENTED_EDGE('',*,*,#11408,.F.);
#11524 = ORIENTED_EDGE('',*,*,#11525,.T.);
#11525 = EDGE_CURVE('',#11409,#11498,#11526,.T.);
#11526 = SURFACE_CURVE('',#11527,(#11531,#11538),.PCURVE_S1.);
#11527 = LINE('',#11528,#11529);
#11528 = CARTESIAN_POINT('',(1.447999954224,0.625,0.));
#11529 = VECTOR('',#11530,1.);
#11530 = DIRECTION('',(0.,0.,1.));
#11531 = PCURVE('',#11431,#11532);
#11532 = DEFINITIONAL_REPRESENTATION('',(#11533),#11537);
#11533 = LINE('',#11534,#11535);
#11534 = CARTESIAN_POINT('',(3.75674869352E-02,0.225432494707));
#11535 = VECTOR('',#11536,1.);
#11536 = DIRECTION('',(-1.,0.));
#11537 = ( GEOMETRIC_REPRESENTATION_CONTEXT(2) 
PARAMETRIC_REPRESENTATION_CONTEXT() REPRESENTATION_CONTEXT('2D SPACE',''
  ) );
#11538 = PCURVE('',#11539,#11544);
#11539 = PLANE('',#11540);
#11540 = AXIS2_PLACEMENT_3D('',#11541,#11542,#11543);
#11541 = CARTESIAN_POINT('',(1.447999954224,0.738537244213,
    1.403724373654E-02));
#11542 = DIRECTION('',(1.,0.,0.));
#11543 = DIRECTION('',(-0.,0.,1.));
#11544 = DEFINITIONAL_REPRESENTATION('',(#11545),#11548);
#11545 = B_SPLINE_CURVE_WITH_KNOTS('',1,(#11546,#11547),.UNSPECIFIED.,
  .F.,.F.,(2,2),(0.,5.099999904633E-02),.PIECEWISE_BEZIER_KNOTS.);
#11546 = CARTESIAN_POINT('',(-1.403724373654E-02,0.113537244213));
#11547 = CARTESIAN_POINT('',(3.696275530979E-02,0.113537244213));
#11548 = ( GEOMETRIC_REPRESENTATION_CONTEXT(2) 
PARAMETRIC_REPRESENTATION_CONTEXT() REPRESENTATION_CONTEXT('2D SPACE',''
  ) );
#11549 = ADVANCED_FACE('',(#11550),#11539,.T.);
#11550 = FACE_BOUND('',#11551,.T.);
#11551 = EDGE_LOOP('',(#11552,#11579,#11580));
#11552 = ORIENTED_EDGE('',*,*,#11553,.T.);
#11553 = EDGE_CURVE('',#11554,#11498,#11556,.T.);
#11554 = VERTEX_POINT('',#11555);
#11555 = CARTESIAN_POINT('',(1.447999954224,0.875,0.));
#11556 = SURFACE_CURVE('',#11557,(#11561,#11568),.PCURVE_S1.);
#11557 = LINE('',#11558,#11559);
#11558 = CARTESIAN_POINT('',(1.447999954224,0.875,0.));
#11559 = VECTOR('',#11560,1.);
#11560 = DIRECTION('',(0.,-0.979819727351,0.199883220642));
#11561 = PCURVE('',#11539,#11562);
#11562 = DEFINITIONAL_REPRESENTATION('',(#11563),#11567);
#11563 = LINE('',#11564,#11565);
#11564 = CARTESIAN_POINT('',(-1.403724373654E-02,-0.136462755787));
#11565 = VECTOR('',#11566,1.);
#11566 = DIRECTION('',(0.199883220642,0.979819727351));
#11567 = ( GEOMETRIC_REPRESENTATION_CONTEXT(2) 
PARAMETRIC_REPRESENTATION_CONTEXT() REPRESENTATION_CONTEXT('2D SPACE',''
  ) );
#11568 = PCURVE('',#11569,#11574);
#11569 = PLANE('',#11570);
#11570 = AXIS2_PLACEMENT_3D('',#11571,#11572,#11573);
#11571 = CARTESIAN_POINT('',(1.447999954224,0.761462755787,
    3.696275530979E-02));
#11572 = DIRECTION('',(1.,0.,0.));
#11573 = DIRECTION('',(-0.,0.,1.));
#11574 = DEFINITIONAL_REPRESENTATION('',(#11575),#11578);
#11575 = B_SPLINE_CURVE_WITH_KNOTS('',1,(#11576,#11577),.UNSPECIFIED.,
  .F.,.F.,(2,2),(0.,0.2551489759),.PIECEWISE_BEZIER_KNOTS.);
#11576 = CARTESIAN_POINT('',(-3.696275530979E-02,-0.113537244213));
#11577 = CARTESIAN_POINT('',(1.403724373654E-02,0.136462755787));
#11578 = ( GEOMETRIC_REPRESENTATION_CONTEXT(2) 
PARAMETRIC_REPRESENTATION_CONTEXT() REPRESENTATION_CONTEXT('2D SPACE',''
  ) );
#11579 = ORIENTED_EDGE('',*,*,#11525,.F.);
#11580 = ORIENTED_EDGE('',*,*,#11581,.T.);
#11581 = EDGE_CURVE('',#11409,#11554,#11582,.T.);
#11582 = SURFACE_CURVE('',#11583,(#11587,#11594),.PCURVE_S1.);
#11583 = LINE('',#11584,#11585);
#11584 = CARTESIAN_POINT('',(1.447999954224,0.625,0.));
#11585 = VECTOR('',#11586,1.);
#11586 = DIRECTION('',(0.,1.,0.));
#11587 = PCURVE('',#11539,#11588);
#11588 = DEFINITIONAL_REPRESENTATION('',(#11589),#11593);
#11589 = LINE('',#11590,#11591);
#11590 = CARTESIAN_POINT('',(-1.403724373654E-02,0.113537244213));
#11591 = VECTOR('',#11592,1.);
#11592 = DIRECTION('',(0.,-1.));
#11593 = ( GEOMETRIC_REPRESENTATION_CONTEXT(2) 
PARAMETRIC_REPRESENTATION_CONTEXT() REPRESENTATION_CONTEXT('2D SPACE',''
  ) );
#11594 = PCURVE('',#11483,#11595);
#11595 = DEFINITIONAL_REPRESENTATION('',(#11596),#11599);
#11596 = B_SPLINE_CURVE_WITH_KNOTS('',1,(#11597,#11598),.UNSPECIFIED.,
  .F.,.F.,(2,2),(0.,0.25),.PIECEWISE_BEZIER_KNOTS.);
#11597 = CARTESIAN_POINT('',(-0.190443174107,-7.794319198881E-02));
#11598 = CARTESIAN_POINT('',(-0.190443174107,0.172056808011));
#11599 = ( GEOMETRIC_REPRESENTATION_CONTEXT(2) 
PARAMETRIC_REPRESENTATION_CONTEXT() REPRESENTATION_CONTEXT('2D SPACE',''
  ) );
#11600 = ADVANCED_FACE('',(#11601),#11569,.T.);
#11601 = FACE_BOUND('',#11602,.T.);
#11602 = EDGE_LOOP('',(#11603,#11630,#11631));
#11603 = ORIENTED_EDGE('',*,*,#11604,.T.);
#11604 = EDGE_CURVE('',#11605,#11498,#11607,.T.);
#11605 = VERTEX_POINT('',#11606);
#11606 = CARTESIAN_POINT('',(1.447999954224,0.875,5.099999904633E-02));
#11607 = SURFACE_CURVE('',#11608,(#11612,#11619),.PCURVE_S1.);
#11608 = LINE('',#11609,#11610);
#11609 = CARTESIAN_POINT('',(1.447999954224,0.875,5.099999904633E-02));
#11610 = VECTOR('',#11611,1.);
#11611 = DIRECTION('',(0.,-1.,0.));
#11612 = PCURVE('',#11569,#11613);
#11613 = DEFINITIONAL_REPRESENTATION('',(#11614),#11618);
#11614 = LINE('',#11615,#11616);
#11615 = CARTESIAN_POINT('',(1.403724373654E-02,-0.113537244213));
#11616 = VECTOR('',#11617,1.);
#11617 = DIRECTION('',(0.,1.));
#11618 = ( GEOMETRIC_REPRESENTATION_CONTEXT(2) 
PARAMETRIC_REPRESENTATION_CONTEXT() REPRESENTATION_CONTEXT('2D SPACE',''
  ) );
#11619 = PCURVE('',#11620,#11625);
#11620 = PLANE('',#11621);
#11621 = AXIS2_PLACEMENT_3D('',#11622,#11623,#11624);
#11622 = CARTESIAN_POINT('',(1.257556780116,0.797056808011,
    5.099999904633E-02));
#11623 = DIRECTION('',(0.,0.,1.));
#11624 = DIRECTION('',(1.,0.,-0.));
#11625 = DEFINITIONAL_REPRESENTATION('',(#11626),#11629);
#11626 = B_SPLINE_CURVE_WITH_KNOTS('',1,(#11627,#11628),.UNSPECIFIED.,
  .F.,.F.,(2,2),(0.,0.25),.PIECEWISE_BEZIER_KNOTS.);
#11627 = CARTESIAN_POINT('',(0.190443174107,7.794319198881E-02));
#11628 = CARTESIAN_POINT('',(0.190443174107,-0.172056808011));
#11629 = ( GEOMETRIC_REPRESENTATION_CONTEXT(2) 
PARAMETRIC_REPRESENTATION_CONTEXT() REPRESENTATION_CONTEXT('2D SPACE',''
  ) );
#11630 = ORIENTED_EDGE('',*,*,#11553,.F.);
#11631 = ORIENTED_EDGE('',*,*,#11632,.T.);
#11632 = EDGE_CURVE('',#11554,#11605,#11633,.T.);
#11633 = SURFACE_CURVE('',#11634,(#11638,#11645),.PCURVE_S1.);
#11634 = LINE('',#11635,#11636);
#11635 = CARTESIAN_POINT('',(1.447999954224,0.875,0.));
#11636 = VECTOR('',#11637,1.);
#11637 = DIRECTION('',(0.,0.,1.));
#11638 = PCURVE('',#11569,#11639);
#11639 = DEFINITIONAL_REPRESENTATION('',(#11640),#11644);
#11640 = LINE('',#11641,#11642);
#11641 = CARTESIAN_POINT('',(-3.696275530979E-02,-0.113537244213));
#11642 = VECTOR('',#11643,1.);
#11643 = DIRECTION('',(1.,0.));
#11644 = ( GEOMETRIC_REPRESENTATION_CONTEXT(2) 
PARAMETRIC_REPRESENTATION_CONTEXT() REPRESENTATION_CONTEXT('2D SPACE',''
  ) );
#11645 = PCURVE('',#11646,#11651);
#11646 = PLANE('',#11647);
#11647 = AXIS2_PLACEMENT_3D('',#11648,#11649,#11650);
#11648 = CARTESIAN_POINT('',(1.222567459517,0.875,1.343251211113E-02));
#11649 = DIRECTION('',(0.,1.,0.));
#11650 = DIRECTION('',(0.,-0.,1.));
#11651 = DEFINITIONAL_REPRESENTATION('',(#11652),#11655);
#11652 = B_SPLINE_CURVE_WITH_KNOTS('',1,(#11653,#11654),.UNSPECIFIED.,
  .F.,.F.,(2,2),(0.,5.099999904633E-02),.PIECEWISE_BEZIER_KNOTS.);
#11653 = CARTESIAN_POINT('',(-1.343251211113E-02,0.225432494707));
#11654 = CARTESIAN_POINT('',(3.75674869352E-02,0.225432494707));
#11655 = ( GEOMETRIC_REPRESENTATION_CONTEXT(2) 
PARAMETRIC_REPRESENTATION_CONTEXT() REPRESENTATION_CONTEXT('2D SPACE',''
  ) );
#11656 = ADVANCED_FACE('',(#11657),#11646,.T.);
#11657 = FACE_BOUND('',#11658,.T.);
#11658 = EDGE_LOOP('',(#11659,#11686,#11687));
#11659 = ORIENTED_EDGE('',*,*,#11660,.T.);
#11660 = EDGE_CURVE('',#11661,#11605,#11663,.T.);
#11661 = VERTEX_POINT('',#11662);
#11662 = CARTESIAN_POINT('',(0.972999989986,0.875,0.));
#11663 = SURFACE_CURVE('',#11664,(#11668,#11675),.PCURVE_S1.);
#11664 = LINE('',#11665,#11666);
#11665 = CARTESIAN_POINT('',(0.972999989986,0.875,0.));
#11666 = VECTOR('',#11667,1.);
#11667 = DIRECTION('',(0.99428537182,0.,0.106754856489));
#11668 = PCURVE('',#11646,#11669);
#11669 = DEFINITIONAL_REPRESENTATION('',(#11670),#11674);
#11670 = LINE('',#11671,#11672);
#11671 = CARTESIAN_POINT('',(-1.343251211113E-02,-0.249567469531));
#11672 = VECTOR('',#11673,1.);
#11673 = DIRECTION('',(0.106754856489,0.99428537182));
#11674 = ( GEOMETRIC_REPRESENTATION_CONTEXT(2) 
PARAMETRIC_REPRESENTATION_CONTEXT() REPRESENTATION_CONTEXT('2D SPACE',''
  ) );
#11675 = PCURVE('',#11676,#11681);
#11676 = PLANE('',#11677);
#11677 = AXIS2_PLACEMENT_3D('',#11678,#11679,#11680);
#11678 = CARTESIAN_POINT('',(1.198432484693,0.875,3.75674869352E-02));
#11679 = DIRECTION('',(0.,1.,0.));
#11680 = DIRECTION('',(0.,-0.,1.));
#11681 = DEFINITIONAL_REPRESENTATION('',(#11682),#11685);
#11682 = B_SPLINE_CURVE_WITH_KNOTS('',1,(#11683,#11684),.UNSPECIFIED.,
  .F.,.F.,(2,2),(0.,0.477730013635),.PIECEWISE_BEZIER_KNOTS.);
#11683 = CARTESIAN_POINT('',(-3.75674869352E-02,-0.225432494707));
#11684 = CARTESIAN_POINT('',(1.343251211113E-02,0.249567469531));
#11685 = ( GEOMETRIC_REPRESENTATION_CONTEXT(2) 
PARAMETRIC_REPRESENTATION_CONTEXT() REPRESENTATION_CONTEXT('2D SPACE',''
  ) );
#11686 = ORIENTED_EDGE('',*,*,#11632,.F.);
#11687 = ORIENTED_EDGE('',*,*,#11688,.T.);
#11688 = EDGE_CURVE('',#11554,#11661,#11689,.T.);
#11689 = SURFACE_CURVE('',#11690,(#11694,#11701),.PCURVE_S1.);
#11690 = LINE('',#11691,#11692);
#11691 = CARTESIAN_POINT('',(1.447999954224,0.875,0.));
#11692 = VECTOR('',#11693,1.);
#11693 = DIRECTION('',(-1.,0.,0.));
#11694 = PCURVE('',#11646,#11695);
#11695 = DEFINITIONAL_REPRESENTATION('',(#11696),#11700);
#11696 = LINE('',#11697,#11698);
#11697 = CARTESIAN_POINT('',(-1.343251211113E-02,0.225432494707));
#11698 = VECTOR('',#11699,1.);
#11699 = DIRECTION('',(0.,-1.));
#11700 = ( GEOMETRIC_REPRESENTATION_CONTEXT(2) 
PARAMETRIC_REPRESENTATION_CONTEXT() REPRESENTATION_CONTEXT('2D SPACE',''
  ) );
#11701 = PCURVE('',#11702,#11707);
#11702 = PLANE('',#11703);
#11703 = AXIS2_PLACEMENT_3D('',#11704,#11705,#11706);
#11704 = CARTESIAN_POINT('',(1.163443164094,0.797056808011,0.));
#11705 = DIRECTION('',(-0.,-0.,-1.));
#11706 = DIRECTION('',(-1.,0.,0.));
#11707 = DEFINITIONAL_REPRESENTATION('',(#11708),#11711);
#11708 = B_SPLINE_CURVE_WITH_KNOTS('',1,(#11709,#11710),.UNSPECIFIED.,
  .F.,.F.,(2,2),(0.,0.474999964237),.PIECEWISE_BEZIER_KNOTS.);
#11709 = CARTESIAN_POINT('',(-0.28455679013,7.794319198881E-02));
#11710 = CARTESIAN_POINT('',(0.190443174107,7.794319198881E-02));
#11711 = ( GEOMETRIC_REPRESENTATION_CONTEXT(2) 
PARAMETRIC_REPRESENTATION_CONTEXT() REPRESENTATION_CONTEXT('2D SPACE',''
  ) );
#11712 = ADVANCED_FACE('',(#11713),#11676,.T.);
#11713 = FACE_BOUND('',#11714,.T.);
#11714 = EDGE_LOOP('',(#11715,#11737,#11738));
#11715 = ORIENTED_EDGE('',*,*,#11716,.T.);
#11716 = EDGE_CURVE('',#11717,#11605,#11719,.T.);
#11717 = VERTEX_POINT('',#11718);
#11718 = CARTESIAN_POINT('',(0.972999989986,0.875,5.099999904633E-02));
#11719 = SURFACE_CURVE('',#11720,(#11724,#11731),.PCURVE_S1.);
#11720 = LINE('',#11721,#11722);
#11721 = CARTESIAN_POINT('',(0.972999989986,0.875,5.099999904633E-02));
#11722 = VECTOR('',#11723,1.);
#11723 = DIRECTION('',(1.,0.,0.));
#11724 = PCURVE('',#11676,#11725);
#11725 = DEFINITIONAL_REPRESENTATION('',(#11726),#11730);
#11726 = LINE('',#11727,#11728);
#11727 = CARTESIAN_POINT('',(1.343251211113E-02,-0.225432494707));
#11728 = VECTOR('',#11729,1.);
#11729 = DIRECTION('',(0.,1.));
#11730 = ( GEOMETRIC_REPRESENTATION_CONTEXT(2) 
PARAMETRIC_REPRESENTATION_CONTEXT() REPRESENTATION_CONTEXT('2D SPACE',''
  ) );
#11731 = PCURVE('',#11620,#11732);
#11732 = DEFINITIONAL_REPRESENTATION('',(#11733),#11736);
#11733 = B_SPLINE_CURVE_WITH_KNOTS('',1,(#11734,#11735),.UNSPECIFIED.,
  .F.,.F.,(2,2),(0.,0.474999964237),.PIECEWISE_BEZIER_KNOTS.);
#11734 = CARTESIAN_POINT('',(-0.28455679013,7.794319198881E-02));
#11735 = CARTESIAN_POINT('',(0.190443174107,7.794319198881E-02));
#11736 = ( GEOMETRIC_REPRESENTATION_CONTEXT(2) 
PARAMETRIC_REPRESENTATION_CONTEXT() REPRESENTATION_CONTEXT('2D SPACE',''
  ) );
#11737 = ORIENTED_EDGE('',*,*,#11660,.F.);
#11738 = ORIENTED_EDGE('',*,*,#11739,.T.);
#11739 = EDGE_CURVE('',#11661,#11717,#11740,.T.);
#11740 = SURFACE_CURVE('',#11741,(#11745,#11752),.PCURVE_S1.);
#11741 = LINE('',#11742,#11743);
#11742 = CARTESIAN_POINT('',(0.972999989986,0.875,0.));
#11743 = VECTOR('',#11744,1.);
#11744 = DIRECTION('',(0.,0.,1.));
#11745 = PCURVE('',#11676,#11746);
#11746 = DEFINITIONAL_REPRESENTATION('',(#11747),#11751);
#11747 = LINE('',#11748,#11749);
#11748 = CARTESIAN_POINT('',(-3.75674869352E-02,-0.225432494707));
#11749 = VECTOR('',#11750,1.);
#11750 = DIRECTION('',(1.,0.));
#11751 = ( GEOMETRIC_REPRESENTATION_CONTEXT(2) 
PARAMETRIC_REPRESENTATION_CONTEXT() REPRESENTATION_CONTEXT('2D SPACE',''
  ) );
#11752 = PCURVE('',#11753,#11758);
#11753 = PLANE('',#11754);
#11754 = AXIS2_PLACEMENT_3D('',#11755,#11756,#11757);
#11755 = CARTESIAN_POINT('',(0.972999989986,0.761462755787,
    1.403724373654E-02));
#11756 = DIRECTION('',(-1.,-0.,-0.));
#11757 = DIRECTION('',(0.,0.,-1.));
#11758 = DEFINITIONAL_REPRESENTATION('',(#11759),#11762);
#11759 = B_SPLINE_CURVE_WITH_KNOTS('',1,(#11760,#11761),.UNSPECIFIED.,
  .F.,.F.,(2,2),(0.,5.099999904633E-02),.PIECEWISE_BEZIER_KNOTS.);
#11760 = CARTESIAN_POINT('',(1.403724373654E-02,-0.113537244213));
#11761 = CARTESIAN_POINT('',(-3.696275530979E-02,-0.113537244213));
#11762 = ( GEOMETRIC_REPRESENTATION_CONTEXT(2) 
PARAMETRIC_REPRESENTATION_CONTEXT() REPRESENTATION_CONTEXT('2D SPACE',''
  ) );
#11763 = ADVANCED_FACE('',(#11764),#11753,.T.);
#11764 = FACE_BOUND('',#11765,.T.);
#11765 = EDGE_LOOP('',(#11766,#11786,#11787));
#11766 = ORIENTED_EDGE('',*,*,#11767,.T.);
#11767 = EDGE_CURVE('',#11443,#11717,#11768,.T.);
#11768 = SURFACE_CURVE('',#11769,(#11773,#11780),.PCURVE_S1.);
#11769 = LINE('',#11770,#11771);
#11770 = CARTESIAN_POINT('',(0.972999989986,0.625,0.));
#11771 = VECTOR('',#11772,1.);
#11772 = DIRECTION('',(0.,0.979819727351,0.199883220642));
#11773 = PCURVE('',#11753,#11774);
#11774 = DEFINITIONAL_REPRESENTATION('',(#11775),#11779);
#11775 = LINE('',#11776,#11777);
#11776 = CARTESIAN_POINT('',(1.403724373654E-02,0.136462755787));
#11777 = VECTOR('',#11778,1.);
#11778 = DIRECTION('',(-0.199883220642,-0.979819727351));
#11779 = ( GEOMETRIC_REPRESENTATION_CONTEXT(2) 
PARAMETRIC_REPRESENTATION_CONTEXT() REPRESENTATION_CONTEXT('2D SPACE',''
  ) );
#11780 = PCURVE('',#11458,#11781);
#11781 = DEFINITIONAL_REPRESENTATION('',(#11782),#11785);
#11782 = B_SPLINE_CURVE_WITH_KNOTS('',1,(#11783,#11784),.UNSPECIFIED.,
  .F.,.F.,(2,2),(0.,0.2551489759),.PIECEWISE_BEZIER_KNOTS.);
#11783 = CARTESIAN_POINT('',(3.696275530979E-02,0.113537244213));
#11784 = CARTESIAN_POINT('',(-1.403724373654E-02,-0.136462755787));
#11785 = ( GEOMETRIC_REPRESENTATION_CONTEXT(2) 
PARAMETRIC_REPRESENTATION_CONTEXT() REPRESENTATION_CONTEXT('2D SPACE',''
  ) );
#11786 = ORIENTED_EDGE('',*,*,#11739,.F.);
#11787 = ORIENTED_EDGE('',*,*,#11788,.T.);
#11788 = EDGE_CURVE('',#11661,#11443,#11789,.T.);
#11789 = SURFACE_CURVE('',#11790,(#11794,#11801),.PCURVE_S1.);
#11790 = LINE('',#11791,#11792);
#11791 = CARTESIAN_POINT('',(0.972999989986,0.875,0.));
#11792 = VECTOR('',#11793,1.);
#11793 = DIRECTION('',(0.,-1.,0.));
#11794 = PCURVE('',#11753,#11795);
#11795 = DEFINITIONAL_REPRESENTATION('',(#11796),#11800);
#11796 = LINE('',#11797,#11798);
#11797 = CARTESIAN_POINT('',(1.403724373654E-02,-0.113537244213));
#11798 = VECTOR('',#11799,1.);
#11799 = DIRECTION('',(0.,1.));
#11800 = ( GEOMETRIC_REPRESENTATION_CONTEXT(2) 
PARAMETRIC_REPRESENTATION_CONTEXT() REPRESENTATION_CONTEXT('2D SPACE',''
  ) );
#11801 = PCURVE('',#11702,#11802);
#11802 = DEFINITIONAL_REPRESENTATION('',(#11803),#11806);
#11803 = B_SPLINE_CURVE_WITH_KNOTS('',1,(#11804,#11805),.UNSPECIFIED.,
  .F.,.F.,(2,2),(0.,0.25),.PIECEWISE_BEZIER_KNOTS.);
#11804 = CARTESIAN_POINT('',(0.190443174107,7.794319198881E-02));
#11805 = CARTESIAN_POINT('',(0.190443174107,-0.172056808011));
#11806 = ( GEOMETRIC_REPRESENTATION_CONTEXT(2) 
PARAMETRIC_REPRESENTATION_CONTEXT() REPRESENTATION_CONTEXT('2D SPACE',''
  ) );
#11807 = ADVANCED_FACE('',(#11808),#11458,.T.);
#11808 = FACE_BOUND('',#11809,.T.);
#11809 = EDGE_LOOP('',(#11810,#11830,#11831));
#11810 = ORIENTED_EDGE('',*,*,#11811,.T.);
#11811 = EDGE_CURVE('',#11411,#11717,#11812,.T.);
#11812 = SURFACE_CURVE('',#11813,(#11817,#11824),.PCURVE_S1.);
#11813 = LINE('',#11814,#11815);
#11814 = CARTESIAN_POINT('',(0.972999989986,0.625,5.099999904633E-02));
#11815 = VECTOR('',#11816,1.);
#11816 = DIRECTION('',(0.,1.,0.));
#11817 = PCURVE('',#11458,#11818);
#11818 = DEFINITIONAL_REPRESENTATION('',(#11819),#11823);
#11819 = LINE('',#11820,#11821);
#11820 = CARTESIAN_POINT('',(-1.403724373654E-02,0.113537244213));
#11821 = VECTOR('',#11822,1.);
#11822 = DIRECTION('',(0.,-1.));
#11823 = ( GEOMETRIC_REPRESENTATION_CONTEXT(2) 
PARAMETRIC_REPRESENTATION_CONTEXT() REPRESENTATION_CONTEXT('2D SPACE',''
  ) );
#11824 = PCURVE('',#11513,#11825);
#11825 = DEFINITIONAL_REPRESENTATION('',(#11826),#11829);
#11826 = B_SPLINE_CURVE_WITH_KNOTS('',1,(#11827,#11828),.UNSPECIFIED.,
  .F.,.F.,(2,2),(0.,0.25),.PIECEWISE_BEZIER_KNOTS.);
#11827 = CARTESIAN_POINT('',(-0.190443174107,-7.794319198881E-02));
#11828 = CARTESIAN_POINT('',(-0.190443174107,0.172056808011));
#11829 = ( GEOMETRIC_REPRESENTATION_CONTEXT(2) 
PARAMETRIC_REPRESENTATION_CONTEXT() REPRESENTATION_CONTEXT('2D SPACE',''
  ) );
#11830 = ORIENTED_EDGE('',*,*,#11767,.F.);
#11831 = ORIENTED_EDGE('',*,*,#11442,.F.);
#11832 = ADVANCED_FACE('',(#11833),#11483,.T.);
#11833 = FACE_BOUND('',#11834,.T.);
#11834 = EDGE_LOOP('',(#11835,#11855,#11856));
#11835 = ORIENTED_EDGE('',*,*,#11836,.T.);
#11836 = EDGE_CURVE('',#11443,#11554,#11837,.T.);
#11837 = SURFACE_CURVE('',#11838,(#11842,#11849),.PCURVE_S1.);
#11838 = LINE('',#11839,#11840);
#11839 = CARTESIAN_POINT('',(0.972999989986,0.625,0.));
#11840 = VECTOR('',#11841,1.);
#11841 = DIRECTION('',(0.88491820793,0.465746460292,0.));
#11842 = PCURVE('',#11483,#11843);
#11843 = DEFINITIONAL_REPRESENTATION('',(#11844),#11848);
#11844 = LINE('',#11845,#11846);
#11845 = CARTESIAN_POINT('',(0.28455679013,-7.794319198881E-02));
#11846 = VECTOR('',#11847,1.);
#11847 = DIRECTION('',(-0.88491820793,0.465746460292));
#11848 = ( GEOMETRIC_REPRESENTATION_CONTEXT(2) 
PARAMETRIC_REPRESENTATION_CONTEXT() REPRESENTATION_CONTEXT('2D SPACE',''
  ) );
#11849 = PCURVE('',#11702,#11850);
#11850 = DEFINITIONAL_REPRESENTATION('',(#11851),#11854);
#11851 = B_SPLINE_CURVE_WITH_KNOTS('',1,(#11852,#11853),.UNSPECIFIED.,
  .F.,.F.,(2,2),(0.,0.536772732192),.PIECEWISE_BEZIER_KNOTS.);
#11852 = CARTESIAN_POINT('',(0.190443174107,-0.172056808011));
#11853 = CARTESIAN_POINT('',(-0.28455679013,7.794319198881E-02));
#11854 = ( GEOMETRIC_REPRESENTATION_CONTEXT(2) 
PARAMETRIC_REPRESENTATION_CONTEXT() REPRESENTATION_CONTEXT('2D SPACE',''
  ) );
#11855 = ORIENTED_EDGE('',*,*,#11581,.F.);
#11856 = ORIENTED_EDGE('',*,*,#11469,.F.);
#11857 = ADVANCED_FACE('',(#11858),#11702,.T.);
#11858 = FACE_BOUND('',#11859,.T.);
#11859 = EDGE_LOOP('',(#11860,#11861,#11862));
#11860 = ORIENTED_EDGE('',*,*,#11688,.F.);
#11861 = ORIENTED_EDGE('',*,*,#11836,.F.);
#11862 = ORIENTED_EDGE('',*,*,#11788,.F.);
#11863 = ADVANCED_FACE('',(#11864),#11513,.T.);
#11864 = FACE_BOUND('',#11865,.T.);
#11865 = EDGE_LOOP('',(#11866,#11886,#11887));
#11866 = ORIENTED_EDGE('',*,*,#11867,.T.);
#11867 = EDGE_CURVE('',#11498,#11717,#11868,.T.);
#11868 = SURFACE_CURVE('',#11869,(#11873,#11880),.PCURVE_S1.);
#11869 = LINE('',#11870,#11871);
#11870 = CARTESIAN_POINT('',(1.447999954224,0.625,5.099999904633E-02));
#11871 = VECTOR('',#11872,1.);
#11872 = DIRECTION('',(-0.88491820793,0.465746460292,0.));
#11873 = PCURVE('',#11513,#11874);
#11874 = DEFINITIONAL_REPRESENTATION('',(#11875),#11879);
#11875 = LINE('',#11876,#11877);
#11876 = CARTESIAN_POINT('',(0.28455679013,-7.794319198881E-02));
#11877 = VECTOR('',#11878,1.);
#11878 = DIRECTION('',(-0.88491820793,0.465746460292));
#11879 = ( GEOMETRIC_REPRESENTATION_CONTEXT(2) 
PARAMETRIC_REPRESENTATION_CONTEXT() REPRESENTATION_CONTEXT('2D SPACE',''
  ) );
#11880 = PCURVE('',#11620,#11881);
#11881 = DEFINITIONAL_REPRESENTATION('',(#11882),#11885);
#11882 = B_SPLINE_CURVE_WITH_KNOTS('',1,(#11883,#11884),.UNSPECIFIED.,
  .F.,.F.,(2,2),(0.,0.536772732192),.PIECEWISE_BEZIER_KNOTS.);
#11883 = CARTESIAN_POINT('',(0.190443174107,-0.172056808011));
#11884 = CARTESIAN_POINT('',(-0.28455679013,7.794319198881E-02));
#11885 = ( GEOMETRIC_REPRESENTATION_CONTEXT(2) 
PARAMETRIC_REPRESENTATION_CONTEXT() REPRESENTATION_CONTEXT('2D SPACE',''
  ) );
#11886 = ORIENTED_EDGE('',*,*,#11811,.F.);
#11887 = ORIENTED_EDGE('',*,*,#11497,.F.);
#11888 = ADVANCED_FACE('',(#11889),#11620,.T.);
#11889 = FACE_BOUND('',#11890,.T.);
#11890 = EDGE_LOOP('',(#11891,#11892,#11893));
#11891 = ORIENTED_EDGE('',*,*,#11716,.F.);
#11892 = ORIENTED_EDGE('',*,*,#11867,.F.);
#11893 = ORIENTED_EDGE('',*,*,#11604,.F.);
#11894 = ( GEOMETRIC_REPRESENTATION_CONTEXT(3) 
GLOBAL_UNCERTAINTY_ASSIGNED_CONTEXT((#11898)) 
GLOBAL_UNIT_ASSIGNED_CONTEXT((#11895,#11896,#11897)) 
REPRESENTATION_CONTEXT('Context #1',
  '3D Context with UNIT and UNCERTAINTY') );
#11895 = ( LENGTH_UNIT() NAMED_UNIT(*) SI_UNIT(.MILLI.,.METRE.) );
#11896 = ( NAMED_UNIT(*) PLANE_ANGLE_UNIT() SI_UNIT($,.RADIAN.) );
#11897 = ( NAMED_UNIT(*) SI_UNIT($,.STERADIAN.) SOLID_ANGLE_UNIT() );
#11898 = UNCERTAINTY_MEASURE_WITH_UNIT(LENGTH_MEASURE(1.E-07),#11895,
  'distance_accuracy_value','confusion accuracy');
#11899 = SHAPE_DEFINITION_REPRESENTATION(#11900,#11401);
#11900 = PRODUCT_DEFINITION_SHAPE('','',#11901);
#11901 = PRODUCT_DEFINITION('design','',#11902,#11905);
#11902 = PRODUCT_DEFINITION_FORMATION('','',#11903);
#11903 = PRODUCT(' STEP translator 7.5 1.13',
  ' STEP translator 7.5 1.13','',(#11904));
#11904 = PRODUCT_CONTEXT('',#2,'mechanical');
#11905 = PRODUCT_DEFINITION_CONTEXT('part definition',#2,'design');
#11906 = CONTEXT_DEPENDENT_SHAPE_REPRESENTATION(#11907,#11909);
#11907 = ( REPRESENTATION_RELATIONSHIP('','',#11401,#10) 
REPRESENTATION_RELATIONSHIP_WITH_TRANSFORMATION(#11908) 
SHAPE_REPRESENTATION_RELATIONSHIP() );
#11908 = ITEM_DEFINED_TRANSFORMATION('','',#11,#63);
#11909 = PRODUCT_DEFINITION_SHAPE('Placement','Placement of an item',
  #11910);
#11910 = NEXT_ASSEMBLY_USAGE_OCCURRENCE('13','','',#5,#11901,$);
#11911 = PRODUCT_RELATED_PRODUCT_CATEGORY('part',$,(#11903));
#11912 = MANIFOLD_SURFACE_SHAPE_REPRESENTATION('',(#11,#11913),#12405);
#11913 = SHELL_BASED_SURFACE_MODEL('',(#11914));
#11914 = CLOSED_SHELL('',(#11915,#12004,#12060,#12111,#12167,#12223,
    #12274,#12318,#12343,#12368,#12374,#12399));
#11915 = ADVANCED_FACE('',(#11916),#11930,.T.);
#11916 = FACE_BOUND('',#11917,.T.);
#11917 = EDGE_LOOP('',(#11918,#11952,#11979));
#11918 = ORIENTED_EDGE('',*,*,#11919,.T.);
#11919 = EDGE_CURVE('',#11920,#11922,#11924,.T.);
#11920 = VERTEX_POINT('',#11921);
#11921 = CARTESIAN_POINT('',(0.625,0.71899998188,0.));
#11922 = VERTEX_POINT('',#11923);
#11923 = CARTESIAN_POINT('',(0.375,0.71899998188,5.099999904633E-02));
#11924 = SURFACE_CURVE('',#11925,(#11929,#11941),.PCURVE_S1.);
#11925 = LINE('',#11926,#11927);
#11926 = CARTESIAN_POINT('',(0.625,0.71899998188,0.));
#11927 = VECTOR('',#11928,1.);
#11928 = DIRECTION('',(-0.979819727351,0.,0.199883220642));
#11929 = PCURVE('',#11930,#11935);
#11930 = PLANE('',#11931);
#11931 = AXIS2_PLACEMENT_3D('',#11932,#11933,#11934);
#11932 = CARTESIAN_POINT('',(0.488537244213,0.71899998188,
    1.403724373654E-02));
#11933 = DIRECTION('',(-9.23052940626E-32,-1.,-4.538241252566E-31));
#11934 = DIRECTION('',(0.,4.538241252566E-31,-1.));
#11935 = DEFINITIONAL_REPRESENTATION('',(#11936),#11940);
#11936 = LINE('',#11937,#11938);
#11937 = CARTESIAN_POINT('',(1.403724373654E-02,0.136462755787));
#11938 = VECTOR('',#11939,1.);
#11939 = DIRECTION('',(-0.199883220642,-0.979819727351));
#11940 = ( GEOMETRIC_REPRESENTATION_CONTEXT(2) 
PARAMETRIC_REPRESENTATION_CONTEXT() REPRESENTATION_CONTEXT('2D SPACE',''
  ) );
#11941 = PCURVE('',#11942,#11947);
#11942 = PLANE('',#11943);
#11943 = AXIS2_PLACEMENT_3D('',#11944,#11945,#11946);
#11944 = CARTESIAN_POINT('',(0.511462755787,0.71899998188,
    3.696275530979E-02));
#11945 = DIRECTION('',(-1.132330620993E-31,-1.,-1.433432537341E-30));
#11946 = DIRECTION('',(0.,1.433432537341E-30,-1.));
#11947 = DEFINITIONAL_REPRESENTATION('',(#11948),#11951);
#11948 = B_SPLINE_CURVE_WITH_KNOTS('',1,(#11949,#11950),.UNSPECIFIED.,
  .F.,.F.,(2,2),(0.,0.2551489759),.PIECEWISE_BEZIER_KNOTS.);
#11949 = CARTESIAN_POINT('',(3.696275530979E-02,0.113537244213));
#11950 = CARTESIAN_POINT('',(-1.403724373654E-02,-0.136462755787));
#11951 = ( GEOMETRIC_REPRESENTATION_CONTEXT(2) 
PARAMETRIC_REPRESENTATION_CONTEXT() REPRESENTATION_CONTEXT('2D SPACE',''
  ) );
#11952 = ORIENTED_EDGE('',*,*,#11953,.T.);
#11953 = EDGE_CURVE('',#11922,#11954,#11956,.T.);
#11954 = VERTEX_POINT('',#11955);
#11955 = CARTESIAN_POINT('',(0.375,0.71899998188,0.));
#11956 = SURFACE_CURVE('',#11957,(#11961,#11968),.PCURVE_S1.);
#11957 = LINE('',#11958,#11959);
#11958 = CARTESIAN_POINT('',(0.375,0.71899998188,5.099999904633E-02));
#11959 = VECTOR('',#11960,1.);
#11960 = DIRECTION('',(0.,0.,-1.));
#11961 = PCURVE('',#11930,#11962);
#11962 = DEFINITIONAL_REPRESENTATION('',(#11963),#11967);
#11963 = LINE('',#11964,#11965);
#11964 = CARTESIAN_POINT('',(-3.696275530979E-02,-0.113537244213));
#11965 = VECTOR('',#11966,1.);
#11966 = DIRECTION('',(1.,4.189036933451E-62));
#11967 = ( GEOMETRIC_REPRESENTATION_CONTEXT(2) 
PARAMETRIC_REPRESENTATION_CONTEXT() REPRESENTATION_CONTEXT('2D SPACE',''
  ) );
#11968 = PCURVE('',#11969,#11974);
#11969 = PLANE('',#11970);
#11970 = AXIS2_PLACEMENT_3D('',#11971,#11972,#11973);
#11971 = CARTESIAN_POINT('',(0.375,0.944432506304,3.756748702035E-02));
#11972 = DIRECTION('',(-1.,9.174651307633E-32,-1.304795720138E-31));
#11973 = DIRECTION('',(1.304795720138E-31,0.,-1.));
#11974 = DEFINITIONAL_REPRESENTATION('',(#11975),#11978);
#11975 = B_SPLINE_CURVE_WITH_KNOTS('',1,(#11976,#11977),.UNSPECIFIED.,
  .F.,.F.,(2,2),(0.,5.099999904633E-02),.PIECEWISE_BEZIER_KNOTS.);
#11976 = CARTESIAN_POINT('',(-1.343251202597E-02,0.225432524424));
#11977 = CARTESIAN_POINT('',(3.756748702035E-02,0.225432524424));
#11978 = ( GEOMETRIC_REPRESENTATION_CONTEXT(2) 
PARAMETRIC_REPRESENTATION_CONTEXT() REPRESENTATION_CONTEXT('2D SPACE',''
  ) );
#11979 = ORIENTED_EDGE('',*,*,#11980,.T.);
#11980 = EDGE_CURVE('',#11954,#11920,#11981,.T.);
#11981 = SURFACE_CURVE('',#11982,(#11986,#11993),.PCURVE_S1.);
#11982 = LINE('',#11983,#11984);
#11983 = CARTESIAN_POINT('',(0.375,0.71899998188,0.));
#11984 = VECTOR('',#11985,1.);
#11985 = DIRECTION('',(1.,0.,0.));
#11986 = PCURVE('',#11930,#11987);
#11987 = DEFINITIONAL_REPRESENTATION('',(#11988),#11992);
#11988 = LINE('',#11989,#11990);
#11989 = CARTESIAN_POINT('',(1.403724373654E-02,-0.113537244213));
#11990 = VECTOR('',#11991,1.);
#11991 = DIRECTION('',(0.,1.));
#11992 = ( GEOMETRIC_REPRESENTATION_CONTEXT(2) 
PARAMETRIC_REPRESENTATION_CONTEXT() REPRESENTATION_CONTEXT('2D SPACE',''
  ) );
#11993 = PCURVE('',#11994,#11999);
#11994 = PLANE('',#11995);
#11995 = AXIS2_PLACEMENT_3D('',#11996,#11997,#11998);
#11996 = CARTESIAN_POINT('',(0.547056809726,0.909443184075,0.));
#11997 = DIRECTION('',(-0.,-0.,-1.));
#11998 = DIRECTION('',(-1.,0.,0.));
#11999 = DEFINITIONAL_REPRESENTATION('',(#12000),#12003);
#12000 = B_SPLINE_CURVE_WITH_KNOTS('',1,(#12001,#12002),.UNSPECIFIED.,
  .F.,.F.,(2,2),(0.,0.25),.PIECEWISE_BEZIER_KNOTS.);
#12001 = CARTESIAN_POINT('',(0.172056809726,-0.190443202195));
#12002 = CARTESIAN_POINT('',(-7.794319027396E-02,-0.190443202195));
#12003 = ( GEOMETRIC_REPRESENTATION_CONTEXT(2) 
PARAMETRIC_REPRESENTATION_CONTEXT() REPRESENTATION_CONTEXT('2D SPACE',''
  ) );
#12004 = ADVANCED_FACE('',(#12005),#11942,.T.);
#12005 = FACE_BOUND('',#12006,.T.);
#12006 = EDGE_LOOP('',(#12007,#12034,#12035));
#12007 = ORIENTED_EDGE('',*,*,#12008,.T.);
#12008 = EDGE_CURVE('',#12009,#11922,#12011,.T.);
#12009 = VERTEX_POINT('',#12010);
#12010 = CARTESIAN_POINT('',(0.625,0.71899998188,5.099999904633E-02));
#12011 = SURFACE_CURVE('',#12012,(#12016,#12023),.PCURVE_S1.);
#12012 = LINE('',#12013,#12014);
#12013 = CARTESIAN_POINT('',(0.625,0.71899998188,5.099999904633E-02));
#12014 = VECTOR('',#12015,1.);
#12015 = DIRECTION('',(-1.,0.,0.));
#12016 = PCURVE('',#11942,#12017);
#12017 = DEFINITIONAL_REPRESENTATION('',(#12018),#12022);
#12018 = LINE('',#12019,#12020);
#12019 = CARTESIAN_POINT('',(-1.403724373654E-02,0.113537244213));
#12020 = VECTOR('',#12021,1.);
#12021 = DIRECTION('',(0.,-1.));
#12022 = ( GEOMETRIC_REPRESENTATION_CONTEXT(2) 
PARAMETRIC_REPRESENTATION_CONTEXT() REPRESENTATION_CONTEXT('2D SPACE',''
  ) );
#12023 = PCURVE('',#12024,#12029);
#12024 = PLANE('',#12025);
#12025 = AXIS2_PLACEMENT_3D('',#12026,#12027,#12028);
#12026 = CARTESIAN_POINT('',(0.452943190274,0.909443184075,
    5.099999904633E-02));
#12027 = DIRECTION('',(0.,0.,1.));
#12028 = DIRECTION('',(1.,0.,-0.));
#12029 = DEFINITIONAL_REPRESENTATION('',(#12030),#12033);
#12030 = B_SPLINE_CURVE_WITH_KNOTS('',1,(#12031,#12032),.UNSPECIFIED.,
  .F.,.F.,(2,2),(0.,0.25),.PIECEWISE_BEZIER_KNOTS.);
#12031 = CARTESIAN_POINT('',(0.172056809726,-0.190443202195));
#12032 = CARTESIAN_POINT('',(-7.794319027396E-02,-0.190443202195));
#12033 = ( GEOMETRIC_REPRESENTATION_CONTEXT(2) 
PARAMETRIC_REPRESENTATION_CONTEXT() REPRESENTATION_CONTEXT('2D SPACE',''
  ) );
#12034 = ORIENTED_EDGE('',*,*,#11919,.F.);
#12035 = ORIENTED_EDGE('',*,*,#12036,.T.);
#12036 = EDGE_CURVE('',#11920,#12009,#12037,.T.);
#12037 = SURFACE_CURVE('',#12038,(#12042,#12049),.PCURVE_S1.);
#12038 = LINE('',#12039,#12040);
#12039 = CARTESIAN_POINT('',(0.625,0.71899998188,0.));
#12040 = VECTOR('',#12041,1.);
#12041 = DIRECTION('',(0.,0.,1.));
#12042 = PCURVE('',#11942,#12043);
#12043 = DEFINITIONAL_REPRESENTATION('',(#12044),#12048);
#12044 = LINE('',#12045,#12046);
#12045 = CARTESIAN_POINT('',(3.696275530979E-02,0.113537244213));
#12046 = VECTOR('',#12047,1.);
#12047 = DIRECTION('',(-1.,-1.623119555159E-61));
#12048 = ( GEOMETRIC_REPRESENTATION_CONTEXT(2) 
PARAMETRIC_REPRESENTATION_CONTEXT() REPRESENTATION_CONTEXT('2D SPACE',''
  ) );
#12049 = PCURVE('',#12050,#12055);
#12050 = PLANE('',#12051);
#12051 = AXIS2_PLACEMENT_3D('',#12052,#12053,#12054);
#12052 = CARTESIAN_POINT('',(0.625,0.944432506304,1.343251202597E-02));
#12053 = DIRECTION('',(1.,0.,0.));
#12054 = DIRECTION('',(-0.,0.,1.));
#12055 = DEFINITIONAL_REPRESENTATION('',(#12056),#12059);
#12056 = B_SPLINE_CURVE_WITH_KNOTS('',1,(#12057,#12058),.UNSPECIFIED.,
  .F.,.F.,(2,2),(0.,5.099999904633E-02),.PIECEWISE_BEZIER_KNOTS.);
#12057 = CARTESIAN_POINT('',(-1.343251202597E-02,0.225432524424));
#12058 = CARTESIAN_POINT('',(3.756748702035E-02,0.225432524424));
#12059 = ( GEOMETRIC_REPRESENTATION_CONTEXT(2) 
PARAMETRIC_REPRESENTATION_CONTEXT() REPRESENTATION_CONTEXT('2D SPACE',''
  ) );
#12060 = ADVANCED_FACE('',(#12061),#12050,.T.);
#12061 = FACE_BOUND('',#12062,.T.);
#12062 = EDGE_LOOP('',(#12063,#12090,#12091));
#12063 = ORIENTED_EDGE('',*,*,#12064,.T.);
#12064 = EDGE_CURVE('',#12065,#12009,#12067,.T.);
#12065 = VERTEX_POINT('',#12066);
#12066 = CARTESIAN_POINT('',(0.625,1.194000005722,0.));
#12067 = SURFACE_CURVE('',#12068,(#12072,#12079),.PCURVE_S1.);
#12068 = LINE('',#12069,#12070);
#12069 = CARTESIAN_POINT('',(0.625,1.194000005722,0.));
#12070 = VECTOR('',#12071,1.);
#12071 = DIRECTION('',(0.,-0.994285373242,0.106754843246));
#12072 = PCURVE('',#12050,#12073);
#12073 = DEFINITIONAL_REPRESENTATION('',(#12074),#12078);
#12074 = LINE('',#12075,#12076);
#12075 = CARTESIAN_POINT('',(-1.343251202597E-02,-0.249567499418));
#12076 = VECTOR('',#12077,1.);
#12077 = DIRECTION('',(0.106754843246,0.994285373242));
#12078 = ( GEOMETRIC_REPRESENTATION_CONTEXT(2) 
PARAMETRIC_REPRESENTATION_CONTEXT() REPRESENTATION_CONTEXT('2D SPACE',''
  ) );
#12079 = PCURVE('',#12080,#12085);
#12080 = PLANE('',#12081);
#12081 = AXIS2_PLACEMENT_3D('',#12082,#12083,#12084);
#12082 = CARTESIAN_POINT('',(0.625,0.968567481298,3.756748702035E-02));
#12083 = DIRECTION('',(1.,0.,0.));
#12084 = DIRECTION('',(-0.,0.,1.));
#12085 = DEFINITIONAL_REPRESENTATION('',(#12086),#12089);
#12086 = B_SPLINE_CURVE_WITH_KNOTS('',1,(#12087,#12088),.UNSPECIFIED.,
  .F.,.F.,(2,2),(0.,0.477730072899),.PIECEWISE_BEZIER_KNOTS.);
#12087 = CARTESIAN_POINT('',(-3.756748702035E-02,-0.225432524424));
#12088 = CARTESIAN_POINT('',(1.343251202597E-02,0.249567499418));
#12089 = ( GEOMETRIC_REPRESENTATION_CONTEXT(2) 
PARAMETRIC_REPRESENTATION_CONTEXT() REPRESENTATION_CONTEXT('2D SPACE',''
  ) );
#12090 = ORIENTED_EDGE('',*,*,#12036,.F.);
#12091 = ORIENTED_EDGE('',*,*,#12092,.T.);
#12092 = EDGE_CURVE('',#11920,#12065,#12093,.T.);
#12093 = SURFACE_CURVE('',#12094,(#12098,#12105),.PCURVE_S1.);
#12094 = LINE('',#12095,#12096);
#12095 = CARTESIAN_POINT('',(0.625,0.71899998188,0.));
#12096 = VECTOR('',#12097,1.);
#12097 = DIRECTION('',(0.,1.,0.));
#12098 = PCURVE('',#12050,#12099);
#12099 = DEFINITIONAL_REPRESENTATION('',(#12100),#12104);
#12100 = LINE('',#12101,#12102);
#12101 = CARTESIAN_POINT('',(-1.343251202597E-02,0.225432524424));
#12102 = VECTOR('',#12103,1.);
#12103 = DIRECTION('',(0.,-1.));
#12104 = ( GEOMETRIC_REPRESENTATION_CONTEXT(2) 
PARAMETRIC_REPRESENTATION_CONTEXT() REPRESENTATION_CONTEXT('2D SPACE',''
  ) );
#12105 = PCURVE('',#11994,#12106);
#12106 = DEFINITIONAL_REPRESENTATION('',(#12107),#12110);
#12107 = B_SPLINE_CURVE_WITH_KNOTS('',1,(#12108,#12109),.UNSPECIFIED.,
  .F.,.F.,(2,2),(0.,0.475000023842),.PIECEWISE_BEZIER_KNOTS.);
#12108 = CARTESIAN_POINT('',(-7.794319027396E-02,-0.190443202195));
#12109 = CARTESIAN_POINT('',(-7.794319027396E-02,0.284556821647));
#12110 = ( GEOMETRIC_REPRESENTATION_CONTEXT(2) 
PARAMETRIC_REPRESENTATION_CONTEXT() REPRESENTATION_CONTEXT('2D SPACE',''
  ) );
#12111 = ADVANCED_FACE('',(#12112),#12080,.T.);
#12112 = FACE_BOUND('',#12113,.T.);
#12113 = EDGE_LOOP('',(#12114,#12141,#12142));
#12114 = ORIENTED_EDGE('',*,*,#12115,.T.);
#12115 = EDGE_CURVE('',#12116,#12009,#12118,.T.);
#12116 = VERTEX_POINT('',#12117);
#12117 = CARTESIAN_POINT('',(0.625,1.194000005722,5.099999904633E-02));
#12118 = SURFACE_CURVE('',#12119,(#12123,#12130),.PCURVE_S1.);
#12119 = LINE('',#12120,#12121);
#12120 = CARTESIAN_POINT('',(0.625,1.194000005722,5.099999904633E-02));
#12121 = VECTOR('',#12122,1.);
#12122 = DIRECTION('',(0.,-1.,0.));
#12123 = PCURVE('',#12080,#12124);
#12124 = DEFINITIONAL_REPRESENTATION('',(#12125),#12129);
#12125 = LINE('',#12126,#12127);
#12126 = CARTESIAN_POINT('',(1.343251202597E-02,-0.225432524424));
#12127 = VECTOR('',#12128,1.);
#12128 = DIRECTION('',(0.,1.));
#12129 = ( GEOMETRIC_REPRESENTATION_CONTEXT(2) 
PARAMETRIC_REPRESENTATION_CONTEXT() REPRESENTATION_CONTEXT('2D SPACE',''
  ) );
#12130 = PCURVE('',#12131,#12136);
#12131 = PLANE('',#12132);
#12132 = AXIS2_PLACEMENT_3D('',#12133,#12134,#12135);
#12133 = CARTESIAN_POINT('',(0.547056809726,1.003556803527,
    5.099999904633E-02));
#12134 = DIRECTION('',(0.,0.,1.));
#12135 = DIRECTION('',(1.,0.,-0.));
#12136 = DEFINITIONAL_REPRESENTATION('',(#12137),#12140);
#12137 = B_SPLINE_CURVE_WITH_KNOTS('',1,(#12138,#12139),.UNSPECIFIED.,
  .F.,.F.,(2,2),(0.,0.475000023842),.PIECEWISE_BEZIER_KNOTS.);
#12138 = CARTESIAN_POINT('',(7.794319027396E-02,0.190443202195));
#12139 = CARTESIAN_POINT('',(7.794319027396E-02,-0.284556821647));
#12140 = ( GEOMETRIC_REPRESENTATION_CONTEXT(2) 
PARAMETRIC_REPRESENTATION_CONTEXT() REPRESENTATION_CONTEXT('2D SPACE',''
  ) );
#12141 = ORIENTED_EDGE('',*,*,#12064,.F.);
#12142 = ORIENTED_EDGE('',*,*,#12143,.T.);
#12143 = EDGE_CURVE('',#12065,#12116,#12144,.T.);
#12144 = SURFACE_CURVE('',#12145,(#12149,#12156),.PCURVE_S1.);
#12145 = LINE('',#12146,#12147);
#12146 = CARTESIAN_POINT('',(0.625,1.194000005722,0.));
#12147 = VECTOR('',#12148,1.);
#12148 = DIRECTION('',(0.,0.,1.));
#12149 = PCURVE('',#12080,#12150);
#12150 = DEFINITIONAL_REPRESENTATION('',(#12151),#12155);
#12151 = LINE('',#12152,#12153);
#12152 = CARTESIAN_POINT('',(-3.756748702035E-02,-0.225432524424));
#12153 = VECTOR('',#12154,1.);
#12154 = DIRECTION('',(1.,0.));
#12155 = ( GEOMETRIC_REPRESENTATION_CONTEXT(2) 
PARAMETRIC_REPRESENTATION_CONTEXT() REPRESENTATION_CONTEXT('2D SPACE',''
  ) );
#12156 = PCURVE('',#12157,#12162);
#12157 = PLANE('',#12158);
#12158 = AXIS2_PLACEMENT_3D('',#12159,#12160,#12161);
#12159 = CARTESIAN_POINT('',(0.511462755787,1.194000005722,
    1.403724373654E-02));
#12160 = DIRECTION('',(-1.846105881252E-31,1.,9.076482505132E-31));
#12161 = DIRECTION('',(0.,-9.076482505132E-31,1.));
#12162 = DEFINITIONAL_REPRESENTATION('',(#12163),#12166);
#12163 = B_SPLINE_CURVE_WITH_KNOTS('',1,(#12164,#12165),.UNSPECIFIED.,
  .F.,.F.,(2,2),(0.,5.099999904633E-02),.PIECEWISE_BEZIER_KNOTS.);
#12164 = CARTESIAN_POINT('',(-1.403724373654E-02,0.113537244213));
#12165 = CARTESIAN_POINT('',(3.696275530979E-02,0.113537244213));
#12166 = ( GEOMETRIC_REPRESENTATION_CONTEXT(2) 
PARAMETRIC_REPRESENTATION_CONTEXT() REPRESENTATION_CONTEXT('2D SPACE',''
  ) );
#12167 = ADVANCED_FACE('',(#12168),#12157,.T.);
#12168 = FACE_BOUND('',#12169,.T.);
#12169 = EDGE_LOOP('',(#12170,#12197,#12198));
#12170 = ORIENTED_EDGE('',*,*,#12171,.T.);
#12171 = EDGE_CURVE('',#12172,#12116,#12174,.T.);
#12172 = VERTEX_POINT('',#12173);
#12173 = CARTESIAN_POINT('',(0.375,1.194000005722,0.));
#12174 = SURFACE_CURVE('',#12175,(#12179,#12186),.PCURVE_S1.);
#12175 = LINE('',#12176,#12177);
#12176 = CARTESIAN_POINT('',(0.375,1.194000005722,0.));
#12177 = VECTOR('',#12178,1.);
#12178 = DIRECTION('',(0.979819727351,0.,0.199883220642));
#12179 = PCURVE('',#12157,#12180);
#12180 = DEFINITIONAL_REPRESENTATION('',(#12181),#12185);
#12181 = LINE('',#12182,#12183);
#12182 = CARTESIAN_POINT('',(-1.403724373654E-02,-0.136462755787));
#12183 = VECTOR('',#12184,1.);
#12184 = DIRECTION('',(0.199883220642,0.979819727351));
#12185 = ( GEOMETRIC_REPRESENTATION_CONTEXT(2) 
PARAMETRIC_REPRESENTATION_CONTEXT() REPRESENTATION_CONTEXT('2D SPACE',''
  ) );
#12186 = PCURVE('',#12187,#12192);
#12187 = PLANE('',#12188);
#12188 = AXIS2_PLACEMENT_3D('',#12189,#12190,#12191);
#12189 = CARTESIAN_POINT('',(0.488537244213,1.194000005722,
    3.696275530979E-02));
#12190 = DIRECTION('',(-2.264661241986E-31,1.,2.866865074681E-30));
#12191 = DIRECTION('',(0.,-2.866865074681E-30,1.));
#12192 = DEFINITIONAL_REPRESENTATION('',(#12193),#12196);
#12193 = B_SPLINE_CURVE_WITH_KNOTS('',1,(#12194,#12195),.UNSPECIFIED.,
  .F.,.F.,(2,2),(0.,0.2551489759),.PIECEWISE_BEZIER_KNOTS.);
#12194 = CARTESIAN_POINT('',(-3.696275530979E-02,-0.113537244213));
#12195 = CARTESIAN_POINT('',(1.403724373654E-02,0.136462755787));
#12196 = ( GEOMETRIC_REPRESENTATION_CONTEXT(2) 
PARAMETRIC_REPRESENTATION_CONTEXT() REPRESENTATION_CONTEXT('2D SPACE',''
  ) );
#12197 = ORIENTED_EDGE('',*,*,#12143,.F.);
#12198 = ORIENTED_EDGE('',*,*,#12199,.T.);
#12199 = EDGE_CURVE('',#12065,#12172,#12200,.T.);
#12200 = SURFACE_CURVE('',#12201,(#12205,#12212),.PCURVE_S1.);
#12201 = LINE('',#12202,#12203);
#12202 = CARTESIAN_POINT('',(0.625,1.194000005722,0.));
#12203 = VECTOR('',#12204,1.);
#12204 = DIRECTION('',(-1.,0.,0.));
#12205 = PCURVE('',#12157,#12206);
#12206 = DEFINITIONAL_REPRESENTATION('',(#12207),#12211);
#12207 = LINE('',#12208,#12209);
#12208 = CARTESIAN_POINT('',(-1.403724373654E-02,0.113537244213));
#12209 = VECTOR('',#12210,1.);
#12210 = DIRECTION('',(0.,-1.));
#12211 = ( GEOMETRIC_REPRESENTATION_CONTEXT(2) 
PARAMETRIC_REPRESENTATION_CONTEXT() REPRESENTATION_CONTEXT('2D SPACE',''
  ) );
#12212 = PCURVE('',#12213,#12218);
#12213 = PLANE('',#12214);
#12214 = AXIS2_PLACEMENT_3D('',#12215,#12216,#12217);
#12215 = CARTESIAN_POINT('',(0.452943190274,1.003556803527,0.));
#12216 = DIRECTION('',(-0.,-0.,-1.));
#12217 = DIRECTION('',(-1.,0.,0.));
#12218 = DEFINITIONAL_REPRESENTATION('',(#12219),#12222);
#12219 = B_SPLINE_CURVE_WITH_KNOTS('',1,(#12220,#12221),.UNSPECIFIED.,
  .F.,.F.,(2,2),(0.,0.25),.PIECEWISE_BEZIER_KNOTS.);
#12220 = CARTESIAN_POINT('',(-0.172056809726,0.190443202195));
#12221 = CARTESIAN_POINT('',(7.794319027396E-02,0.190443202195));
#12222 = ( GEOMETRIC_REPRESENTATION_CONTEXT(2) 
PARAMETRIC_REPRESENTATION_CONTEXT() REPRESENTATION_CONTEXT('2D SPACE',''
  ) );
#12223 = ADVANCED_FACE('',(#12224),#12187,.T.);
#12224 = FACE_BOUND('',#12225,.T.);
#12225 = EDGE_LOOP('',(#12226,#12248,#12249));
#12226 = ORIENTED_EDGE('',*,*,#12227,.T.);
#12227 = EDGE_CURVE('',#12228,#12116,#12230,.T.);
#12228 = VERTEX_POINT('',#12229);
#12229 = CARTESIAN_POINT('',(0.375,1.194000005722,5.099999904633E-02));
#12230 = SURFACE_CURVE('',#12231,(#12235,#12242),.PCURVE_S1.);
#12231 = LINE('',#12232,#12233);
#12232 = CARTESIAN_POINT('',(0.375,1.194000005722,5.099999904633E-02));
#12233 = VECTOR('',#12234,1.);
#12234 = DIRECTION('',(1.,0.,0.));
#12235 = PCURVE('',#12187,#12236);
#12236 = DEFINITIONAL_REPRESENTATION('',(#12237),#12241);
#12237 = LINE('',#12238,#12239);
#12238 = CARTESIAN_POINT('',(1.403724373654E-02,-0.113537244213));
#12239 = VECTOR('',#12240,1.);
#12240 = DIRECTION('',(0.,1.));
#12241 = ( GEOMETRIC_REPRESENTATION_CONTEXT(2) 
PARAMETRIC_REPRESENTATION_CONTEXT() REPRESENTATION_CONTEXT('2D SPACE',''
  ) );
#12242 = PCURVE('',#12131,#12243);
#12243 = DEFINITIONAL_REPRESENTATION('',(#12244),#12247);
#12244 = B_SPLINE_CURVE_WITH_KNOTS('',1,(#12245,#12246),.UNSPECIFIED.,
  .F.,.F.,(2,2),(0.,0.25),.PIECEWISE_BEZIER_KNOTS.);
#12245 = CARTESIAN_POINT('',(-0.172056809726,0.190443202195));
#12246 = CARTESIAN_POINT('',(7.794319027396E-02,0.190443202195));
#12247 = ( GEOMETRIC_REPRESENTATION_CONTEXT(2) 
PARAMETRIC_REPRESENTATION_CONTEXT() REPRESENTATION_CONTEXT('2D SPACE',''
  ) );
#12248 = ORIENTED_EDGE('',*,*,#12171,.F.);
#12249 = ORIENTED_EDGE('',*,*,#12250,.T.);
#12250 = EDGE_CURVE('',#12172,#12228,#12251,.T.);
#12251 = SURFACE_CURVE('',#12252,(#12256,#12263),.PCURVE_S1.);
#12252 = LINE('',#12253,#12254);
#12253 = CARTESIAN_POINT('',(0.375,1.194000005722,0.));
#12254 = VECTOR('',#12255,1.);
#12255 = DIRECTION('',(0.,0.,1.));
#12256 = PCURVE('',#12187,#12257);
#12257 = DEFINITIONAL_REPRESENTATION('',(#12258),#12262);
#12258 = LINE('',#12259,#12260);
#12259 = CARTESIAN_POINT('',(-3.696275530979E-02,-0.113537244213));
#12260 = VECTOR('',#12261,1.);
#12261 = DIRECTION('',(1.,6.492478220635E-61));
#12262 = ( GEOMETRIC_REPRESENTATION_CONTEXT(2) 
PARAMETRIC_REPRESENTATION_CONTEXT() REPRESENTATION_CONTEXT('2D SPACE',''
  ) );
#12263 = PCURVE('',#12264,#12269);
#12264 = PLANE('',#12265);
#12265 = AXIS2_PLACEMENT_3D('',#12266,#12267,#12268);
#12266 = CARTESIAN_POINT('',(0.375,0.968567481298,1.343251202597E-02));
#12267 = DIRECTION('',(-1.,1.804903353278E-31,-8.105987877415E-31));
#12268 = DIRECTION('',(8.105987877415E-31,0.,-1.));
#12269 = DEFINITIONAL_REPRESENTATION('',(#12270),#12273);
#12270 = B_SPLINE_CURVE_WITH_KNOTS('',1,(#12271,#12272),.UNSPECIFIED.,
  .F.,.F.,(2,2),(0.,5.099999904633E-02),.PIECEWISE_BEZIER_KNOTS.);
#12271 = CARTESIAN_POINT('',(1.343251202597E-02,-0.225432524424));
#12272 = CARTESIAN_POINT('',(-3.756748702035E-02,-0.225432524424));
#12273 = ( GEOMETRIC_REPRESENTATION_CONTEXT(2) 
PARAMETRIC_REPRESENTATION_CONTEXT() REPRESENTATION_CONTEXT('2D SPACE',''
  ) );
#12274 = ADVANCED_FACE('',(#12275),#12264,.T.);
#12275 = FACE_BOUND('',#12276,.T.);
#12276 = EDGE_LOOP('',(#12277,#12297,#12298));
#12277 = ORIENTED_EDGE('',*,*,#12278,.T.);
#12278 = EDGE_CURVE('',#11954,#12228,#12279,.T.);
#12279 = SURFACE_CURVE('',#12280,(#12284,#12291),.PCURVE_S1.);
#12280 = LINE('',#12281,#12282);
#12281 = CARTESIAN_POINT('',(0.375,0.71899998188,0.));
#12282 = VECTOR('',#12283,1.);
#12283 = DIRECTION('',(0.,0.994285373242,0.106754843246));
#12284 = PCURVE('',#12264,#12285);
#12285 = DEFINITIONAL_REPRESENTATION('',(#12286),#12290);
#12286 = LINE('',#12287,#12288);
#12287 = CARTESIAN_POINT('',(1.343251202597E-02,0.249567499418));
#12288 = VECTOR('',#12289,1.);
#12289 = DIRECTION('',(-0.106754843246,-0.994285373242));
#12290 = ( GEOMETRIC_REPRESENTATION_CONTEXT(2) 
PARAMETRIC_REPRESENTATION_CONTEXT() REPRESENTATION_CONTEXT('2D SPACE',''
  ) );
#12291 = PCURVE('',#11969,#12292);
#12292 = DEFINITIONAL_REPRESENTATION('',(#12293),#12296);
#12293 = B_SPLINE_CURVE_WITH_KNOTS('',1,(#12294,#12295),.UNSPECIFIED.,
  .F.,.F.,(2,2),(0.,0.477730072899),.PIECEWISE_BEZIER_KNOTS.);
#12294 = CARTESIAN_POINT('',(3.756748702035E-02,0.225432524424));
#12295 = CARTESIAN_POINT('',(-1.343251202597E-02,-0.249567499418));
#12296 = ( GEOMETRIC_REPRESENTATION_CONTEXT(2) 
PARAMETRIC_REPRESENTATION_CONTEXT() REPRESENTATION_CONTEXT('2D SPACE',''
  ) );
#12297 = ORIENTED_EDGE('',*,*,#12250,.F.);
#12298 = ORIENTED_EDGE('',*,*,#12299,.T.);
#12299 = EDGE_CURVE('',#12172,#11954,#12300,.T.);
#12300 = SURFACE_CURVE('',#12301,(#12305,#12312),.PCURVE_S1.);
#12301 = LINE('',#12302,#12303);
#12302 = CARTESIAN_POINT('',(0.375,1.194000005722,0.));
#12303 = VECTOR('',#12304,1.);
#12304 = DIRECTION('',(0.,-1.,0.));
#12305 = PCURVE('',#12264,#12306);
#12306 = DEFINITIONAL_REPRESENTATION('',(#12307),#12311);
#12307 = LINE('',#12308,#12309);
#12308 = CARTESIAN_POINT('',(1.343251202597E-02,-0.225432524424));
#12309 = VECTOR('',#12310,1.);
#12310 = DIRECTION('',(0.,1.));
#12311 = ( GEOMETRIC_REPRESENTATION_CONTEXT(2) 
PARAMETRIC_REPRESENTATION_CONTEXT() REPRESENTATION_CONTEXT('2D SPACE',''
  ) );
#12312 = PCURVE('',#12213,#12313);
#12313 = DEFINITIONAL_REPRESENTATION('',(#12314),#12317);
#12314 = B_SPLINE_CURVE_WITH_KNOTS('',1,(#12315,#12316),.UNSPECIFIED.,
  .F.,.F.,(2,2),(0.,0.475000023842),.PIECEWISE_BEZIER_KNOTS.);
#12315 = CARTESIAN_POINT('',(7.794319027396E-02,0.190443202195));
#12316 = CARTESIAN_POINT('',(7.794319027396E-02,-0.284556821647));
#12317 = ( GEOMETRIC_REPRESENTATION_CONTEXT(2) 
PARAMETRIC_REPRESENTATION_CONTEXT() REPRESENTATION_CONTEXT('2D SPACE',''
  ) );
#12318 = ADVANCED_FACE('',(#12319),#11969,.T.);
#12319 = FACE_BOUND('',#12320,.T.);
#12320 = EDGE_LOOP('',(#12321,#12341,#12342));
#12321 = ORIENTED_EDGE('',*,*,#12322,.T.);
#12322 = EDGE_CURVE('',#11922,#12228,#12323,.T.);
#12323 = SURFACE_CURVE('',#12324,(#12328,#12335),.PCURVE_S1.);
#12324 = LINE('',#12325,#12326);
#12325 = CARTESIAN_POINT('',(0.375,0.71899998188,5.099999904633E-02));
#12326 = VECTOR('',#12327,1.);
#12327 = DIRECTION('',(0.,1.,0.));
#12328 = PCURVE('',#11969,#12329);
#12329 = DEFINITIONAL_REPRESENTATION('',(#12330),#12334);
#12330 = LINE('',#12331,#12332);
#12331 = CARTESIAN_POINT('',(-1.343251202597E-02,0.225432524424));
#12332 = VECTOR('',#12333,1.);
#12333 = DIRECTION('',(0.,-1.));
#12334 = ( GEOMETRIC_REPRESENTATION_CONTEXT(2) 
PARAMETRIC_REPRESENTATION_CONTEXT() REPRESENTATION_CONTEXT('2D SPACE',''
  ) );
#12335 = PCURVE('',#12024,#12336);
#12336 = DEFINITIONAL_REPRESENTATION('',(#12337),#12340);
#12337 = B_SPLINE_CURVE_WITH_KNOTS('',1,(#12338,#12339),.UNSPECIFIED.,
  .F.,.F.,(2,2),(0.,0.475000023842),.PIECEWISE_BEZIER_KNOTS.);
#12338 = CARTESIAN_POINT('',(-7.794319027396E-02,-0.190443202195));
#12339 = CARTESIAN_POINT('',(-7.794319027396E-02,0.284556821647));
#12340 = ( GEOMETRIC_REPRESENTATION_CONTEXT(2) 
PARAMETRIC_REPRESENTATION_CONTEXT() REPRESENTATION_CONTEXT('2D SPACE',''
  ) );
#12341 = ORIENTED_EDGE('',*,*,#12278,.F.);
#12342 = ORIENTED_EDGE('',*,*,#11953,.F.);
#12343 = ADVANCED_FACE('',(#12344),#11994,.T.);
#12344 = FACE_BOUND('',#12345,.T.);
#12345 = EDGE_LOOP('',(#12346,#12366,#12367));
#12346 = ORIENTED_EDGE('',*,*,#12347,.T.);
#12347 = EDGE_CURVE('',#11954,#12065,#12348,.T.);
#12348 = SURFACE_CURVE('',#12349,(#12353,#12360),.PCURVE_S1.);
#12349 = LINE('',#12350,#12351);
#12350 = CARTESIAN_POINT('',(0.375,0.71899998188,0.));
#12351 = VECTOR('',#12352,1.);
#12352 = DIRECTION('',(0.465746414526,0.884918232017,0.));
#12353 = PCURVE('',#11994,#12354);
#12354 = DEFINITIONAL_REPRESENTATION('',(#12355),#12359);
#12355 = LINE('',#12356,#12357);
#12356 = CARTESIAN_POINT('',(0.172056809726,-0.190443202195));
#12357 = VECTOR('',#12358,1.);
#12358 = DIRECTION('',(-0.465746414526,0.884918232017));
#12359 = ( GEOMETRIC_REPRESENTATION_CONTEXT(2) 
PARAMETRIC_REPRESENTATION_CONTEXT() REPRESENTATION_CONTEXT('2D SPACE',''
  ) );
#12360 = PCURVE('',#12213,#12361);
#12361 = DEFINITIONAL_REPRESENTATION('',(#12362),#12365);
#12362 = B_SPLINE_CURVE_WITH_KNOTS('',1,(#12363,#12364),.UNSPECIFIED.,
  .F.,.F.,(2,2),(0.,0.536772784938),.PIECEWISE_BEZIER_KNOTS.);
#12363 = CARTESIAN_POINT('',(7.794319027396E-02,-0.284556821647));
#12364 = CARTESIAN_POINT('',(-0.172056809726,0.190443202195));
#12365 = ( GEOMETRIC_REPRESENTATION_CONTEXT(2) 
PARAMETRIC_REPRESENTATION_CONTEXT() REPRESENTATION_CONTEXT('2D SPACE',''
  ) );
#12366 = ORIENTED_EDGE('',*,*,#12092,.F.);
#12367 = ORIENTED_EDGE('',*,*,#11980,.F.);
#12368 = ADVANCED_FACE('',(#12369),#12213,.T.);
#12369 = FACE_BOUND('',#12370,.T.);
#12370 = EDGE_LOOP('',(#12371,#12372,#12373));
#12371 = ORIENTED_EDGE('',*,*,#12199,.F.);
#12372 = ORIENTED_EDGE('',*,*,#12347,.F.);
#12373 = ORIENTED_EDGE('',*,*,#12299,.F.);
#12374 = ADVANCED_FACE('',(#12375),#12024,.T.);
#12375 = FACE_BOUND('',#12376,.T.);
#12376 = EDGE_LOOP('',(#12377,#12397,#12398));
#12377 = ORIENTED_EDGE('',*,*,#12378,.T.);
#12378 = EDGE_CURVE('',#12009,#12228,#12379,.T.);
#12379 = SURFACE_CURVE('',#12380,(#12384,#12391),.PCURVE_S1.);
#12380 = LINE('',#12381,#12382);
#12381 = CARTESIAN_POINT('',(0.625,0.71899998188,5.099999904633E-02));
#12382 = VECTOR('',#12383,1.);
#12383 = DIRECTION('',(-0.465746414526,0.884918232017,0.));
#12384 = PCURVE('',#12024,#12385);
#12385 = DEFINITIONAL_REPRESENTATION('',(#12386),#12390);
#12386 = LINE('',#12387,#12388);
#12387 = CARTESIAN_POINT('',(0.172056809726,-0.190443202195));
#12388 = VECTOR('',#12389,1.);
#12389 = DIRECTION('',(-0.465746414526,0.884918232017));
#12390 = ( GEOMETRIC_REPRESENTATION_CONTEXT(2) 
PARAMETRIC_REPRESENTATION_CONTEXT() REPRESENTATION_CONTEXT('2D SPACE',''
  ) );
#12391 = PCURVE('',#12131,#12392);
#12392 = DEFINITIONAL_REPRESENTATION('',(#12393),#12396);
#12393 = B_SPLINE_CURVE_WITH_KNOTS('',1,(#12394,#12395),.UNSPECIFIED.,
  .F.,.F.,(2,2),(0.,0.536772784938),.PIECEWISE_BEZIER_KNOTS.);
#12394 = CARTESIAN_POINT('',(7.794319027396E-02,-0.284556821647));
#12395 = CARTESIAN_POINT('',(-0.172056809726,0.190443202195));
#12396 = ( GEOMETRIC_REPRESENTATION_CONTEXT(2) 
PARAMETRIC_REPRESENTATION_CONTEXT() REPRESENTATION_CONTEXT('2D SPACE',''
  ) );
#12397 = ORIENTED_EDGE('',*,*,#12322,.F.);
#12398 = ORIENTED_EDGE('',*,*,#12008,.F.);
#12399 = ADVANCED_FACE('',(#12400),#12131,.T.);
#12400 = FACE_BOUND('',#12401,.T.);
#12401 = EDGE_LOOP('',(#12402,#12403,#12404));
#12402 = ORIENTED_EDGE('',*,*,#12227,.F.);
#12403 = ORIENTED_EDGE('',*,*,#12378,.F.);
#12404 = ORIENTED_EDGE('',*,*,#12115,.F.);
#12405 = ( GEOMETRIC_REPRESENTATION_CONTEXT(3) 
GLOBAL_UNCERTAINTY_ASSIGNED_CONTEXT((#12409)) 
GLOBAL_UNIT_ASSIGNED_CONTEXT((#12406,#12407,#12408)) 
REPRESENTATION_CONTEXT('Context #1',
  '3D Context with UNIT and UNCERTAINTY') );
#12406 = ( LENGTH_UNIT() NAMED_UNIT(*) SI_UNIT(.MILLI.,.METRE.) );
#12407 = ( NAMED_UNIT(*) PLANE_ANGLE_UNIT() SI_UNIT($,.RADIAN.) );
#12408 = ( NAMED_UNIT(*) SI_UNIT($,.STERADIAN.) SOLID_ANGLE_UNIT() );
#12409 = UNCERTAINTY_MEASURE_WITH_UNIT(LENGTH_MEASURE(1.E-07),#12406,
  'distance_accuracy_value','confusion accuracy');
#12410 = SHAPE_DEFINITION_REPRESENTATION(#12411,#11912);
#12411 = PRODUCT_DEFINITION_SHAPE('','',#12412);
#12412 = PRODUCT_DEFINITION('design','',#12413,#12416);
#12413 = PRODUCT_DEFINITION_FORMATION('','',#12414);
#12414 = PRODUCT(' STEP translator 7.5 1.14',
  ' STEP translator 7.5 1.14','',(#12415));
#12415 = PRODUCT_CONTEXT('',#2,'mechanical');
#12416 = PRODUCT_DEFINITION_CONTEXT('part definition',#2,'design');
#12417 = CONTEXT_DEPENDENT_SHAPE_REPRESENTATION(#12418,#12420);
#12418 = ( REPRESENTATION_RELATIONSHIP('','',#11912,#10) 
REPRESENTATION_RELATIONSHIP_WITH_TRANSFORMATION(#12419) 
SHAPE_REPRESENTATION_RELATIONSHIP() );
#12419 = ITEM_DEFINED_TRANSFORMATION('','',#11,#67);
#12420 = PRODUCT_DEFINITION_SHAPE('Placement','Placement of an item',
  #12421);
#12421 = NEXT_ASSEMBLY_USAGE_OCCURRENCE('14','','',#5,#12412,$);
#12422 = PRODUCT_RELATED_PRODUCT_CATEGORY('part',$,(#12414));
#12423 = MANIFOLD_SURFACE_SHAPE_REPRESENTATION('',(#11,#12424),#12916);
#12424 = SHELL_BASED_SURFACE_MODEL('',(#12425));
#12425 = CLOSED_SHELL('',(#12426,#12515,#12571,#12622,#12678,#12734,
    #12785,#12829,#12854,#12879,#12885,#12910));
#12426 = ADVANCED_FACE('',(#12427),#12441,.T.);
#12427 = FACE_BOUND('',#12428,.T.);
#12428 = EDGE_LOOP('',(#12429,#12463,#12490));
#12429 = ORIENTED_EDGE('',*,*,#12430,.T.);
#12430 = EDGE_CURVE('',#12431,#12433,#12435,.T.);
#12431 = VERTEX_POINT('',#12432);
#12432 = CARTESIAN_POINT('',(0.125,0.71899998188,0.));
#12433 = VERTEX_POINT('',#12434);
#12434 = CARTESIAN_POINT('',(-0.125,0.71899998188,5.099999904633E-02));
#12435 = SURFACE_CURVE('',#12436,(#12440,#12452),.PCURVE_S1.);
#12436 = LINE('',#12437,#12438);
#12437 = CARTESIAN_POINT('',(0.125,0.71899998188,0.));
#12438 = VECTOR('',#12439,1.);
#12439 = DIRECTION('',(-0.979819727351,0.,0.199883220642));
#12440 = PCURVE('',#12441,#12446);
#12441 = PLANE('',#12442);
#12442 = AXIS2_PLACEMENT_3D('',#12443,#12444,#12445);
#12443 = CARTESIAN_POINT('',(-1.146275578663E-02,0.71899998188,
    1.403724373654E-02));
#12444 = DIRECTION('',(-9.23052940626E-32,-1.,-4.538241252566E-31));
#12445 = DIRECTION('',(0.,4.538241252566E-31,-1.));
#12446 = DEFINITIONAL_REPRESENTATION('',(#12447),#12451);
#12447 = LINE('',#12448,#12449);
#12448 = CARTESIAN_POINT('',(1.403724373654E-02,0.136462755787));
#12449 = VECTOR('',#12450,1.);
#12450 = DIRECTION('',(-0.199883220642,-0.979819727351));
#12451 = ( GEOMETRIC_REPRESENTATION_CONTEXT(2) 
PARAMETRIC_REPRESENTATION_CONTEXT() REPRESENTATION_CONTEXT('2D SPACE',''
  ) );
#12452 = PCURVE('',#12453,#12458);
#12453 = PLANE('',#12454);
#12454 = AXIS2_PLACEMENT_3D('',#12455,#12456,#12457);
#12455 = CARTESIAN_POINT('',(1.146275578663E-02,0.71899998188,
    3.696275530979E-02));
#12456 = DIRECTION('',(-1.132330620993E-31,-1.,-1.433432537341E-30));
#12457 = DIRECTION('',(0.,1.433432537341E-30,-1.));
#12458 = DEFINITIONAL_REPRESENTATION('',(#12459),#12462);
#12459 = B_SPLINE_CURVE_WITH_KNOTS('',1,(#12460,#12461),.UNSPECIFIED.,
  .F.,.F.,(2,2),(0.,0.2551489759),.PIECEWISE_BEZIER_KNOTS.);
#12460 = CARTESIAN_POINT('',(3.696275530979E-02,0.113537244213));
#12461 = CARTESIAN_POINT('',(-1.403724373654E-02,-0.136462755787));
#12462 = ( GEOMETRIC_REPRESENTATION_CONTEXT(2) 
PARAMETRIC_REPRESENTATION_CONTEXT() REPRESENTATION_CONTEXT('2D SPACE',''
  ) );
#12463 = ORIENTED_EDGE('',*,*,#12464,.T.);
#12464 = EDGE_CURVE('',#12433,#12465,#12467,.T.);
#12465 = VERTEX_POINT('',#12466);
#12466 = CARTESIAN_POINT('',(-0.125,0.71899998188,0.));
#12467 = SURFACE_CURVE('',#12468,(#12472,#12479),.PCURVE_S1.);
#12468 = LINE('',#12469,#12470);
#12469 = CARTESIAN_POINT('',(-0.125,0.71899998188,5.099999904633E-02));
#12470 = VECTOR('',#12471,1.);
#12471 = DIRECTION('',(0.,0.,-1.));
#12472 = PCURVE('',#12441,#12473);
#12473 = DEFINITIONAL_REPRESENTATION('',(#12474),#12478);
#12474 = LINE('',#12475,#12476);
#12475 = CARTESIAN_POINT('',(-3.696275530979E-02,-0.113537244213));
#12476 = VECTOR('',#12477,1.);
#12477 = DIRECTION('',(1.,4.189036933451E-62));
#12478 = ( GEOMETRIC_REPRESENTATION_CONTEXT(2) 
PARAMETRIC_REPRESENTATION_CONTEXT() REPRESENTATION_CONTEXT('2D SPACE',''
  ) );
#12479 = PCURVE('',#12480,#12485);
#12480 = PLANE('',#12481);
#12481 = AXIS2_PLACEMENT_3D('',#12482,#12483,#12484);
#12482 = CARTESIAN_POINT('',(-0.125,0.944432506304,3.756748702035E-02));
#12483 = DIRECTION('',(-1.,-0.,-0.));
#12484 = DIRECTION('',(0.,0.,-1.));
#12485 = DEFINITIONAL_REPRESENTATION('',(#12486),#12489);
#12486 = B_SPLINE_CURVE_WITH_KNOTS('',1,(#12487,#12488),.UNSPECIFIED.,
  .F.,.F.,(2,2),(0.,5.099999904633E-02),.PIECEWISE_BEZIER_KNOTS.);
#12487 = CARTESIAN_POINT('',(-1.343251202597E-02,0.225432524424));
#12488 = CARTESIAN_POINT('',(3.756748702035E-02,0.225432524424));
#12489 = ( GEOMETRIC_REPRESENTATION_CONTEXT(2) 
PARAMETRIC_REPRESENTATION_CONTEXT() REPRESENTATION_CONTEXT('2D SPACE',''
  ) );
#12490 = ORIENTED_EDGE('',*,*,#12491,.T.);
#12491 = EDGE_CURVE('',#12465,#12431,#12492,.T.);
#12492 = SURFACE_CURVE('',#12493,(#12497,#12504),.PCURVE_S1.);
#12493 = LINE('',#12494,#12495);
#12494 = CARTESIAN_POINT('',(-0.125,0.71899998188,0.));
#12495 = VECTOR('',#12496,1.);
#12496 = DIRECTION('',(1.,0.,0.));
#12497 = PCURVE('',#12441,#12498);
#12498 = DEFINITIONAL_REPRESENTATION('',(#12499),#12503);
#12499 = LINE('',#12500,#12501);
#12500 = CARTESIAN_POINT('',(1.403724373654E-02,-0.113537244213));
#12501 = VECTOR('',#12502,1.);
#12502 = DIRECTION('',(0.,1.));
#12503 = ( GEOMETRIC_REPRESENTATION_CONTEXT(2) 
PARAMETRIC_REPRESENTATION_CONTEXT() REPRESENTATION_CONTEXT('2D SPACE',''
  ) );
#12504 = PCURVE('',#12505,#12510);
#12505 = PLANE('',#12506);
#12506 = AXIS2_PLACEMENT_3D('',#12507,#12508,#12509);
#12507 = CARTESIAN_POINT('',(4.705680972604E-02,0.909443184075,0.));
#12508 = DIRECTION('',(-0.,-0.,-1.));
#12509 = DIRECTION('',(-1.,0.,0.));
#12510 = DEFINITIONAL_REPRESENTATION('',(#12511),#12514);
#12511 = B_SPLINE_CURVE_WITH_KNOTS('',1,(#12512,#12513),.UNSPECIFIED.,
  .F.,.F.,(2,2),(0.,0.25),.PIECEWISE_BEZIER_KNOTS.);
#12512 = CARTESIAN_POINT('',(0.172056809726,-0.190443202195));
#12513 = CARTESIAN_POINT('',(-7.794319027396E-02,-0.190443202195));
#12514 = ( GEOMETRIC_REPRESENTATION_CONTEXT(2) 
PARAMETRIC_REPRESENTATION_CONTEXT() REPRESENTATION_CONTEXT('2D SPACE',''
  ) );
#12515 = ADVANCED_FACE('',(#12516),#12453,.T.);
#12516 = FACE_BOUND('',#12517,.T.);
#12517 = EDGE_LOOP('',(#12518,#12545,#12546));
#12518 = ORIENTED_EDGE('',*,*,#12519,.T.);
#12519 = EDGE_CURVE('',#12520,#12433,#12522,.T.);
#12520 = VERTEX_POINT('',#12521);
#12521 = CARTESIAN_POINT('',(0.125,0.71899998188,5.099999904633E-02));
#12522 = SURFACE_CURVE('',#12523,(#12527,#12534),.PCURVE_S1.);
#12523 = LINE('',#12524,#12525);
#12524 = CARTESIAN_POINT('',(0.125,0.71899998188,5.099999904633E-02));
#12525 = VECTOR('',#12526,1.);
#12526 = DIRECTION('',(-1.,0.,0.));
#12527 = PCURVE('',#12453,#12528);
#12528 = DEFINITIONAL_REPRESENTATION('',(#12529),#12533);
#12529 = LINE('',#12530,#12531);
#12530 = CARTESIAN_POINT('',(-1.403724373654E-02,0.113537244213));
#12531 = VECTOR('',#12532,1.);
#12532 = DIRECTION('',(0.,-1.));
#12533 = ( GEOMETRIC_REPRESENTATION_CONTEXT(2) 
PARAMETRIC_REPRESENTATION_CONTEXT() REPRESENTATION_CONTEXT('2D SPACE',''
  ) );
#12534 = PCURVE('',#12535,#12540);
#12535 = PLANE('',#12536);
#12536 = AXIS2_PLACEMENT_3D('',#12537,#12538,#12539);
#12537 = CARTESIAN_POINT('',(-4.705680972604E-02,0.909443184075,
    5.099999904633E-02));
#12538 = DIRECTION('',(0.,0.,1.));
#12539 = DIRECTION('',(1.,0.,-0.));
#12540 = DEFINITIONAL_REPRESENTATION('',(#12541),#12544);
#12541 = B_SPLINE_CURVE_WITH_KNOTS('',1,(#12542,#12543),.UNSPECIFIED.,
  .F.,.F.,(2,2),(0.,0.25),.PIECEWISE_BEZIER_KNOTS.);
#12542 = CARTESIAN_POINT('',(0.172056809726,-0.190443202195));
#12543 = CARTESIAN_POINT('',(-7.794319027396E-02,-0.190443202195));
#12544 = ( GEOMETRIC_REPRESENTATION_CONTEXT(2) 
PARAMETRIC_REPRESENTATION_CONTEXT() REPRESENTATION_CONTEXT('2D SPACE',''
  ) );
#12545 = ORIENTED_EDGE('',*,*,#12430,.F.);
#12546 = ORIENTED_EDGE('',*,*,#12547,.T.);
#12547 = EDGE_CURVE('',#12431,#12520,#12548,.T.);
#12548 = SURFACE_CURVE('',#12549,(#12553,#12560),.PCURVE_S1.);
#12549 = LINE('',#12550,#12551);
#12550 = CARTESIAN_POINT('',(0.125,0.71899998188,0.));
#12551 = VECTOR('',#12552,1.);
#12552 = DIRECTION('',(0.,0.,1.));
#12553 = PCURVE('',#12453,#12554);
#12554 = DEFINITIONAL_REPRESENTATION('',(#12555),#12559);
#12555 = LINE('',#12556,#12557);
#12556 = CARTESIAN_POINT('',(3.696275530979E-02,0.113537244213));
#12557 = VECTOR('',#12558,1.);
#12558 = DIRECTION('',(-1.,-1.623119555159E-61));
#12559 = ( GEOMETRIC_REPRESENTATION_CONTEXT(2) 
PARAMETRIC_REPRESENTATION_CONTEXT() REPRESENTATION_CONTEXT('2D SPACE',''
  ) );
#12560 = PCURVE('',#12561,#12566);
#12561 = PLANE('',#12562);
#12562 = AXIS2_PLACEMENT_3D('',#12563,#12564,#12565);
#12563 = CARTESIAN_POINT('',(0.125,0.944432506304,1.343251202597E-02));
#12564 = DIRECTION('',(1.,0.,0.));
#12565 = DIRECTION('',(-0.,0.,1.));
#12566 = DEFINITIONAL_REPRESENTATION('',(#12567),#12570);
#12567 = B_SPLINE_CURVE_WITH_KNOTS('',1,(#12568,#12569),.UNSPECIFIED.,
  .F.,.F.,(2,2),(0.,5.099999904633E-02),.PIECEWISE_BEZIER_KNOTS.);
#12568 = CARTESIAN_POINT('',(-1.343251202597E-02,0.225432524424));
#12569 = CARTESIAN_POINT('',(3.756748702035E-02,0.225432524424));
#12570 = ( GEOMETRIC_REPRESENTATION_CONTEXT(2) 
PARAMETRIC_REPRESENTATION_CONTEXT() REPRESENTATION_CONTEXT('2D SPACE',''
  ) );
#12571 = ADVANCED_FACE('',(#12572),#12561,.T.);
#12572 = FACE_BOUND('',#12573,.T.);
#12573 = EDGE_LOOP('',(#12574,#12601,#12602));
#12574 = ORIENTED_EDGE('',*,*,#12575,.T.);
#12575 = EDGE_CURVE('',#12576,#12520,#12578,.T.);
#12576 = VERTEX_POINT('',#12577);
#12577 = CARTESIAN_POINT('',(0.125,1.194000005722,0.));
#12578 = SURFACE_CURVE('',#12579,(#12583,#12590),.PCURVE_S1.);
#12579 = LINE('',#12580,#12581);
#12580 = CARTESIAN_POINT('',(0.125,1.194000005722,0.));
#12581 = VECTOR('',#12582,1.);
#12582 = DIRECTION('',(0.,-0.994285373242,0.106754843246));
#12583 = PCURVE('',#12561,#12584);
#12584 = DEFINITIONAL_REPRESENTATION('',(#12585),#12589);
#12585 = LINE('',#12586,#12587);
#12586 = CARTESIAN_POINT('',(-1.343251202597E-02,-0.249567499418));
#12587 = VECTOR('',#12588,1.);
#12588 = DIRECTION('',(0.106754843246,0.994285373242));
#12589 = ( GEOMETRIC_REPRESENTATION_CONTEXT(2) 
PARAMETRIC_REPRESENTATION_CONTEXT() REPRESENTATION_CONTEXT('2D SPACE',''
  ) );
#12590 = PCURVE('',#12591,#12596);
#12591 = PLANE('',#12592);
#12592 = AXIS2_PLACEMENT_3D('',#12593,#12594,#12595);
#12593 = CARTESIAN_POINT('',(0.125,0.968567481298,3.756748702035E-02));
#12594 = DIRECTION('',(1.,0.,0.));
#12595 = DIRECTION('',(-0.,0.,1.));
#12596 = DEFINITIONAL_REPRESENTATION('',(#12597),#12600);
#12597 = B_SPLINE_CURVE_WITH_KNOTS('',1,(#12598,#12599),.UNSPECIFIED.,
  .F.,.F.,(2,2),(0.,0.477730072899),.PIECEWISE_BEZIER_KNOTS.);
#12598 = CARTESIAN_POINT('',(-3.756748702035E-02,-0.225432524424));
#12599 = CARTESIAN_POINT('',(1.343251202597E-02,0.249567499418));
#12600 = ( GEOMETRIC_REPRESENTATION_CONTEXT(2) 
PARAMETRIC_REPRESENTATION_CONTEXT() REPRESENTATION_CONTEXT('2D SPACE',''
  ) );
#12601 = ORIENTED_EDGE('',*,*,#12547,.F.);
#12602 = ORIENTED_EDGE('',*,*,#12603,.T.);
#12603 = EDGE_CURVE('',#12431,#12576,#12604,.T.);
#12604 = SURFACE_CURVE('',#12605,(#12609,#12616),.PCURVE_S1.);
#12605 = LINE('',#12606,#12607);
#12606 = CARTESIAN_POINT('',(0.125,0.71899998188,0.));
#12607 = VECTOR('',#12608,1.);
#12608 = DIRECTION('',(0.,1.,0.));
#12609 = PCURVE('',#12561,#12610);
#12610 = DEFINITIONAL_REPRESENTATION('',(#12611),#12615);
#12611 = LINE('',#12612,#12613);
#12612 = CARTESIAN_POINT('',(-1.343251202597E-02,0.225432524424));
#12613 = VECTOR('',#12614,1.);
#12614 = DIRECTION('',(0.,-1.));
#12615 = ( GEOMETRIC_REPRESENTATION_CONTEXT(2) 
PARAMETRIC_REPRESENTATION_CONTEXT() REPRESENTATION_CONTEXT('2D SPACE',''
  ) );
#12616 = PCURVE('',#12505,#12617);
#12617 = DEFINITIONAL_REPRESENTATION('',(#12618),#12621);
#12618 = B_SPLINE_CURVE_WITH_KNOTS('',1,(#12619,#12620),.UNSPECIFIED.,
  .F.,.F.,(2,2),(0.,0.475000023842),.PIECEWISE_BEZIER_KNOTS.);
#12619 = CARTESIAN_POINT('',(-7.794319027396E-02,-0.190443202195));
#12620 = CARTESIAN_POINT('',(-7.794319027396E-02,0.284556821647));
#12621 = ( GEOMETRIC_REPRESENTATION_CONTEXT(2) 
PARAMETRIC_REPRESENTATION_CONTEXT() REPRESENTATION_CONTEXT('2D SPACE',''
  ) );
#12622 = ADVANCED_FACE('',(#12623),#12591,.T.);
#12623 = FACE_BOUND('',#12624,.T.);
#12624 = EDGE_LOOP('',(#12625,#12652,#12653));
#12625 = ORIENTED_EDGE('',*,*,#12626,.T.);
#12626 = EDGE_CURVE('',#12627,#12520,#12629,.T.);
#12627 = VERTEX_POINT('',#12628);
#12628 = CARTESIAN_POINT('',(0.125,1.194000005722,5.099999904633E-02));
#12629 = SURFACE_CURVE('',#12630,(#12634,#12641),.PCURVE_S1.);
#12630 = LINE('',#12631,#12632);
#12631 = CARTESIAN_POINT('',(0.125,1.194000005722,5.099999904633E-02));
#12632 = VECTOR('',#12633,1.);
#12633 = DIRECTION('',(0.,-1.,0.));
#12634 = PCURVE('',#12591,#12635);
#12635 = DEFINITIONAL_REPRESENTATION('',(#12636),#12640);
#12636 = LINE('',#12637,#12638);
#12637 = CARTESIAN_POINT('',(1.343251202597E-02,-0.225432524424));
#12638 = VECTOR('',#12639,1.);
#12639 = DIRECTION('',(0.,1.));
#12640 = ( GEOMETRIC_REPRESENTATION_CONTEXT(2) 
PARAMETRIC_REPRESENTATION_CONTEXT() REPRESENTATION_CONTEXT('2D SPACE',''
  ) );
#12641 = PCURVE('',#12642,#12647);
#12642 = PLANE('',#12643);
#12643 = AXIS2_PLACEMENT_3D('',#12644,#12645,#12646);
#12644 = CARTESIAN_POINT('',(4.705680972604E-02,1.003556803527,
    5.099999904633E-02));
#12645 = DIRECTION('',(0.,0.,1.));
#12646 = DIRECTION('',(1.,0.,-0.));
#12647 = DEFINITIONAL_REPRESENTATION('',(#12648),#12651);
#12648 = B_SPLINE_CURVE_WITH_KNOTS('',1,(#12649,#12650),.UNSPECIFIED.,
  .F.,.F.,(2,2),(0.,0.475000023842),.PIECEWISE_BEZIER_KNOTS.);
#12649 = CARTESIAN_POINT('',(7.794319027396E-02,0.190443202195));
#12650 = CARTESIAN_POINT('',(7.794319027396E-02,-0.284556821647));
#12651 = ( GEOMETRIC_REPRESENTATION_CONTEXT(2) 
PARAMETRIC_REPRESENTATION_CONTEXT() REPRESENTATION_CONTEXT('2D SPACE',''
  ) );
#12652 = ORIENTED_EDGE('',*,*,#12575,.F.);
#12653 = ORIENTED_EDGE('',*,*,#12654,.T.);
#12654 = EDGE_CURVE('',#12576,#12627,#12655,.T.);
#12655 = SURFACE_CURVE('',#12656,(#12660,#12667),.PCURVE_S1.);
#12656 = LINE('',#12657,#12658);
#12657 = CARTESIAN_POINT('',(0.125,1.194000005722,0.));
#12658 = VECTOR('',#12659,1.);
#12659 = DIRECTION('',(0.,0.,1.));
#12660 = PCURVE('',#12591,#12661);
#12661 = DEFINITIONAL_REPRESENTATION('',(#12662),#12666);
#12662 = LINE('',#12663,#12664);
#12663 = CARTESIAN_POINT('',(-3.756748702035E-02,-0.225432524424));
#12664 = VECTOR('',#12665,1.);
#12665 = DIRECTION('',(1.,0.));
#12666 = ( GEOMETRIC_REPRESENTATION_CONTEXT(2) 
PARAMETRIC_REPRESENTATION_CONTEXT() REPRESENTATION_CONTEXT('2D SPACE',''
  ) );
#12667 = PCURVE('',#12668,#12673);
#12668 = PLANE('',#12669);
#12669 = AXIS2_PLACEMENT_3D('',#12670,#12671,#12672);
#12670 = CARTESIAN_POINT('',(1.146275578663E-02,1.194000005722,
    1.403724373654E-02));
#12671 = DIRECTION('',(-1.846105881252E-31,1.,9.076482505132E-31));
#12672 = DIRECTION('',(0.,-9.076482505132E-31,1.));
#12673 = DEFINITIONAL_REPRESENTATION('',(#12674),#12677);
#12674 = B_SPLINE_CURVE_WITH_KNOTS('',1,(#12675,#12676),.UNSPECIFIED.,
  .F.,.F.,(2,2),(0.,5.099999904633E-02),.PIECEWISE_BEZIER_KNOTS.);
#12675 = CARTESIAN_POINT('',(-1.403724373654E-02,0.113537244213));
#12676 = CARTESIAN_POINT('',(3.696275530979E-02,0.113537244213));
#12677 = ( GEOMETRIC_REPRESENTATION_CONTEXT(2) 
PARAMETRIC_REPRESENTATION_CONTEXT() REPRESENTATION_CONTEXT('2D SPACE',''
  ) );
#12678 = ADVANCED_FACE('',(#12679),#12668,.T.);
#12679 = FACE_BOUND('',#12680,.T.);
#12680 = EDGE_LOOP('',(#12681,#12708,#12709));
#12681 = ORIENTED_EDGE('',*,*,#12682,.T.);
#12682 = EDGE_CURVE('',#12683,#12627,#12685,.T.);
#12683 = VERTEX_POINT('',#12684);
#12684 = CARTESIAN_POINT('',(-0.125,1.194000005722,0.));
#12685 = SURFACE_CURVE('',#12686,(#12690,#12697),.PCURVE_S1.);
#12686 = LINE('',#12687,#12688);
#12687 = CARTESIAN_POINT('',(-0.125,1.194000005722,0.));
#12688 = VECTOR('',#12689,1.);
#12689 = DIRECTION('',(0.979819727351,0.,0.199883220642));
#12690 = PCURVE('',#12668,#12691);
#12691 = DEFINITIONAL_REPRESENTATION('',(#12692),#12696);
#12692 = LINE('',#12693,#12694);
#12693 = CARTESIAN_POINT('',(-1.403724373654E-02,-0.136462755787));
#12694 = VECTOR('',#12695,1.);
#12695 = DIRECTION('',(0.199883220642,0.979819727351));
#12696 = ( GEOMETRIC_REPRESENTATION_CONTEXT(2) 
PARAMETRIC_REPRESENTATION_CONTEXT() REPRESENTATION_CONTEXT('2D SPACE',''
  ) );
#12697 = PCURVE('',#12698,#12703);
#12698 = PLANE('',#12699);
#12699 = AXIS2_PLACEMENT_3D('',#12700,#12701,#12702);
#12700 = CARTESIAN_POINT('',(-1.146275578663E-02,1.194000005722,
    3.696275530979E-02));
#12701 = DIRECTION('',(-2.264661241986E-31,1.,2.866865074681E-30));
#12702 = DIRECTION('',(0.,-2.866865074681E-30,1.));
#12703 = DEFINITIONAL_REPRESENTATION('',(#12704),#12707);
#12704 = B_SPLINE_CURVE_WITH_KNOTS('',1,(#12705,#12706),.UNSPECIFIED.,
  .F.,.F.,(2,2),(0.,0.2551489759),.PIECEWISE_BEZIER_KNOTS.);
#12705 = CARTESIAN_POINT('',(-3.696275530979E-02,-0.113537244213));
#12706 = CARTESIAN_POINT('',(1.403724373654E-02,0.136462755787));
#12707 = ( GEOMETRIC_REPRESENTATION_CONTEXT(2) 
PARAMETRIC_REPRESENTATION_CONTEXT() REPRESENTATION_CONTEXT('2D SPACE',''
  ) );
#12708 = ORIENTED_EDGE('',*,*,#12654,.F.);
#12709 = ORIENTED_EDGE('',*,*,#12710,.T.);
#12710 = EDGE_CURVE('',#12576,#12683,#12711,.T.);
#12711 = SURFACE_CURVE('',#12712,(#12716,#12723),.PCURVE_S1.);
#12712 = LINE('',#12713,#12714);
#12713 = CARTESIAN_POINT('',(0.125,1.194000005722,0.));
#12714 = VECTOR('',#12715,1.);
#12715 = DIRECTION('',(-1.,0.,0.));
#12716 = PCURVE('',#12668,#12717);
#12717 = DEFINITIONAL_REPRESENTATION('',(#12718),#12722);
#12718 = LINE('',#12719,#12720);
#12719 = CARTESIAN_POINT('',(-1.403724373654E-02,0.113537244213));
#12720 = VECTOR('',#12721,1.);
#12721 = DIRECTION('',(0.,-1.));
#12722 = ( GEOMETRIC_REPRESENTATION_CONTEXT(2) 
PARAMETRIC_REPRESENTATION_CONTEXT() REPRESENTATION_CONTEXT('2D SPACE',''
  ) );
#12723 = PCURVE('',#12724,#12729);
#12724 = PLANE('',#12725);
#12725 = AXIS2_PLACEMENT_3D('',#12726,#12727,#12728);
#12726 = CARTESIAN_POINT('',(-4.705680972604E-02,1.003556803527,0.));
#12727 = DIRECTION('',(-0.,-0.,-1.));
#12728 = DIRECTION('',(-1.,0.,0.));
#12729 = DEFINITIONAL_REPRESENTATION('',(#12730),#12733);
#12730 = B_SPLINE_CURVE_WITH_KNOTS('',1,(#12731,#12732),.UNSPECIFIED.,
  .F.,.F.,(2,2),(0.,0.25),.PIECEWISE_BEZIER_KNOTS.);
#12731 = CARTESIAN_POINT('',(-0.172056809726,0.190443202195));
#12732 = CARTESIAN_POINT('',(7.794319027396E-02,0.190443202195));
#12733 = ( GEOMETRIC_REPRESENTATION_CONTEXT(2) 
PARAMETRIC_REPRESENTATION_CONTEXT() REPRESENTATION_CONTEXT('2D SPACE',''
  ) );
#12734 = ADVANCED_FACE('',(#12735),#12698,.T.);
#12735 = FACE_BOUND('',#12736,.T.);
#12736 = EDGE_LOOP('',(#12737,#12759,#12760));
#12737 = ORIENTED_EDGE('',*,*,#12738,.T.);
#12738 = EDGE_CURVE('',#12739,#12627,#12741,.T.);
#12739 = VERTEX_POINT('',#12740);
#12740 = CARTESIAN_POINT('',(-0.125,1.194000005722,5.099999904633E-02));
#12741 = SURFACE_CURVE('',#12742,(#12746,#12753),.PCURVE_S1.);
#12742 = LINE('',#12743,#12744);
#12743 = CARTESIAN_POINT('',(-0.125,1.194000005722,5.099999904633E-02));
#12744 = VECTOR('',#12745,1.);
#12745 = DIRECTION('',(1.,0.,0.));
#12746 = PCURVE('',#12698,#12747);
#12747 = DEFINITIONAL_REPRESENTATION('',(#12748),#12752);
#12748 = LINE('',#12749,#12750);
#12749 = CARTESIAN_POINT('',(1.403724373654E-02,-0.113537244213));
#12750 = VECTOR('',#12751,1.);
#12751 = DIRECTION('',(0.,1.));
#12752 = ( GEOMETRIC_REPRESENTATION_CONTEXT(2) 
PARAMETRIC_REPRESENTATION_CONTEXT() REPRESENTATION_CONTEXT('2D SPACE',''
  ) );
#12753 = PCURVE('',#12642,#12754);
#12754 = DEFINITIONAL_REPRESENTATION('',(#12755),#12758);
#12755 = B_SPLINE_CURVE_WITH_KNOTS('',1,(#12756,#12757),.UNSPECIFIED.,
  .F.,.F.,(2,2),(0.,0.25),.PIECEWISE_BEZIER_KNOTS.);
#12756 = CARTESIAN_POINT('',(-0.172056809726,0.190443202195));
#12757 = CARTESIAN_POINT('',(7.794319027396E-02,0.190443202195));
#12758 = ( GEOMETRIC_REPRESENTATION_CONTEXT(2) 
PARAMETRIC_REPRESENTATION_CONTEXT() REPRESENTATION_CONTEXT('2D SPACE',''
  ) );
#12759 = ORIENTED_EDGE('',*,*,#12682,.F.);
#12760 = ORIENTED_EDGE('',*,*,#12761,.T.);
#12761 = EDGE_CURVE('',#12683,#12739,#12762,.T.);
#12762 = SURFACE_CURVE('',#12763,(#12767,#12774),.PCURVE_S1.);
#12763 = LINE('',#12764,#12765);
#12764 = CARTESIAN_POINT('',(-0.125,1.194000005722,0.));
#12765 = VECTOR('',#12766,1.);
#12766 = DIRECTION('',(0.,0.,1.));
#12767 = PCURVE('',#12698,#12768);
#12768 = DEFINITIONAL_REPRESENTATION('',(#12769),#12773);
#12769 = LINE('',#12770,#12771);
#12770 = CARTESIAN_POINT('',(-3.696275530979E-02,-0.113537244213));
#12771 = VECTOR('',#12772,1.);
#12772 = DIRECTION('',(1.,6.492478220635E-61));
#12773 = ( GEOMETRIC_REPRESENTATION_CONTEXT(2) 
PARAMETRIC_REPRESENTATION_CONTEXT() REPRESENTATION_CONTEXT('2D SPACE',''
  ) );
#12774 = PCURVE('',#12775,#12780);
#12775 = PLANE('',#12776);
#12776 = AXIS2_PLACEMENT_3D('',#12777,#12778,#12779);
#12777 = CARTESIAN_POINT('',(-0.125,0.968567481298,1.343251202597E-02));
#12778 = DIRECTION('',(-1.,-0.,-0.));
#12779 = DIRECTION('',(0.,0.,-1.));
#12780 = DEFINITIONAL_REPRESENTATION('',(#12781),#12784);
#12781 = B_SPLINE_CURVE_WITH_KNOTS('',1,(#12782,#12783),.UNSPECIFIED.,
  .F.,.F.,(2,2),(0.,5.099999904633E-02),.PIECEWISE_BEZIER_KNOTS.);
#12782 = CARTESIAN_POINT('',(1.343251202597E-02,-0.225432524424));
#12783 = CARTESIAN_POINT('',(-3.756748702035E-02,-0.225432524424));
#12784 = ( GEOMETRIC_REPRESENTATION_CONTEXT(2) 
PARAMETRIC_REPRESENTATION_CONTEXT() REPRESENTATION_CONTEXT('2D SPACE',''
  ) );
#12785 = ADVANCED_FACE('',(#12786),#12775,.T.);
#12786 = FACE_BOUND('',#12787,.T.);
#12787 = EDGE_LOOP('',(#12788,#12808,#12809));
#12788 = ORIENTED_EDGE('',*,*,#12789,.T.);
#12789 = EDGE_CURVE('',#12465,#12739,#12790,.T.);
#12790 = SURFACE_CURVE('',#12791,(#12795,#12802),.PCURVE_S1.);
#12791 = LINE('',#12792,#12793);
#12792 = CARTESIAN_POINT('',(-0.125,0.71899998188,0.));
#12793 = VECTOR('',#12794,1.);
#12794 = DIRECTION('',(0.,0.994285373242,0.106754843246));
#12795 = PCURVE('',#12775,#12796);
#12796 = DEFINITIONAL_REPRESENTATION('',(#12797),#12801);
#12797 = LINE('',#12798,#12799);
#12798 = CARTESIAN_POINT('',(1.343251202597E-02,0.249567499418));
#12799 = VECTOR('',#12800,1.);
#12800 = DIRECTION('',(-0.106754843246,-0.994285373242));
#12801 = ( GEOMETRIC_REPRESENTATION_CONTEXT(2) 
PARAMETRIC_REPRESENTATION_CONTEXT() REPRESENTATION_CONTEXT('2D SPACE',''
  ) );
#12802 = PCURVE('',#12480,#12803);
#12803 = DEFINITIONAL_REPRESENTATION('',(#12804),#12807);
#12804 = B_SPLINE_CURVE_WITH_KNOTS('',1,(#12805,#12806),.UNSPECIFIED.,
  .F.,.F.,(2,2),(0.,0.477730072899),.PIECEWISE_BEZIER_KNOTS.);
#12805 = CARTESIAN_POINT('',(3.756748702035E-02,0.225432524424));
#12806 = CARTESIAN_POINT('',(-1.343251202597E-02,-0.249567499418));
#12807 = ( GEOMETRIC_REPRESENTATION_CONTEXT(2) 
PARAMETRIC_REPRESENTATION_CONTEXT() REPRESENTATION_CONTEXT('2D SPACE',''
  ) );
#12808 = ORIENTED_EDGE('',*,*,#12761,.F.);
#12809 = ORIENTED_EDGE('',*,*,#12810,.T.);
#12810 = EDGE_CURVE('',#12683,#12465,#12811,.T.);
#12811 = SURFACE_CURVE('',#12812,(#12816,#12823),.PCURVE_S1.);
#12812 = LINE('',#12813,#12814);
#12813 = CARTESIAN_POINT('',(-0.125,1.194000005722,0.));
#12814 = VECTOR('',#12815,1.);
#12815 = DIRECTION('',(0.,-1.,0.));
#12816 = PCURVE('',#12775,#12817);
#12817 = DEFINITIONAL_REPRESENTATION('',(#12818),#12822);
#12818 = LINE('',#12819,#12820);
#12819 = CARTESIAN_POINT('',(1.343251202597E-02,-0.225432524424));
#12820 = VECTOR('',#12821,1.);
#12821 = DIRECTION('',(0.,1.));
#12822 = ( GEOMETRIC_REPRESENTATION_CONTEXT(2) 
PARAMETRIC_REPRESENTATION_CONTEXT() REPRESENTATION_CONTEXT('2D SPACE',''
  ) );
#12823 = PCURVE('',#12724,#12824);
#12824 = DEFINITIONAL_REPRESENTATION('',(#12825),#12828);
#12825 = B_SPLINE_CURVE_WITH_KNOTS('',1,(#12826,#12827),.UNSPECIFIED.,
  .F.,.F.,(2,2),(0.,0.475000023842),.PIECEWISE_BEZIER_KNOTS.);
#12826 = CARTESIAN_POINT('',(7.794319027396E-02,0.190443202195));
#12827 = CARTESIAN_POINT('',(7.794319027396E-02,-0.284556821647));
#12828 = ( GEOMETRIC_REPRESENTATION_CONTEXT(2) 
PARAMETRIC_REPRESENTATION_CONTEXT() REPRESENTATION_CONTEXT('2D SPACE',''
  ) );
#12829 = ADVANCED_FACE('',(#12830),#12480,.T.);
#12830 = FACE_BOUND('',#12831,.T.);
#12831 = EDGE_LOOP('',(#12832,#12852,#12853));
#12832 = ORIENTED_EDGE('',*,*,#12833,.T.);
#12833 = EDGE_CURVE('',#12433,#12739,#12834,.T.);
#12834 = SURFACE_CURVE('',#12835,(#12839,#12846),.PCURVE_S1.);
#12835 = LINE('',#12836,#12837);
#12836 = CARTESIAN_POINT('',(-0.125,0.71899998188,5.099999904633E-02));
#12837 = VECTOR('',#12838,1.);
#12838 = DIRECTION('',(0.,1.,0.));
#12839 = PCURVE('',#12480,#12840);
#12840 = DEFINITIONAL_REPRESENTATION('',(#12841),#12845);
#12841 = LINE('',#12842,#12843);
#12842 = CARTESIAN_POINT('',(-1.343251202597E-02,0.225432524424));
#12843 = VECTOR('',#12844,1.);
#12844 = DIRECTION('',(0.,-1.));
#12845 = ( GEOMETRIC_REPRESENTATION_CONTEXT(2) 
PARAMETRIC_REPRESENTATION_CONTEXT() REPRESENTATION_CONTEXT('2D SPACE',''
  ) );
#12846 = PCURVE('',#12535,#12847);
#12847 = DEFINITIONAL_REPRESENTATION('',(#12848),#12851);
#12848 = B_SPLINE_CURVE_WITH_KNOTS('',1,(#12849,#12850),.UNSPECIFIED.,
  .F.,.F.,(2,2),(0.,0.475000023842),.PIECEWISE_BEZIER_KNOTS.);
#12849 = CARTESIAN_POINT('',(-7.794319027396E-02,-0.190443202195));
#12850 = CARTESIAN_POINT('',(-7.794319027396E-02,0.284556821647));
#12851 = ( GEOMETRIC_REPRESENTATION_CONTEXT(2) 
PARAMETRIC_REPRESENTATION_CONTEXT() REPRESENTATION_CONTEXT('2D SPACE',''
  ) );
#12852 = ORIENTED_EDGE('',*,*,#12789,.F.);
#12853 = ORIENTED_EDGE('',*,*,#12464,.F.);
#12854 = ADVANCED_FACE('',(#12855),#12505,.T.);
#12855 = FACE_BOUND('',#12856,.T.);
#12856 = EDGE_LOOP('',(#12857,#12877,#12878));
#12857 = ORIENTED_EDGE('',*,*,#12858,.T.);
#12858 = EDGE_CURVE('',#12465,#12576,#12859,.T.);
#12859 = SURFACE_CURVE('',#12860,(#12864,#12871),.PCURVE_S1.);
#12860 = LINE('',#12861,#12862);
#12861 = CARTESIAN_POINT('',(-0.125,0.71899998188,0.));
#12862 = VECTOR('',#12863,1.);
#12863 = DIRECTION('',(0.465746414526,0.884918232017,0.));
#12864 = PCURVE('',#12505,#12865);
#12865 = DEFINITIONAL_REPRESENTATION('',(#12866),#12870);
#12866 = LINE('',#12867,#12868);
#12867 = CARTESIAN_POINT('',(0.172056809726,-0.190443202195));
#12868 = VECTOR('',#12869,1.);
#12869 = DIRECTION('',(-0.465746414526,0.884918232017));
#12870 = ( GEOMETRIC_REPRESENTATION_CONTEXT(2) 
PARAMETRIC_REPRESENTATION_CONTEXT() REPRESENTATION_CONTEXT('2D SPACE',''
  ) );
#12871 = PCURVE('',#12724,#12872);
#12872 = DEFINITIONAL_REPRESENTATION('',(#12873),#12876);
#12873 = B_SPLINE_CURVE_WITH_KNOTS('',1,(#12874,#12875),.UNSPECIFIED.,
  .F.,.F.,(2,2),(0.,0.536772784938),.PIECEWISE_BEZIER_KNOTS.);
#12874 = CARTESIAN_POINT('',(7.794319027396E-02,-0.284556821647));
#12875 = CARTESIAN_POINT('',(-0.172056809726,0.190443202195));
#12876 = ( GEOMETRIC_REPRESENTATION_CONTEXT(2) 
PARAMETRIC_REPRESENTATION_CONTEXT() REPRESENTATION_CONTEXT('2D SPACE',''
  ) );
#12877 = ORIENTED_EDGE('',*,*,#12603,.F.);
#12878 = ORIENTED_EDGE('',*,*,#12491,.F.);
#12879 = ADVANCED_FACE('',(#12880),#12724,.T.);
#12880 = FACE_BOUND('',#12881,.T.);
#12881 = EDGE_LOOP('',(#12882,#12883,#12884));
#12882 = ORIENTED_EDGE('',*,*,#12710,.F.);
#12883 = ORIENTED_EDGE('',*,*,#12858,.F.);
#12884 = ORIENTED_EDGE('',*,*,#12810,.F.);
#12885 = ADVANCED_FACE('',(#12886),#12535,.T.);
#12886 = FACE_BOUND('',#12887,.T.);
#12887 = EDGE_LOOP('',(#12888,#12908,#12909));
#12888 = ORIENTED_EDGE('',*,*,#12889,.T.);
#12889 = EDGE_CURVE('',#12520,#12739,#12890,.T.);
#12890 = SURFACE_CURVE('',#12891,(#12895,#12902),.PCURVE_S1.);
#12891 = LINE('',#12892,#12893);
#12892 = CARTESIAN_POINT('',(0.125,0.71899998188,5.099999904633E-02));
#12893 = VECTOR('',#12894,1.);
#12894 = DIRECTION('',(-0.465746414526,0.884918232017,0.));
#12895 = PCURVE('',#12535,#12896);
#12896 = DEFINITIONAL_REPRESENTATION('',(#12897),#12901);
#12897 = LINE('',#12898,#12899);
#12898 = CARTESIAN_POINT('',(0.172056809726,-0.190443202195));
#12899 = VECTOR('',#12900,1.);
#12900 = DIRECTION('',(-0.465746414526,0.884918232017));
#12901 = ( GEOMETRIC_REPRESENTATION_CONTEXT(2) 
PARAMETRIC_REPRESENTATION_CONTEXT() REPRESENTATION_CONTEXT('2D SPACE',''
  ) );
#12902 = PCURVE('',#12642,#12903);
#12903 = DEFINITIONAL_REPRESENTATION('',(#12904),#12907);
#12904 = B_SPLINE_CURVE_WITH_KNOTS('',1,(#12905,#12906),.UNSPECIFIED.,
  .F.,.F.,(2,2),(0.,0.536772784938),.PIECEWISE_BEZIER_KNOTS.);
#12905 = CARTESIAN_POINT('',(7.794319027396E-02,-0.284556821647));
#12906 = CARTESIAN_POINT('',(-0.172056809726,0.190443202195));
#12907 = ( GEOMETRIC_REPRESENTATION_CONTEXT(2) 
PARAMETRIC_REPRESENTATION_CONTEXT() REPRESENTATION_CONTEXT('2D SPACE',''
  ) );
#12908 = ORIENTED_EDGE('',*,*,#12833,.F.);
#12909 = ORIENTED_EDGE('',*,*,#12519,.F.);
#12910 = ADVANCED_FACE('',(#12911),#12642,.T.);
#12911 = FACE_BOUND('',#12912,.T.);
#12912 = EDGE_LOOP('',(#12913,#12914,#12915));
#12913 = ORIENTED_EDGE('',*,*,#12738,.F.);
#12914 = ORIENTED_EDGE('',*,*,#12889,.F.);
#12915 = ORIENTED_EDGE('',*,*,#12626,.F.);
#12916 = ( GEOMETRIC_REPRESENTATION_CONTEXT(3) 
GLOBAL_UNCERTAINTY_ASSIGNED_CONTEXT((#12920)) 
GLOBAL_UNIT_ASSIGNED_CONTEXT((#12917,#12918,#12919)) 
REPRESENTATION_CONTEXT('Context #1',
  '3D Context with UNIT and UNCERTAINTY') );
#12917 = ( LENGTH_UNIT() NAMED_UNIT(*) SI_UNIT(.MILLI.,.METRE.) );
#12918 = ( NAMED_UNIT(*) PLANE_ANGLE_UNIT() SI_UNIT($,.RADIAN.) );
#12919 = ( NAMED_UNIT(*) SI_UNIT($,.STERADIAN.) SOLID_ANGLE_UNIT() );
#12920 = UNCERTAINTY_MEASURE_WITH_UNIT(LENGTH_MEASURE(1.E-07),#12917,
  'distance_accuracy_value','confusion accuracy');
#12921 = SHAPE_DEFINITION_REPRESENTATION(#12922,#12423);
#12922 = PRODUCT_DEFINITION_SHAPE('','',#12923);
#12923 = PRODUCT_DEFINITION('design','',#12924,#12927);
#12924 = PRODUCT_DEFINITION_FORMATION('','',#12925);
#12925 = PRODUCT(' STEP translator 7.5 1.15',
  ' STEP translator 7.5 1.15','',(#12926));
#12926 = PRODUCT_CONTEXT('',#2,'mechanical');
#12927 = PRODUCT_DEFINITION_CONTEXT('part definition',#2,'design');
#12928 = CONTEXT_DEPENDENT_SHAPE_REPRESENTATION(#12929,#12931);
#12929 = ( REPRESENTATION_RELATIONSHIP('','',#12423,#10) 
REPRESENTATION_RELATIONSHIP_WITH_TRANSFORMATION(#12930) 
SHAPE_REPRESENTATION_RELATIONSHIP() );
#12930 = ITEM_DEFINED_TRANSFORMATION('','',#11,#71);
#12931 = PRODUCT_DEFINITION_SHAPE('Placement','Placement of an item',
  #12932);
#12932 = NEXT_ASSEMBLY_USAGE_OCCURRENCE('15','','',#5,#12923,$);
#12933 = PRODUCT_RELATED_PRODUCT_CATEGORY('part',$,(#12925));
#12934 = MANIFOLD_SURFACE_SHAPE_REPRESENTATION('',(#11,#12935),#13427);
#12935 = SHELL_BASED_SURFACE_MODEL('',(#12936));
#12936 = CLOSED_SHELL('',(#12937,#13026,#13082,#13133,#13189,#13245,
    #13296,#13340,#13365,#13390,#13396,#13421));
#12937 = ADVANCED_FACE('',(#12938),#12952,.T.);
#12938 = FACE_BOUND('',#12939,.T.);
#12939 = EDGE_LOOP('',(#12940,#12974,#13001));
#12940 = ORIENTED_EDGE('',*,*,#12941,.T.);
#12941 = EDGE_CURVE('',#12942,#12944,#12946,.T.);
#12942 = VERTEX_POINT('',#12943);
#12943 = CARTESIAN_POINT('',(-0.375,0.71899998188,0.));
#12944 = VERTEX_POINT('',#12945);
#12945 = CARTESIAN_POINT('',(-0.625,0.71899998188,5.099999904633E-02));
#12946 = SURFACE_CURVE('',#12947,(#12951,#12963),.PCURVE_S1.);
#12947 = LINE('',#12948,#12949);
#12948 = CARTESIAN_POINT('',(-0.375,0.71899998188,0.));
#12949 = VECTOR('',#12950,1.);
#12950 = DIRECTION('',(-0.979819727351,0.,0.199883220642));
#12951 = PCURVE('',#12952,#12957);
#12952 = PLANE('',#12953);
#12953 = AXIS2_PLACEMENT_3D('',#12954,#12955,#12956);
#12954 = CARTESIAN_POINT('',(-0.511462755787,0.71899998188,
    1.403724373654E-02));
#12955 = DIRECTION('',(-9.23052940626E-32,-1.,-4.538241252566E-31));
#12956 = DIRECTION('',(0.,4.538241252566E-31,-1.));
#12957 = DEFINITIONAL_REPRESENTATION('',(#12958),#12962);
#12958 = LINE('',#12959,#12960);
#12959 = CARTESIAN_POINT('',(1.403724373654E-02,0.136462755787));
#12960 = VECTOR('',#12961,1.);
#12961 = DIRECTION('',(-0.199883220642,-0.979819727351));
#12962 = ( GEOMETRIC_REPRESENTATION_CONTEXT(2) 
PARAMETRIC_REPRESENTATION_CONTEXT() REPRESENTATION_CONTEXT('2D SPACE',''
  ) );
#12963 = PCURVE('',#12964,#12969);
#12964 = PLANE('',#12965);
#12965 = AXIS2_PLACEMENT_3D('',#12966,#12967,#12968);
#12966 = CARTESIAN_POINT('',(-0.488537244213,0.71899998188,
    3.696275530979E-02));
#12967 = DIRECTION('',(-1.132330620993E-31,-1.,-1.433432537341E-30));
#12968 = DIRECTION('',(0.,1.433432537341E-30,-1.));
#12969 = DEFINITIONAL_REPRESENTATION('',(#12970),#12973);
#12970 = B_SPLINE_CURVE_WITH_KNOTS('',1,(#12971,#12972),.UNSPECIFIED.,
  .F.,.F.,(2,2),(0.,0.2551489759),.PIECEWISE_BEZIER_KNOTS.);
#12971 = CARTESIAN_POINT('',(3.696275530979E-02,0.113537244213));
#12972 = CARTESIAN_POINT('',(-1.403724373654E-02,-0.136462755787));
#12973 = ( GEOMETRIC_REPRESENTATION_CONTEXT(2) 
PARAMETRIC_REPRESENTATION_CONTEXT() REPRESENTATION_CONTEXT('2D SPACE',''
  ) );
#12974 = ORIENTED_EDGE('',*,*,#12975,.T.);
#12975 = EDGE_CURVE('',#12944,#12976,#12978,.T.);
#12976 = VERTEX_POINT('',#12977);
#12977 = CARTESIAN_POINT('',(-0.625,0.71899998188,0.));
#12978 = SURFACE_CURVE('',#12979,(#12983,#12990),.PCURVE_S1.);
#12979 = LINE('',#12980,#12981);
#12980 = CARTESIAN_POINT('',(-0.625,0.71899998188,5.099999904633E-02));
#12981 = VECTOR('',#12982,1.);
#12982 = DIRECTION('',(0.,0.,-1.));
#12983 = PCURVE('',#12952,#12984);
#12984 = DEFINITIONAL_REPRESENTATION('',(#12985),#12989);
#12985 = LINE('',#12986,#12987);
#12986 = CARTESIAN_POINT('',(-3.696275530979E-02,-0.113537244213));
#12987 = VECTOR('',#12988,1.);
#12988 = DIRECTION('',(1.,4.189036933451E-62));
#12989 = ( GEOMETRIC_REPRESENTATION_CONTEXT(2) 
PARAMETRIC_REPRESENTATION_CONTEXT() REPRESENTATION_CONTEXT('2D SPACE',''
  ) );
#12990 = PCURVE('',#12991,#12996);
#12991 = PLANE('',#12992);
#12992 = AXIS2_PLACEMENT_3D('',#12993,#12994,#12995);
#12993 = CARTESIAN_POINT('',(-0.625,0.944432506304,3.756748702035E-02));
#12994 = DIRECTION('',(-1.,-0.,-0.));
#12995 = DIRECTION('',(0.,0.,-1.));
#12996 = DEFINITIONAL_REPRESENTATION('',(#12997),#13000);
#12997 = B_SPLINE_CURVE_WITH_KNOTS('',1,(#12998,#12999),.UNSPECIFIED.,
  .F.,.F.,(2,2),(0.,5.099999904633E-02),.PIECEWISE_BEZIER_KNOTS.);
#12998 = CARTESIAN_POINT('',(-1.343251202597E-02,0.225432524424));
#12999 = CARTESIAN_POINT('',(3.756748702035E-02,0.225432524424));
#13000 = ( GEOMETRIC_REPRESENTATION_CONTEXT(2) 
PARAMETRIC_REPRESENTATION_CONTEXT() REPRESENTATION_CONTEXT('2D SPACE',''
  ) );
#13001 = ORIENTED_EDGE('',*,*,#13002,.T.);
#13002 = EDGE_CURVE('',#12976,#12942,#13003,.T.);
#13003 = SURFACE_CURVE('',#13004,(#13008,#13015),.PCURVE_S1.);
#13004 = LINE('',#13005,#13006);
#13005 = CARTESIAN_POINT('',(-0.625,0.71899998188,0.));
#13006 = VECTOR('',#13007,1.);
#13007 = DIRECTION('',(1.,0.,0.));
#13008 = PCURVE('',#12952,#13009);
#13009 = DEFINITIONAL_REPRESENTATION('',(#13010),#13014);
#13010 = LINE('',#13011,#13012);
#13011 = CARTESIAN_POINT('',(1.403724373654E-02,-0.113537244213));
#13012 = VECTOR('',#13013,1.);
#13013 = DIRECTION('',(0.,1.));
#13014 = ( GEOMETRIC_REPRESENTATION_CONTEXT(2) 
PARAMETRIC_REPRESENTATION_CONTEXT() REPRESENTATION_CONTEXT('2D SPACE',''
  ) );
#13015 = PCURVE('',#13016,#13021);
#13016 = PLANE('',#13017);
#13017 = AXIS2_PLACEMENT_3D('',#13018,#13019,#13020);
#13018 = CARTESIAN_POINT('',(-0.452943190274,0.909443184075,0.));
#13019 = DIRECTION('',(-0.,-0.,-1.));
#13020 = DIRECTION('',(-1.,0.,0.));
#13021 = DEFINITIONAL_REPRESENTATION('',(#13022),#13025);
#13022 = B_SPLINE_CURVE_WITH_KNOTS('',1,(#13023,#13024),.UNSPECIFIED.,
  .F.,.F.,(2,2),(0.,0.25),.PIECEWISE_BEZIER_KNOTS.);
#13023 = CARTESIAN_POINT('',(0.172056809726,-0.190443202195));
#13024 = CARTESIAN_POINT('',(-7.794319027396E-02,-0.190443202195));
#13025 = ( GEOMETRIC_REPRESENTATION_CONTEXT(2) 
PARAMETRIC_REPRESENTATION_CONTEXT() REPRESENTATION_CONTEXT('2D SPACE',''
  ) );
#13026 = ADVANCED_FACE('',(#13027),#12964,.T.);
#13027 = FACE_BOUND('',#13028,.T.);
#13028 = EDGE_LOOP('',(#13029,#13056,#13057));
#13029 = ORIENTED_EDGE('',*,*,#13030,.T.);
#13030 = EDGE_CURVE('',#13031,#12944,#13033,.T.);
#13031 = VERTEX_POINT('',#13032);
#13032 = CARTESIAN_POINT('',(-0.375,0.71899998188,5.099999904633E-02));
#13033 = SURFACE_CURVE('',#13034,(#13038,#13045),.PCURVE_S1.);
#13034 = LINE('',#13035,#13036);
#13035 = CARTESIAN_POINT('',(-0.375,0.71899998188,5.099999904633E-02));
#13036 = VECTOR('',#13037,1.);
#13037 = DIRECTION('',(-1.,0.,0.));
#13038 = PCURVE('',#12964,#13039);
#13039 = DEFINITIONAL_REPRESENTATION('',(#13040),#13044);
#13040 = LINE('',#13041,#13042);
#13041 = CARTESIAN_POINT('',(-1.403724373654E-02,0.113537244213));
#13042 = VECTOR('',#13043,1.);
#13043 = DIRECTION('',(0.,-1.));
#13044 = ( GEOMETRIC_REPRESENTATION_CONTEXT(2) 
PARAMETRIC_REPRESENTATION_CONTEXT() REPRESENTATION_CONTEXT('2D SPACE',''
  ) );
#13045 = PCURVE('',#13046,#13051);
#13046 = PLANE('',#13047);
#13047 = AXIS2_PLACEMENT_3D('',#13048,#13049,#13050);
#13048 = CARTESIAN_POINT('',(-0.547056809726,0.909443184075,
    5.099999904633E-02));
#13049 = DIRECTION('',(0.,0.,1.));
#13050 = DIRECTION('',(1.,0.,-0.));
#13051 = DEFINITIONAL_REPRESENTATION('',(#13052),#13055);
#13052 = B_SPLINE_CURVE_WITH_KNOTS('',1,(#13053,#13054),.UNSPECIFIED.,
  .F.,.F.,(2,2),(0.,0.25),.PIECEWISE_BEZIER_KNOTS.);
#13053 = CARTESIAN_POINT('',(0.172056809726,-0.190443202195));
#13054 = CARTESIAN_POINT('',(-7.794319027396E-02,-0.190443202195));
#13055 = ( GEOMETRIC_REPRESENTATION_CONTEXT(2) 
PARAMETRIC_REPRESENTATION_CONTEXT() REPRESENTATION_CONTEXT('2D SPACE',''
  ) );
#13056 = ORIENTED_EDGE('',*,*,#12941,.F.);
#13057 = ORIENTED_EDGE('',*,*,#13058,.T.);
#13058 = EDGE_CURVE('',#12942,#13031,#13059,.T.);
#13059 = SURFACE_CURVE('',#13060,(#13064,#13071),.PCURVE_S1.);
#13060 = LINE('',#13061,#13062);
#13061 = CARTESIAN_POINT('',(-0.375,0.71899998188,0.));
#13062 = VECTOR('',#13063,1.);
#13063 = DIRECTION('',(0.,0.,1.));
#13064 = PCURVE('',#12964,#13065);
#13065 = DEFINITIONAL_REPRESENTATION('',(#13066),#13070);
#13066 = LINE('',#13067,#13068);
#13067 = CARTESIAN_POINT('',(3.696275530979E-02,0.113537244213));
#13068 = VECTOR('',#13069,1.);
#13069 = DIRECTION('',(-1.,-1.623119555159E-61));
#13070 = ( GEOMETRIC_REPRESENTATION_CONTEXT(2) 
PARAMETRIC_REPRESENTATION_CONTEXT() REPRESENTATION_CONTEXT('2D SPACE',''
  ) );
#13071 = PCURVE('',#13072,#13077);
#13072 = PLANE('',#13073);
#13073 = AXIS2_PLACEMENT_3D('',#13074,#13075,#13076);
#13074 = CARTESIAN_POINT('',(-0.375,0.944432506304,1.343251202597E-02));
#13075 = DIRECTION('',(1.,1.468036155798E-31,1.153405393367E-30));
#13076 = DIRECTION('',(-1.153405393367E-30,0.,1.));
#13077 = DEFINITIONAL_REPRESENTATION('',(#13078),#13081);
#13078 = B_SPLINE_CURVE_WITH_KNOTS('',1,(#13079,#13080),.UNSPECIFIED.,
  .F.,.F.,(2,2),(0.,5.099999904633E-02),.PIECEWISE_BEZIER_KNOTS.);
#13079 = CARTESIAN_POINT('',(-1.343251202597E-02,0.225432524424));
#13080 = CARTESIAN_POINT('',(3.756748702035E-02,0.225432524424));
#13081 = ( GEOMETRIC_REPRESENTATION_CONTEXT(2) 
PARAMETRIC_REPRESENTATION_CONTEXT() REPRESENTATION_CONTEXT('2D SPACE',''
  ) );
#13082 = ADVANCED_FACE('',(#13083),#13072,.T.);
#13083 = FACE_BOUND('',#13084,.T.);
#13084 = EDGE_LOOP('',(#13085,#13112,#13113));
#13085 = ORIENTED_EDGE('',*,*,#13086,.T.);
#13086 = EDGE_CURVE('',#13087,#13031,#13089,.T.);
#13087 = VERTEX_POINT('',#13088);
#13088 = CARTESIAN_POINT('',(-0.375,1.194000005722,0.));
#13089 = SURFACE_CURVE('',#13090,(#13094,#13101),.PCURVE_S1.);
#13090 = LINE('',#13091,#13092);
#13091 = CARTESIAN_POINT('',(-0.375,1.194000005722,0.));
#13092 = VECTOR('',#13093,1.);
#13093 = DIRECTION('',(0.,-0.994285373242,0.106754843246));
#13094 = PCURVE('',#13072,#13095);
#13095 = DEFINITIONAL_REPRESENTATION('',(#13096),#13100);
#13096 = LINE('',#13097,#13098);
#13097 = CARTESIAN_POINT('',(-1.343251202597E-02,-0.249567499418));
#13098 = VECTOR('',#13099,1.);
#13099 = DIRECTION('',(0.106754843246,0.994285373242));
#13100 = ( GEOMETRIC_REPRESENTATION_CONTEXT(2) 
PARAMETRIC_REPRESENTATION_CONTEXT() REPRESENTATION_CONTEXT('2D SPACE',''
  ) );
#13101 = PCURVE('',#13102,#13107);
#13102 = PLANE('',#13103);
#13103 = AXIS2_PLACEMENT_3D('',#13104,#13105,#13106);
#13104 = CARTESIAN_POINT('',(-0.375,0.968567481298,3.756748702035E-02));
#13105 = DIRECTION('',(1.,2.331408646628E-31,1.819083401881E-30));
#13106 = DIRECTION('',(-1.819083401881E-30,0.,1.));
#13107 = DEFINITIONAL_REPRESENTATION('',(#13108),#13111);
#13108 = B_SPLINE_CURVE_WITH_KNOTS('',1,(#13109,#13110),.UNSPECIFIED.,
  .F.,.F.,(2,2),(0.,0.477730072899),.PIECEWISE_BEZIER_KNOTS.);
#13109 = CARTESIAN_POINT('',(-3.756748702035E-02,-0.225432524424));
#13110 = CARTESIAN_POINT('',(1.343251202597E-02,0.249567499418));
#13111 = ( GEOMETRIC_REPRESENTATION_CONTEXT(2) 
PARAMETRIC_REPRESENTATION_CONTEXT() REPRESENTATION_CONTEXT('2D SPACE',''
  ) );
#13112 = ORIENTED_EDGE('',*,*,#13058,.F.);
#13113 = ORIENTED_EDGE('',*,*,#13114,.T.);
#13114 = EDGE_CURVE('',#12942,#13087,#13115,.T.);
#13115 = SURFACE_CURVE('',#13116,(#13120,#13127),.PCURVE_S1.);
#13116 = LINE('',#13117,#13118);
#13117 = CARTESIAN_POINT('',(-0.375,0.71899998188,0.));
#13118 = VECTOR('',#13119,1.);
#13119 = DIRECTION('',(0.,1.,0.));
#13120 = PCURVE('',#13072,#13121);
#13121 = DEFINITIONAL_REPRESENTATION('',(#13122),#13126);
#13122 = LINE('',#13123,#13124);
#13123 = CARTESIAN_POINT('',(-1.343251202597E-02,0.225432524424));
#13124 = VECTOR('',#13125,1.);
#13125 = DIRECTION('',(0.,-1.));
#13126 = ( GEOMETRIC_REPRESENTATION_CONTEXT(2) 
PARAMETRIC_REPRESENTATION_CONTEXT() REPRESENTATION_CONTEXT('2D SPACE',''
  ) );
#13127 = PCURVE('',#13016,#13128);
#13128 = DEFINITIONAL_REPRESENTATION('',(#13129),#13132);
#13129 = B_SPLINE_CURVE_WITH_KNOTS('',1,(#13130,#13131),.UNSPECIFIED.,
  .F.,.F.,(2,2),(0.,0.475000023842),.PIECEWISE_BEZIER_KNOTS.);
#13130 = CARTESIAN_POINT('',(-7.794319027396E-02,-0.190443202195));
#13131 = CARTESIAN_POINT('',(-7.794319027396E-02,0.284556821647));
#13132 = ( GEOMETRIC_REPRESENTATION_CONTEXT(2) 
PARAMETRIC_REPRESENTATION_CONTEXT() REPRESENTATION_CONTEXT('2D SPACE',''
  ) );
#13133 = ADVANCED_FACE('',(#13134),#13102,.T.);
#13134 = FACE_BOUND('',#13135,.T.);
#13135 = EDGE_LOOP('',(#13136,#13163,#13164));
#13136 = ORIENTED_EDGE('',*,*,#13137,.T.);
#13137 = EDGE_CURVE('',#13138,#13031,#13140,.T.);
#13138 = VERTEX_POINT('',#13139);
#13139 = CARTESIAN_POINT('',(-0.375,1.194000005722,5.099999904633E-02));
#13140 = SURFACE_CURVE('',#13141,(#13145,#13152),.PCURVE_S1.);
#13141 = LINE('',#13142,#13143);
#13142 = CARTESIAN_POINT('',(-0.375,1.194000005722,5.099999904633E-02));
#13143 = VECTOR('',#13144,1.);
#13144 = DIRECTION('',(0.,-1.,0.));
#13145 = PCURVE('',#13102,#13146);
#13146 = DEFINITIONAL_REPRESENTATION('',(#13147),#13151);
#13147 = LINE('',#13148,#13149);
#13148 = CARTESIAN_POINT('',(1.343251202597E-02,-0.225432524424));
#13149 = VECTOR('',#13150,1.);
#13150 = DIRECTION('',(0.,1.));
#13151 = ( GEOMETRIC_REPRESENTATION_CONTEXT(2) 
PARAMETRIC_REPRESENTATION_CONTEXT() REPRESENTATION_CONTEXT('2D SPACE',''
  ) );
#13152 = PCURVE('',#13153,#13158);
#13153 = PLANE('',#13154);
#13154 = AXIS2_PLACEMENT_3D('',#13155,#13156,#13157);
#13155 = CARTESIAN_POINT('',(-0.452943190274,1.003556803527,
    5.099999904633E-02));
#13156 = DIRECTION('',(0.,0.,1.));
#13157 = DIRECTION('',(1.,0.,-0.));
#13158 = DEFINITIONAL_REPRESENTATION('',(#13159),#13162);
#13159 = B_SPLINE_CURVE_WITH_KNOTS('',1,(#13160,#13161),.UNSPECIFIED.,
  .F.,.F.,(2,2),(0.,0.475000023842),.PIECEWISE_BEZIER_KNOTS.);
#13160 = CARTESIAN_POINT('',(7.794319027396E-02,0.190443202195));
#13161 = CARTESIAN_POINT('',(7.794319027396E-02,-0.284556821647));
#13162 = ( GEOMETRIC_REPRESENTATION_CONTEXT(2) 
PARAMETRIC_REPRESENTATION_CONTEXT() REPRESENTATION_CONTEXT('2D SPACE',''
  ) );
#13163 = ORIENTED_EDGE('',*,*,#13086,.F.);
#13164 = ORIENTED_EDGE('',*,*,#13165,.T.);
#13165 = EDGE_CURVE('',#13087,#13138,#13166,.T.);
#13166 = SURFACE_CURVE('',#13167,(#13171,#13178),.PCURVE_S1.);
#13167 = LINE('',#13168,#13169);
#13168 = CARTESIAN_POINT('',(-0.375,1.194000005722,0.));
#13169 = VECTOR('',#13170,1.);
#13170 = DIRECTION('',(0.,0.,1.));
#13171 = PCURVE('',#13102,#13172);
#13172 = DEFINITIONAL_REPRESENTATION('',(#13173),#13177);
#13173 = LINE('',#13174,#13175);
#13174 = CARTESIAN_POINT('',(-3.756748702035E-02,-0.225432524424));
#13175 = VECTOR('',#13176,1.);
#13176 = DIRECTION('',(1.,4.241026772083E-61));
#13177 = ( GEOMETRIC_REPRESENTATION_CONTEXT(2) 
PARAMETRIC_REPRESENTATION_CONTEXT() REPRESENTATION_CONTEXT('2D SPACE',''
  ) );
#13178 = PCURVE('',#13179,#13184);
#13179 = PLANE('',#13180);
#13180 = AXIS2_PLACEMENT_3D('',#13181,#13182,#13183);
#13181 = CARTESIAN_POINT('',(-0.488537244213,1.194000005722,
    1.403724373654E-02));
#13182 = DIRECTION('',(-1.846105881252E-31,1.,9.076482505132E-31));
#13183 = DIRECTION('',(0.,-9.076482505132E-31,1.));
#13184 = DEFINITIONAL_REPRESENTATION('',(#13185),#13188);
#13185 = B_SPLINE_CURVE_WITH_KNOTS('',1,(#13186,#13187),.UNSPECIFIED.,
  .F.,.F.,(2,2),(0.,5.099999904633E-02),.PIECEWISE_BEZIER_KNOTS.);
#13186 = CARTESIAN_POINT('',(-1.403724373654E-02,0.113537244213));
#13187 = CARTESIAN_POINT('',(3.696275530979E-02,0.113537244213));
#13188 = ( GEOMETRIC_REPRESENTATION_CONTEXT(2) 
PARAMETRIC_REPRESENTATION_CONTEXT() REPRESENTATION_CONTEXT('2D SPACE',''
  ) );
#13189 = ADVANCED_FACE('',(#13190),#13179,.T.);
#13190 = FACE_BOUND('',#13191,.T.);
#13191 = EDGE_LOOP('',(#13192,#13219,#13220));
#13192 = ORIENTED_EDGE('',*,*,#13193,.T.);
#13193 = EDGE_CURVE('',#13194,#13138,#13196,.T.);
#13194 = VERTEX_POINT('',#13195);
#13195 = CARTESIAN_POINT('',(-0.625,1.194000005722,0.));
#13196 = SURFACE_CURVE('',#13197,(#13201,#13208),.PCURVE_S1.);
#13197 = LINE('',#13198,#13199);
#13198 = CARTESIAN_POINT('',(-0.625,1.194000005722,0.));
#13199 = VECTOR('',#13200,1.);
#13200 = DIRECTION('',(0.979819727351,0.,0.199883220642));
#13201 = PCURVE('',#13179,#13202);
#13202 = DEFINITIONAL_REPRESENTATION('',(#13203),#13207);
#13203 = LINE('',#13204,#13205);
#13204 = CARTESIAN_POINT('',(-1.403724373654E-02,-0.136462755787));
#13205 = VECTOR('',#13206,1.);
#13206 = DIRECTION('',(0.199883220642,0.979819727351));
#13207 = ( GEOMETRIC_REPRESENTATION_CONTEXT(2) 
PARAMETRIC_REPRESENTATION_CONTEXT() REPRESENTATION_CONTEXT('2D SPACE',''
  ) );
#13208 = PCURVE('',#13209,#13214);
#13209 = PLANE('',#13210);
#13210 = AXIS2_PLACEMENT_3D('',#13211,#13212,#13213);
#13211 = CARTESIAN_POINT('',(-0.511462755787,1.194000005722,
    3.696275530979E-02));
#13212 = DIRECTION('',(-2.264661241986E-31,1.,2.866865074681E-30));
#13213 = DIRECTION('',(0.,-2.866865074681E-30,1.));
#13214 = DEFINITIONAL_REPRESENTATION('',(#13215),#13218);
#13215 = B_SPLINE_CURVE_WITH_KNOTS('',1,(#13216,#13217),.UNSPECIFIED.,
  .F.,.F.,(2,2),(0.,0.2551489759),.PIECEWISE_BEZIER_KNOTS.);
#13216 = CARTESIAN_POINT('',(-3.696275530979E-02,-0.113537244213));
#13217 = CARTESIAN_POINT('',(1.403724373654E-02,0.136462755787));
#13218 = ( GEOMETRIC_REPRESENTATION_CONTEXT(2) 
PARAMETRIC_REPRESENTATION_CONTEXT() REPRESENTATION_CONTEXT('2D SPACE',''
  ) );
#13219 = ORIENTED_EDGE('',*,*,#13165,.F.);
#13220 = ORIENTED_EDGE('',*,*,#13221,.T.);
#13221 = EDGE_CURVE('',#13087,#13194,#13222,.T.);
#13222 = SURFACE_CURVE('',#13223,(#13227,#13234),.PCURVE_S1.);
#13223 = LINE('',#13224,#13225);
#13224 = CARTESIAN_POINT('',(-0.375,1.194000005722,0.));
#13225 = VECTOR('',#13226,1.);
#13226 = DIRECTION('',(-1.,0.,0.));
#13227 = PCURVE('',#13179,#13228);
#13228 = DEFINITIONAL_REPRESENTATION('',(#13229),#13233);
#13229 = LINE('',#13230,#13231);
#13230 = CARTESIAN_POINT('',(-1.403724373654E-02,0.113537244213));
#13231 = VECTOR('',#13232,1.);
#13232 = DIRECTION('',(0.,-1.));
#13233 = ( GEOMETRIC_REPRESENTATION_CONTEXT(2) 
PARAMETRIC_REPRESENTATION_CONTEXT() REPRESENTATION_CONTEXT('2D SPACE',''
  ) );
#13234 = PCURVE('',#13235,#13240);
#13235 = PLANE('',#13236);
#13236 = AXIS2_PLACEMENT_3D('',#13237,#13238,#13239);
#13237 = CARTESIAN_POINT('',(-0.547056809726,1.003556803527,0.));
#13238 = DIRECTION('',(-0.,-0.,-1.));
#13239 = DIRECTION('',(-1.,0.,0.));
#13240 = DEFINITIONAL_REPRESENTATION('',(#13241),#13244);
#13241 = B_SPLINE_CURVE_WITH_KNOTS('',1,(#13242,#13243),.UNSPECIFIED.,
  .F.,.F.,(2,2),(0.,0.25),.PIECEWISE_BEZIER_KNOTS.);
#13242 = CARTESIAN_POINT('',(-0.172056809726,0.190443202195));
#13243 = CARTESIAN_POINT('',(7.794319027396E-02,0.190443202195));
#13244 = ( GEOMETRIC_REPRESENTATION_CONTEXT(2) 
PARAMETRIC_REPRESENTATION_CONTEXT() REPRESENTATION_CONTEXT('2D SPACE',''
  ) );
#13245 = ADVANCED_FACE('',(#13246),#13209,.T.);
#13246 = FACE_BOUND('',#13247,.T.);
#13247 = EDGE_LOOP('',(#13248,#13270,#13271));
#13248 = ORIENTED_EDGE('',*,*,#13249,.T.);
#13249 = EDGE_CURVE('',#13250,#13138,#13252,.T.);
#13250 = VERTEX_POINT('',#13251);
#13251 = CARTESIAN_POINT('',(-0.625,1.194000005722,5.099999904633E-02));
#13252 = SURFACE_CURVE('',#13253,(#13257,#13264),.PCURVE_S1.);
#13253 = LINE('',#13254,#13255);
#13254 = CARTESIAN_POINT('',(-0.625,1.194000005722,5.099999904633E-02));
#13255 = VECTOR('',#13256,1.);
#13256 = DIRECTION('',(1.,0.,0.));
#13257 = PCURVE('',#13209,#13258);
#13258 = DEFINITIONAL_REPRESENTATION('',(#13259),#13263);
#13259 = LINE('',#13260,#13261);
#13260 = CARTESIAN_POINT('',(1.403724373654E-02,-0.113537244213));
#13261 = VECTOR('',#13262,1.);
#13262 = DIRECTION('',(0.,1.));
#13263 = ( GEOMETRIC_REPRESENTATION_CONTEXT(2) 
PARAMETRIC_REPRESENTATION_CONTEXT() REPRESENTATION_CONTEXT('2D SPACE',''
  ) );
#13264 = PCURVE('',#13153,#13265);
#13265 = DEFINITIONAL_REPRESENTATION('',(#13266),#13269);
#13266 = B_SPLINE_CURVE_WITH_KNOTS('',1,(#13267,#13268),.UNSPECIFIED.,
  .F.,.F.,(2,2),(0.,0.25),.PIECEWISE_BEZIER_KNOTS.);
#13267 = CARTESIAN_POINT('',(-0.172056809726,0.190443202195));
#13268 = CARTESIAN_POINT('',(7.794319027396E-02,0.190443202195));
#13269 = ( GEOMETRIC_REPRESENTATION_CONTEXT(2) 
PARAMETRIC_REPRESENTATION_CONTEXT() REPRESENTATION_CONTEXT('2D SPACE',''
  ) );
#13270 = ORIENTED_EDGE('',*,*,#13193,.F.);
#13271 = ORIENTED_EDGE('',*,*,#13272,.T.);
#13272 = EDGE_CURVE('',#13194,#13250,#13273,.T.);
#13273 = SURFACE_CURVE('',#13274,(#13278,#13285),.PCURVE_S1.);
#13274 = LINE('',#13275,#13276);
#13275 = CARTESIAN_POINT('',(-0.625,1.194000005722,0.));
#13276 = VECTOR('',#13277,1.);
#13277 = DIRECTION('',(0.,0.,1.));
#13278 = PCURVE('',#13209,#13279);
#13279 = DEFINITIONAL_REPRESENTATION('',(#13280),#13284);
#13280 = LINE('',#13281,#13282);
#13281 = CARTESIAN_POINT('',(-3.696275530979E-02,-0.113537244213));
#13282 = VECTOR('',#13283,1.);
#13283 = DIRECTION('',(1.,6.492478220635E-61));
#13284 = ( GEOMETRIC_REPRESENTATION_CONTEXT(2) 
PARAMETRIC_REPRESENTATION_CONTEXT() REPRESENTATION_CONTEXT('2D SPACE',''
  ) );
#13285 = PCURVE('',#13286,#13291);
#13286 = PLANE('',#13287);
#13287 = AXIS2_PLACEMENT_3D('',#13288,#13289,#13290);
#13288 = CARTESIAN_POINT('',(-0.625,0.968567481298,1.343251202597E-02));
#13289 = DIRECTION('',(-1.,-0.,-0.));
#13290 = DIRECTION('',(0.,0.,-1.));
#13291 = DEFINITIONAL_REPRESENTATION('',(#13292),#13295);
#13292 = B_SPLINE_CURVE_WITH_KNOTS('',1,(#13293,#13294),.UNSPECIFIED.,
  .F.,.F.,(2,2),(0.,5.099999904633E-02),.PIECEWISE_BEZIER_KNOTS.);
#13293 = CARTESIAN_POINT('',(1.343251202597E-02,-0.225432524424));
#13294 = CARTESIAN_POINT('',(-3.756748702035E-02,-0.225432524424));
#13295 = ( GEOMETRIC_REPRESENTATION_CONTEXT(2) 
PARAMETRIC_REPRESENTATION_CONTEXT() REPRESENTATION_CONTEXT('2D SPACE',''
  ) );
#13296 = ADVANCED_FACE('',(#13297),#13286,.T.);
#13297 = FACE_BOUND('',#13298,.T.);
#13298 = EDGE_LOOP('',(#13299,#13319,#13320));
#13299 = ORIENTED_EDGE('',*,*,#13300,.T.);
#13300 = EDGE_CURVE('',#12976,#13250,#13301,.T.);
#13301 = SURFACE_CURVE('',#13302,(#13306,#13313),.PCURVE_S1.);
#13302 = LINE('',#13303,#13304);
#13303 = CARTESIAN_POINT('',(-0.625,0.71899998188,0.));
#13304 = VECTOR('',#13305,1.);
#13305 = DIRECTION('',(0.,0.994285373242,0.106754843246));
#13306 = PCURVE('',#13286,#13307);
#13307 = DEFINITIONAL_REPRESENTATION('',(#13308),#13312);
#13308 = LINE('',#13309,#13310);
#13309 = CARTESIAN_POINT('',(1.343251202597E-02,0.249567499418));
#13310 = VECTOR('',#13311,1.);
#13311 = DIRECTION('',(-0.106754843246,-0.994285373242));
#13312 = ( GEOMETRIC_REPRESENTATION_CONTEXT(2) 
PARAMETRIC_REPRESENTATION_CONTEXT() REPRESENTATION_CONTEXT('2D SPACE',''
  ) );
#13313 = PCURVE('',#12991,#13314);
#13314 = DEFINITIONAL_REPRESENTATION('',(#13315),#13318);
#13315 = B_SPLINE_CURVE_WITH_KNOTS('',1,(#13316,#13317),.UNSPECIFIED.,
  .F.,.F.,(2,2),(0.,0.477730072899),.PIECEWISE_BEZIER_KNOTS.);
#13316 = CARTESIAN_POINT('',(3.756748702035E-02,0.225432524424));
#13317 = CARTESIAN_POINT('',(-1.343251202597E-02,-0.249567499418));
#13318 = ( GEOMETRIC_REPRESENTATION_CONTEXT(2) 
PARAMETRIC_REPRESENTATION_CONTEXT() REPRESENTATION_CONTEXT('2D SPACE',''
  ) );
#13319 = ORIENTED_EDGE('',*,*,#13272,.F.);
#13320 = ORIENTED_EDGE('',*,*,#13321,.T.);
#13321 = EDGE_CURVE('',#13194,#12976,#13322,.T.);
#13322 = SURFACE_CURVE('',#13323,(#13327,#13334),.PCURVE_S1.);
#13323 = LINE('',#13324,#13325);
#13324 = CARTESIAN_POINT('',(-0.625,1.194000005722,0.));
#13325 = VECTOR('',#13326,1.);
#13326 = DIRECTION('',(0.,-1.,0.));
#13327 = PCURVE('',#13286,#13328);
#13328 = DEFINITIONAL_REPRESENTATION('',(#13329),#13333);
#13329 = LINE('',#13330,#13331);
#13330 = CARTESIAN_POINT('',(1.343251202597E-02,-0.225432524424));
#13331 = VECTOR('',#13332,1.);
#13332 = DIRECTION('',(0.,1.));
#13333 = ( GEOMETRIC_REPRESENTATION_CONTEXT(2) 
PARAMETRIC_REPRESENTATION_CONTEXT() REPRESENTATION_CONTEXT('2D SPACE',''
  ) );
#13334 = PCURVE('',#13235,#13335);
#13335 = DEFINITIONAL_REPRESENTATION('',(#13336),#13339);
#13336 = B_SPLINE_CURVE_WITH_KNOTS('',1,(#13337,#13338),.UNSPECIFIED.,
  .F.,.F.,(2,2),(0.,0.475000023842),.PIECEWISE_BEZIER_KNOTS.);
#13337 = CARTESIAN_POINT('',(7.794319027396E-02,0.190443202195));
#13338 = CARTESIAN_POINT('',(7.794319027396E-02,-0.284556821647));
#13339 = ( GEOMETRIC_REPRESENTATION_CONTEXT(2) 
PARAMETRIC_REPRESENTATION_CONTEXT() REPRESENTATION_CONTEXT('2D SPACE',''
  ) );
#13340 = ADVANCED_FACE('',(#13341),#12991,.T.);
#13341 = FACE_BOUND('',#13342,.T.);
#13342 = EDGE_LOOP('',(#13343,#13363,#13364));
#13343 = ORIENTED_EDGE('',*,*,#13344,.T.);
#13344 = EDGE_CURVE('',#12944,#13250,#13345,.T.);
#13345 = SURFACE_CURVE('',#13346,(#13350,#13357),.PCURVE_S1.);
#13346 = LINE('',#13347,#13348);
#13347 = CARTESIAN_POINT('',(-0.625,0.71899998188,5.099999904633E-02));
#13348 = VECTOR('',#13349,1.);
#13349 = DIRECTION('',(0.,1.,0.));
#13350 = PCURVE('',#12991,#13351);
#13351 = DEFINITIONAL_REPRESENTATION('',(#13352),#13356);
#13352 = LINE('',#13353,#13354);
#13353 = CARTESIAN_POINT('',(-1.343251202597E-02,0.225432524424));
#13354 = VECTOR('',#13355,1.);
#13355 = DIRECTION('',(0.,-1.));
#13356 = ( GEOMETRIC_REPRESENTATION_CONTEXT(2) 
PARAMETRIC_REPRESENTATION_CONTEXT() REPRESENTATION_CONTEXT('2D SPACE',''
  ) );
#13357 = PCURVE('',#13046,#13358);
#13358 = DEFINITIONAL_REPRESENTATION('',(#13359),#13362);
#13359 = B_SPLINE_CURVE_WITH_KNOTS('',1,(#13360,#13361),.UNSPECIFIED.,
  .F.,.F.,(2,2),(0.,0.475000023842),.PIECEWISE_BEZIER_KNOTS.);
#13360 = CARTESIAN_POINT('',(-7.794319027396E-02,-0.190443202195));
#13361 = CARTESIAN_POINT('',(-7.794319027396E-02,0.284556821647));
#13362 = ( GEOMETRIC_REPRESENTATION_CONTEXT(2) 
PARAMETRIC_REPRESENTATION_CONTEXT() REPRESENTATION_CONTEXT('2D SPACE',''
  ) );
#13363 = ORIENTED_EDGE('',*,*,#13300,.F.);
#13364 = ORIENTED_EDGE('',*,*,#12975,.F.);
#13365 = ADVANCED_FACE('',(#13366),#13016,.T.);
#13366 = FACE_BOUND('',#13367,.T.);
#13367 = EDGE_LOOP('',(#13368,#13388,#13389));
#13368 = ORIENTED_EDGE('',*,*,#13369,.T.);
#13369 = EDGE_CURVE('',#12976,#13087,#13370,.T.);
#13370 = SURFACE_CURVE('',#13371,(#13375,#13382),.PCURVE_S1.);
#13371 = LINE('',#13372,#13373);
#13372 = CARTESIAN_POINT('',(-0.625,0.71899998188,0.));
#13373 = VECTOR('',#13374,1.);
#13374 = DIRECTION('',(0.465746414526,0.884918232017,0.));
#13375 = PCURVE('',#13016,#13376);
#13376 = DEFINITIONAL_REPRESENTATION('',(#13377),#13381);
#13377 = LINE('',#13378,#13379);
#13378 = CARTESIAN_POINT('',(0.172056809726,-0.190443202195));
#13379 = VECTOR('',#13380,1.);
#13380 = DIRECTION('',(-0.465746414526,0.884918232017));
#13381 = ( GEOMETRIC_REPRESENTATION_CONTEXT(2) 
PARAMETRIC_REPRESENTATION_CONTEXT() REPRESENTATION_CONTEXT('2D SPACE',''
  ) );
#13382 = PCURVE('',#13235,#13383);
#13383 = DEFINITIONAL_REPRESENTATION('',(#13384),#13387);
#13384 = B_SPLINE_CURVE_WITH_KNOTS('',1,(#13385,#13386),.UNSPECIFIED.,
  .F.,.F.,(2,2),(0.,0.536772784938),.PIECEWISE_BEZIER_KNOTS.);
#13385 = CARTESIAN_POINT('',(7.794319027396E-02,-0.284556821647));
#13386 = CARTESIAN_POINT('',(-0.172056809726,0.190443202195));
#13387 = ( GEOMETRIC_REPRESENTATION_CONTEXT(2) 
PARAMETRIC_REPRESENTATION_CONTEXT() REPRESENTATION_CONTEXT('2D SPACE',''
  ) );
#13388 = ORIENTED_EDGE('',*,*,#13114,.F.);
#13389 = ORIENTED_EDGE('',*,*,#13002,.F.);
#13390 = ADVANCED_FACE('',(#13391),#13235,.T.);
#13391 = FACE_BOUND('',#13392,.T.);
#13392 = EDGE_LOOP('',(#13393,#13394,#13395));
#13393 = ORIENTED_EDGE('',*,*,#13221,.F.);
#13394 = ORIENTED_EDGE('',*,*,#13369,.F.);
#13395 = ORIENTED_EDGE('',*,*,#13321,.F.);
#13396 = ADVANCED_FACE('',(#13397),#13046,.T.);
#13397 = FACE_BOUND('',#13398,.T.);
#13398 = EDGE_LOOP('',(#13399,#13419,#13420));
#13399 = ORIENTED_EDGE('',*,*,#13400,.T.);
#13400 = EDGE_CURVE('',#13031,#13250,#13401,.T.);
#13401 = SURFACE_CURVE('',#13402,(#13406,#13413),.PCURVE_S1.);
#13402 = LINE('',#13403,#13404);
#13403 = CARTESIAN_POINT('',(-0.375,0.71899998188,5.099999904633E-02));
#13404 = VECTOR('',#13405,1.);
#13405 = DIRECTION('',(-0.465746414526,0.884918232017,0.));
#13406 = PCURVE('',#13046,#13407);
#13407 = DEFINITIONAL_REPRESENTATION('',(#13408),#13412);
#13408 = LINE('',#13409,#13410);
#13409 = CARTESIAN_POINT('',(0.172056809726,-0.190443202195));
#13410 = VECTOR('',#13411,1.);
#13411 = DIRECTION('',(-0.465746414526,0.884918232017));
#13412 = ( GEOMETRIC_REPRESENTATION_CONTEXT(2) 
PARAMETRIC_REPRESENTATION_CONTEXT() REPRESENTATION_CONTEXT('2D SPACE',''
  ) );
#13413 = PCURVE('',#13153,#13414);
#13414 = DEFINITIONAL_REPRESENTATION('',(#13415),#13418);
#13415 = B_SPLINE_CURVE_WITH_KNOTS('',1,(#13416,#13417),.UNSPECIFIED.,
  .F.,.F.,(2,2),(0.,0.536772784938),.PIECEWISE_BEZIER_KNOTS.);
#13416 = CARTESIAN_POINT('',(7.794319027396E-02,-0.284556821647));
#13417 = CARTESIAN_POINT('',(-0.172056809726,0.190443202195));
#13418 = ( GEOMETRIC_REPRESENTATION_CONTEXT(2) 
PARAMETRIC_REPRESENTATION_CONTEXT() REPRESENTATION_CONTEXT('2D SPACE',''
  ) );
#13419 = ORIENTED_EDGE('',*,*,#13344,.F.);
#13420 = ORIENTED_EDGE('',*,*,#13030,.F.);
#13421 = ADVANCED_FACE('',(#13422),#13153,.T.);
#13422 = FACE_BOUND('',#13423,.T.);
#13423 = EDGE_LOOP('',(#13424,#13425,#13426));
#13424 = ORIENTED_EDGE('',*,*,#13249,.F.);
#13425 = ORIENTED_EDGE('',*,*,#13400,.F.);
#13426 = ORIENTED_EDGE('',*,*,#13137,.F.);
#13427 = ( GEOMETRIC_REPRESENTATION_CONTEXT(3) 
GLOBAL_UNCERTAINTY_ASSIGNED_CONTEXT((#13431)) 
GLOBAL_UNIT_ASSIGNED_CONTEXT((#13428,#13429,#13430)) 
REPRESENTATION_CONTEXT('Context #1',
  '3D Context with UNIT and UNCERTAINTY') );
#13428 = ( LENGTH_UNIT() NAMED_UNIT(*) SI_UNIT(.MILLI.,.METRE.) );
#13429 = ( NAMED_UNIT(*) PLANE_ANGLE_UNIT() SI_UNIT($,.RADIAN.) );
#13430 = ( NAMED_UNIT(*) SI_UNIT($,.STERADIAN.) SOLID_ANGLE_UNIT() );
#13431 = UNCERTAINTY_MEASURE_WITH_UNIT(LENGTH_MEASURE(1.E-07),#13428,
  'distance_accuracy_value','confusion accuracy');
#13432 = SHAPE_DEFINITION_REPRESENTATION(#13433,#12934);
#13433 = PRODUCT_DEFINITION_SHAPE('','',#13434);
#13434 = PRODUCT_DEFINITION('design','',#13435,#13438);
#13435 = PRODUCT_DEFINITION_FORMATION('','',#13436);
#13436 = PRODUCT(' STEP translator 7.5 1.16',
  ' STEP translator 7.5 1.16','',(#13437));
#13437 = PRODUCT_CONTEXT('',#2,'mechanical');
#13438 = PRODUCT_DEFINITION_CONTEXT('part definition',#2,'design');
#13439 = CONTEXT_DEPENDENT_SHAPE_REPRESENTATION(#13440,#13442);
#13440 = ( REPRESENTATION_RELATIONSHIP('','',#12934,#10) 
REPRESENTATION_RELATIONSHIP_WITH_TRANSFORMATION(#13441) 
SHAPE_REPRESENTATION_RELATIONSHIP() );
#13441 = ITEM_DEFINED_TRANSFORMATION('','',#11,#75);
#13442 = PRODUCT_DEFINITION_SHAPE('Placement','Placement of an item',
  #13443);
#13443 = NEXT_ASSEMBLY_USAGE_OCCURRENCE('16','','',#5,#13434,$);
#13444 = PRODUCT_RELATED_PRODUCT_CATEGORY('part',$,(#13436));
ENDSEC;
END-ISO-10303-21;
